temperature,ordered_probability,amorphous_probability
0.85,0.963729,0.036271
0.85,0.999789,0.000211
0.85,0.999989,1.1e-05
0.85,0.99975,0.00025
0.85,0.998161,0.001839
0.85,0.999616,0.000384
0.85,0.999945,5.5e-05
0.85,0.977003,0.022997
0.85,0.999898,0.000102
0.85,0.999986,1.4e-05
0.85,0.999168,0.000832
0.85,0.999361,0.000639
0.85,0.997548,0.002452
0.85,0.999959,4.1e-05
0.85,0.999959,4.1e-05
0.85,0.998468,0.001532
0.85,0.994315,0.005685
0.85,0.999976,2.4e-05
0.85,0.999989,1.1e-05
0.85,0.999984,1.6e-05
0.85,0.99999,1e-05
0.85,0.999381,0.000619
0.85,0.999777,0.000223
0.85,0.958938,0.041062
0.85,0.99999,1e-05
0.85,0.960049,0.039951
0.85,0.999931,6.9e-05
0.85,0.999704,0.000296
0.85,0.997824,0.002176
0.85,0.998799,0.001201
0.85,0.997803,0.002197
0.85,0.904749,0.095251
0.85,0.998614,0.001386
0.85,0.999982,1.8e-05
0.85,0.999988,1.2e-05
0.85,0.999983,1.7e-05
0.85,0.996913,0.003087
0.85,0.999958,4.2e-05
0.85,0.999984,1.6e-05
0.85,0.993269,0.006731
0.85,0.996779,0.003221
0.85,0.999987,1.3e-05
0.85,0.999989,1.1e-05
0.85,0.997604,0.002396
0.85,0.999953,4.7e-05
0.85,0.999965,3.5e-05
0.85,0.999986,1.4e-05
0.85,0.915112,0.084889
0.85,0.999141,0.000859
0.85,0.998997,0.001003
0.85,0.999987,1.3e-05
0.85,0.999018,0.000982
0.85,0.999826,0.000174
0.85,0.999979,2.1e-05
0.85,0.997982,0.002018
0.85,0.99999,1e-05
0.85,0.999412,0.000588
0.85,0.999981,1.9e-05
0.85,0.99922,0.00078
0.85,0.999858,0.000142
0.85,0.989869,0.010131
0.85,0.999743,0.000257
0.85,0.999964,3.6e-05
0.85,0.999959,4.1e-05
0.85,0.999972,2.8e-05
0.85,0.999721,0.000279
0.85,0.999967,3.2e-05
0.85,0.999964,3.6e-05
0.85,0.999986,1.4e-05
0.85,0.997878,0.002122
0.85,0.99999,1e-05
0.85,0.999881,0.000119
0.85,0.999286,0.000714
0.85,0.999886,0.000114
0.85,0.999784,0.000216
0.85,0.999882,0.000118
0.85,0.994171,0.005829
0.85,0.997746,0.002254
0.85,0.999957,4.3e-05
0.85,0.999981,1.9e-05
0.85,0.999976,2.4e-05
0.85,0.999888,0.000112
0.85,0.999889,0.000111
0.85,0.999989,1.1e-05
0.85,0.999987,1.3e-05
0.85,0.999991,9e-06
0.85,0.990412,0.009588
0.85,0.999152,0.000848
0.85,0.999285,0.000715
0.85,0.994221,0.005779
0.85,0.999702,0.000298
0.85,0.999989,1.1e-05
0.85,0.999954,4.6e-05
0.85,0.999189,0.000811
0.85,0.999408,0.000592
0.85,0.999985,1.5e-05
0.85,0.999989,1.1e-05
0.85,0.998283,0.001717
0.85,0.999972,2.8e-05
0.85,0.999952,4.8e-05
0.856,0.999942,5.8e-05
0.856,0.999942,5.8e-05
0.856,0.999985,1.5e-05
0.856,0.999987,1.3e-05
0.856,0.999962,3.8e-05
0.856,0.999954,4.6e-05
0.856,0.99991,9e-05
0.856,0.998714,0.001286
0.856,0.999537,0.000463
0.856,0.999981,1.9e-05
0.856,0.999966,3.4e-05
0.856,0.999985,1.5e-05
0.856,0.999991,9e-06
0.856,0.999972,2.8e-05
0.856,0.999989,1.1e-05
0.856,0.999978,2.2e-05
0.856,0.999804,0.000196
0.856,0.999192,0.000808
0.856,0.999876,0.000124
0.856,0.987054,0.012946
0.856,0.999442,0.000558
0.856,0.999988,1.2e-05
0.856,0.999968,3.1e-05
0.856,0.999451,0.000549
0.856,0.997986,0.002014
0.856,0.999981,1.9e-05
0.856,0.999759,0.000241
0.856,0.999489,0.000511
0.856,0.999976,2.4e-05
0.856,0.998106,0.001894
0.856,0.999976,2.4e-05
0.856,0.999825,0.000175
0.856,0.999866,0.000133
0.856,0.999902,9.8e-05
0.856,0.999811,0.000189
0.856,0.998462,0.001538
0.856,0.975838,0.024162
0.856,0.999941,5.9e-05
0.856,0.999959,4.1e-05
0.856,0.999949,5.1e-05
0.856,0.999454,0.000546
0.856,0.99988,0.00012
0.856,0.999741,0.000259
0.856,0.999763,0.000237
0.856,0.997812,0.002188
0.856,0.999243,0.000757
0.856,0.999984,1.6e-05
0.856,0.999895,0.000105
0.856,0.999981,1.9e-05
0.856,0.999936,6.5e-05
0.856,0.999791,0.000209
0.856,0.998011,0.001989
0.856,0.9999,1e-04
0.856,0.999554,0.000446
0.856,0.999724,0.000276
0.856,0.999901,9.9e-05
0.856,0.999891,0.000109
0.856,0.999516,0.000484
0.856,0.999978,2.2e-05
0.856,0.999468,0.000531
0.856,0.99996,4e-05
0.856,0.999988,1.2e-05
0.856,0.99999,1e-05
0.856,0.999976,2.4e-05
0.856,0.998791,0.001209
0.856,0.999257,0.000743
0.856,0.983616,0.016384
0.856,0.999535,0.000465
0.856,0.99996,4e-05
0.856,0.999579,0.000421
0.856,0.999349,0.000651
0.856,0.998873,0.001127
0.856,0.999752,0.000248
0.856,0.998574,0.001425
0.856,0.999985,1.5e-05
0.856,0.999781,0.000219
0.856,0.999989,1.1e-05
0.856,0.999507,0.000493
0.856,0.999988,1.2e-05
0.856,0.999851,0.000149
0.856,0.999535,0.000465
0.856,0.99999,1e-05
0.856,0.999978,2.2e-05
0.856,0.995551,0.004449
0.856,0.999953,4.7e-05
0.856,0.998293,0.001707
0.856,0.999964,3.6e-05
0.856,0.999971,2.9e-05
0.856,0.971726,0.028274
0.856,0.941245,0.058755
0.856,0.999953,4.7e-05
0.856,0.999826,0.000175
0.856,0.99995,5e-05
0.856,0.999591,0.000409
0.856,0.999917,8.3e-05
0.856,0.99999,1e-05
0.856,0.999973,2.7e-05
0.856,0.999986,1.4e-05
0.856,0.999987,1.3e-05
0.856,0.999956,4.4e-05
0.862,0.999986,1.4e-05
0.862,0.999987,1.3e-05
0.862,0.999979,2.1e-05
0.862,0.999817,0.000183
0.862,0.895214,0.104787
0.862,0.997527,0.002473
0.862,0.999199,0.000801
0.862,0.988609,0.011391
0.862,0.999986,1.4e-05
0.862,0.999639,0.000361
0.862,0.999975,2.5e-05
0.862,0.982137,0.017863
0.862,0.99999,1e-05
0.862,0.999849,0.00015
0.862,0.99999,1e-05
0.862,0.99999,1e-05
0.862,0.999681,0.000319
0.862,0.99998,2e-05
0.862,0.998649,0.001351
0.862,0.999863,0.000137
0.862,0.466662,0.533338
0.862,0.999943,5.7e-05
0.862,0.999983,1.7e-05
0.862,0.991445,0.008555
0.862,0.99999,1e-05
0.862,0.999698,0.000302
0.862,0.99715,0.00285
0.862,0.999003,0.000997
0.862,0.99998,2e-05
0.862,0.999965,3.5e-05
0.862,0.999989,1.1e-05
0.862,0.99998,2e-05
0.862,0.999989,1.1e-05
0.862,0.999937,6.3e-05
0.862,0.999986,1.4e-05
0.862,0.999964,3.6e-05
0.862,0.999952,4.8e-05
0.862,0.999381,0.000619
0.862,0.999984,1.6e-05
0.862,0.997639,0.002361
0.862,0.999985,1.5e-05
0.862,0.999976,2.4e-05
0.862,0.999709,0.000291
0.862,0.998197,0.001804
0.862,0.999965,3.5e-05
0.862,0.999984,1.6e-05
0.862,0.995672,0.004328
0.862,0.986288,0.013712
0.862,0.995094,0.004906
0.862,0.998551,0.001449
0.862,0.999983,1.7e-05
0.862,0.999699,0.000301
0.862,0.998297,0.001703
0.862,0.982538,0.017462
0.862,0.999991,9e-06
0.862,0.999932,6.7e-05
0.862,0.999985,1.5e-05
0.862,0.999931,6.9e-05
0.862,0.999318,0.000682
0.862,0.999694,0.000306
0.862,0.999699,0.000301
0.862,0.999953,4.7e-05
0.862,0.999425,0.000575
0.862,0.99999,1e-05
0.862,0.999638,0.000362
0.862,0.999975,2.5e-05
0.862,0.99968,0.00032
0.862,0.999981,1.9e-05
0.862,0.999989,1.1e-05
0.862,0.99952,0.00048
0.862,0.99858,0.00142
0.862,0.9997,0.000301
0.862,0.999716,0.000284
0.862,0.999989,1.1e-05
0.862,0.999754,0.000246
0.862,0.998196,0.001804
0.862,0.9981,0.0019
0.862,0.999248,0.000752
0.862,0.999971,2.9e-05
0.862,0.999648,0.000352
0.862,0.999953,4.7e-05
0.862,0.999914,8.6e-05
0.862,0.999717,0.000283
0.862,0.999921,7.9e-05
0.862,0.987734,0.012266
0.862,0.999503,0.000497
0.862,0.999951,4.9e-05
0.862,0.999981,1.9e-05
0.862,0.999887,0.000113
0.862,0.999968,3.2e-05
0.862,0.999767,0.000233
0.862,0.999928,7.2e-05
0.862,0.999989,1.1e-05
0.862,0.99997,3.1e-05
0.862,0.99999,1e-05
0.862,0.999984,1.5e-05
0.862,0.999888,0.000112
0.862,0.999982,1.8e-05
0.862,0.999984,1.6e-05
0.862,0.999876,0.000124
0.868,0.999988,1.2e-05
0.868,0.998649,0.001351
0.868,0.999981,1.9e-05
0.868,0.999673,0.000327
0.868,0.999969,3.1e-05
0.868,0.999974,2.6e-05
0.868,0.99855,0.00145
0.868,0.999985,1.5e-05
0.868,0.965505,0.034495
0.868,0.99977,0.00023
0.868,0.991828,0.008172
0.868,0.999432,0.000568
0.868,0.999427,0.000573
0.868,0.999989,1.1e-05
0.868,0.99999,1e-05
0.868,0.999933,6.7e-05
0.868,0.999939,6.1e-05
0.868,0.997325,0.002675
0.868,0.003061,0.996939
0.868,0.99997,3e-05
0.868,0.999988,1.2e-05
0.868,0.989619,0.010381
0.868,0.99999,1e-05
0.868,0.999981,1.9e-05
0.868,0.999983,1.7e-05
0.868,0.998302,0.001698
0.868,0.999092,0.000908
0.868,0.998179,0.001821
0.868,0.999976,2.4e-05
0.868,0.999989,1.1e-05
0.868,0.999522,0.000478
0.868,0.95571,0.04429
0.868,0.990194,0.009806
0.868,0.99604,0.00396
0.868,0.99999,1e-05
0.868,0.999947,5.3e-05
0.868,0.999964,3.6e-05
0.868,0.999843,0.000157
0.868,0.999805,0.000195
0.868,0.999988,1.3e-05
0.868,0.999958,4.2e-05
0.868,0.999974,2.6e-05
0.868,0.999984,1.6e-05
0.868,0.99826,0.00174
0.868,0.999109,0.000891
0.868,0.999894,0.000106
0.868,0.999773,0.000227
0.868,0.999896,0.000104
0.868,0.999678,0.000322
0.868,0.969903,0.030097
0.868,0.9999,1e-04
0.868,0.998869,0.001131
0.868,0.999051,0.000949
0.868,0.999983,1.7e-05
0.868,0.99997,3e-05
0.868,0.99918,0.00082
0.868,0.999748,0.000252
0.868,0.474481,0.525519
0.868,0.999866,0.000134
0.868,0.999972,2.8e-05
0.868,0.99279,0.00721
0.868,0.999989,1.1e-05
0.868,0.999989,1.1e-05
0.868,0.996728,0.003272
0.868,0.999988,1.2e-05
0.868,0.998914,0.001086
0.868,0.999659,0.000341
0.868,0.999186,0.000814
0.868,0.998912,0.001088
0.868,0.999977,2.3e-05
0.868,0.999971,2.9e-05
0.868,0.999972,2.8e-05
0.868,0.999002,0.000998
0.868,0.999986,1.4e-05
0.868,0.999985,1.5e-05
0.868,0.99999,1e-05
0.868,0.999984,1.6e-05
0.868,0.999986,1.4e-05
0.868,0.999986,1.4e-05
0.868,0.99996,4e-05
0.868,0.99998,2e-05
0.868,0.999271,0.000729
0.868,0.999989,1.1e-05
0.868,0.998284,0.001717
0.868,0.99992,8e-05
0.868,0.999393,0.000607
0.868,0.99999,1e-05
0.868,0.998189,0.001811
0.868,0.999838,0.000162
0.868,0.992887,0.007113
0.868,0.999605,0.000395
0.868,0.988445,0.011555
0.868,0.999837,0.000163
0.868,0.999981,1.9e-05
0.868,0.999988,1.2e-05
0.868,0.999662,0.000338
0.868,0.99999,1e-05
0.868,0.999975,2.5e-05
0.868,0.999435,0.000565
0.868,0.999498,0.000502
0.874,0.99901,0.00099
0.874,0.999984,1.6e-05
0.874,0.999262,0.000737
0.874,0.999644,0.000356
0.874,0.999976,2.4e-05
0.874,0.999973,2.7e-05
0.874,0.999766,0.000234
0.874,0.990489,0.009511
0.874,0.973435,0.026565
0.874,0.999911,8.9e-05
0.874,0.999986,1.4e-05
0.874,0.999582,0.000418
0.874,0.995532,0.004468
0.874,0.999736,0.000264
0.874,0.999839,0.000161
0.874,0.999923,7.7e-05
0.874,0.970518,0.029482
0.874,0.998527,0.001473
0.874,0.976814,0.023186
0.874,0.999986,1.4e-05
0.874,0.999047,0.000953
0.874,0.999979,2.1e-05
0.874,0.999934,6.6e-05
0.874,0.999913,8.7e-05
0.874,0.999866,0.000134
0.874,0.999988,1.2e-05
0.874,0.999974,2.6e-05
0.874,0.999955,4.5e-05
0.874,0.999424,0.000576
0.874,0.999975,2.5e-05
0.874,0.999982,1.8e-05
0.874,0.999934,6.6e-05
0.874,0.988719,0.011281
0.874,0.999991,9e-06
0.874,0.999678,0.000322
0.874,0.999911,8.9e-05
0.874,0.94865,0.05135
0.874,0.99883,0.00117
0.874,0.998932,0.001068
0.874,0.992627,0.007373
0.874,0.999989,1.1e-05
0.874,0.999492,0.000508
0.874,0.999437,0.000563
0.874,0.952027,0.047973
0.874,0.998196,0.001804
0.874,0.999968,3.2e-05
0.874,0.998107,0.001893
0.874,0.999982,1.8e-05
0.874,0.999553,0.000447
0.874,0.999887,0.000113
0.874,0.999983,1.7e-05
0.874,0.999872,0.000128
0.874,0.989622,0.010378
0.874,0.99997,3e-05
0.874,0.99993,7e-05
0.874,0.999987,1.3e-05
0.874,0.999979,2.1e-05
0.874,0.99995,5e-05
0.874,0.99999,1e-05
0.874,0.999278,0.000722
0.874,0.999989,1.1e-05
0.874,0.999978,2.2e-05
0.874,0.999912,8.8e-05
0.874,0.999375,0.000625
0.874,0.993237,0.006763
0.874,0.99936,0.00064
0.874,0.999858,0.000142
0.874,0.999952,4.8e-05
0.874,0.99995,5e-05
0.874,0.999914,8.6e-05
0.874,0.994998,0.005003
0.874,0.999947,5.3e-05
0.874,0.905873,0.094127
0.874,0.99994,6e-05
0.874,0.999943,5.7e-05
0.874,0.998689,0.001311
0.874,0.99995,5e-05
0.874,0.998668,0.001332
0.874,0.999967,3.3e-05
0.874,0.998058,0.001942
0.874,0.999883,0.000117
0.874,0.999991,9e-06
0.874,0.999988,1.2e-05
0.874,0.99885,0.00115
0.874,0.99988,0.00012
0.874,0.649287,0.350713
0.874,0.999983,1.7e-05
0.874,0.9934,0.0066
0.874,0.999415,0.000585
0.874,0.999945,5.5e-05
0.874,0.997632,0.002368
0.874,0.999988,1.2e-05
0.874,0.999894,0.000106
0.874,0.99998,2e-05
0.874,0.989619,0.010381
0.874,0.998164,0.001836
0.874,0.960817,0.039183
0.874,0.999973,2.7e-05
0.874,0.999983,1.7e-05
0.874,0.999892,0.000108
0.88,0.999733,0.000267
0.88,0.962756,0.037244
0.88,0.999872,0.000128
0.88,0.999925,7.5e-05
0.88,0.998894,0.001106
0.88,0.999241,0.000759
0.88,0.999976,2.4e-05
0.88,0.999989,1.1e-05
0.88,0.999894,0.000106
0.88,0.99999,1e-05
0.88,0.999812,0.000188
0.88,0.937776,0.062224
0.88,0.999931,6.9e-05
0.88,0.998584,0.001416
0.88,0.999941,5.9e-05
0.88,0.9996,0.0004
0.88,0.558276,0.441724
0.88,0.993258,0.006742
0.88,0.999934,6.6e-05
0.88,0.999987,1.3e-05
0.88,0.999717,0.000283
0.88,0.994834,0.005166
0.88,0.97961,0.02039
0.88,0.999897,0.000103
0.88,0.99719,0.00281
0.88,0.999889,0.000111
0.88,0.999085,0.000915
0.88,0.999734,0.000265
0.88,0.999905,9.5e-05
0.88,0.999982,1.8e-05
0.88,0.99999,1e-05
0.88,0.99996,4e-05
0.88,0.999426,0.000574
0.88,0.099543,0.900457
0.88,0.999983,1.7e-05
0.88,0.999977,2.3e-05
0.88,0.998878,0.001122
0.88,0.999173,0.000827
0.88,0.999881,0.000119
0.88,0.93196,0.06804
0.88,0.99964,0.00036
0.88,0.985527,0.014473
0.88,0.99854,0.001459
0.88,0.998705,0.001295
0.88,0.999672,0.000328
0.88,0.999701,0.000299
0.88,0.99961,0.00039
0.88,0.999987,1.3e-05
0.88,0.99999,1e-05
0.88,0.99999,1e-05
0.88,0.99995,5e-05
0.88,0.99198,0.00802
0.88,0.942616,0.057384
0.88,0.998256,0.001744
0.88,0.99999,1e-05
0.88,0.999247,0.000753
0.88,0.999972,2.8e-05
0.88,0.99841,0.00159
0.88,0.918136,0.081864
0.88,0.999969,3.1e-05
0.88,0.985661,0.014339
0.88,0.999975,2.5e-05
0.88,0.999894,0.000106
0.88,0.999939,6.1e-05
0.88,0.998044,0.001956
0.88,0.99999,1e-05
0.88,0.999978,2.2e-05
0.88,0.999978,2.2e-05
0.88,0.999922,7.8e-05
0.88,0.999972,2.8e-05
0.88,0.999929,7.1e-05
0.88,0.999787,0.000213
0.88,0.999674,0.000326
0.88,0.994812,0.005188
0.88,0.999989,1.1e-05
0.88,0.97754,0.02246
0.88,0.999947,5.3e-05
0.88,0.999988,1.2e-05
0.88,0.997835,0.002165
0.88,0.999978,2.2e-05
0.88,0.963183,0.036817
0.88,0.99999,1e-05
0.88,0.999975,2.5e-05
0.88,0.999959,4.1e-05
0.88,0.999937,6.3e-05
0.88,0.999412,0.000588
0.88,0.999988,1.3e-05
0.88,0.99999,1e-05
0.88,0.999979,2.1e-05
0.88,0.999973,2.7e-05
0.88,0.999093,0.000907
0.88,0.999943,5.7e-05
0.88,0.998868,0.001132
0.88,0.993985,0.006015
0.88,0.999863,0.000137
0.88,0.99962,0.00038
0.88,0.987848,0.012152
0.88,0.999919,8.1e-05
0.88,0.999983,1.7e-05
0.88,0.991975,0.008025
0.886,0.999934,6.7e-05
0.886,0.999402,0.000598
0.886,0.79931,0.20069
0.886,0.997847,0.002153
0.886,0.99999,1e-05
0.886,0.999912,8.8e-05
0.886,0.999664,0.000336
0.886,0.99979,0.00021
0.886,0.999016,0.000984
0.886,0.999908,9.2e-05
0.886,0.999912,8.8e-05
0.886,0.999953,4.7e-05
0.886,0.995489,0.004511
0.886,0.989014,0.010986
0.886,0.934466,0.065534
0.886,0.995728,0.004272
0.886,0.992778,0.007222
0.886,0.999403,0.000597
0.886,0.999982,1.8e-05
0.886,0.998412,0.001587
0.886,0.999385,0.000615
0.886,0.999883,0.000117
0.886,0.999968,3.2e-05
0.886,0.997825,0.002175
0.886,0.999984,1.5e-05
0.886,0.999423,0.000577
0.886,0.999421,0.000579
0.886,0.999916,8.4e-05
0.886,0.999665,0.000335
0.886,0.996395,0.003605
0.886,0.999855,0.000145
0.886,0.99203,0.00797
0.886,0.999922,7.8e-05
0.886,0.999502,0.000498
0.886,0.999987,1.3e-05
0.886,0.999194,0.000806
0.886,0.999909,9.1e-05
0.886,0.997663,0.002337
0.886,0.9969,0.0031
0.886,0.994495,0.005505
0.886,0.99924,0.00076
0.886,0.999757,0.000243
0.886,0.984059,0.015941
0.886,0.999971,2.9e-05
0.886,0.999798,0.000202
0.886,0.997866,0.002134
0.886,0.997055,0.002945
0.886,0.999653,0.000347
0.886,0.994373,0.005627
0.886,0.999986,1.4e-05
0.886,0.999951,4.9e-05
0.886,0.993755,0.006245
0.886,0.965764,0.034236
0.886,0.999981,1.9e-05
0.886,0.999242,0.000758
0.886,0.999004,0.000996
0.886,0.999856,0.000144
0.886,0.997778,0.002222
0.886,0.99999,1e-05
0.886,0.999937,6.3e-05
0.886,0.999964,3.6e-05
0.886,0.999674,0.000326
0.886,0.982469,0.017531
0.886,0.999877,0.000123
0.886,0.99999,1e-05
0.886,0.999956,4.3e-05
0.886,0.995853,0.004147
0.886,0.998278,0.001722
0.886,0.999985,1.5e-05
0.886,0.998714,0.001286
0.886,0.99999,1e-05
0.886,0.999799,0.000201
0.886,0.972395,0.027605
0.886,0.999964,3.6e-05
0.886,0.999989,1.1e-05
0.886,0.996112,0.003888
0.886,0.999919,8.1e-05
0.886,0.998413,0.001587
0.886,0.999989,1.1e-05
0.886,0.999904,9.6e-05
0.886,0.93675,0.06325
0.886,0.999711,0.000289
0.886,0.999984,1.6e-05
0.886,0.999736,0.000264
0.886,0.99847,0.00153
0.886,0.99988,0.00012
0.886,0.988109,0.011891
0.886,0.99999,1e-05
0.886,0.990853,0.009147
0.886,0.999952,4.8e-05
0.886,0.999983,1.7e-05
0.886,0.994756,0.005244
0.886,0.99948,0.000521
0.886,0.985825,0.014175
0.886,0.999704,0.000296
0.886,0.999976,2.4e-05
0.886,0.999827,0.000173
0.886,0.999437,0.000563
0.886,0.99999,1e-05
0.886,0.999988,1.2e-05
0.892,0.97332,0.02668
0.892,0.99747,0.00253
0.892,0.981228,0.018772
0.892,0.995895,0.004105
0.892,0.998711,0.001289
0.892,0.999979,2.1e-05
0.892,0.999971,2.9e-05
0.892,0.999948,5.2e-05
0.892,0.999961,3.9e-05
0.892,0.999703,0.000297
0.892,0.994297,0.005703
0.892,0.99988,0.00012
0.892,0.999966,3.4e-05
0.892,0.999778,0.000222
0.892,0.998916,0.001084
0.892,0.995403,0.004597
0.892,0.953057,0.046943
0.892,0.998643,0.001357
0.892,0.994406,0.005594
0.892,0.999982,1.8e-05
0.892,0.998682,0.001318
0.892,0.999985,1.5e-05
0.892,0.998963,0.001037
0.892,0.999988,1.2e-05
0.892,0.995698,0.004302
0.892,0.999437,0.000563
0.892,0.998765,0.001235
0.892,0.999909,9.1e-05
0.892,0.997749,0.002251
0.892,0.999971,2.9e-05
0.892,0.998614,0.001386
0.892,0.999917,8.3e-05
0.892,0.999976,2.3e-05
0.892,0.996579,0.003421
0.892,0.999918,8.2e-05
0.892,0.992186,0.007814
0.892,0.999211,0.000789
0.892,0.999954,4.6e-05
0.892,0.999985,1.5e-05
0.892,0.999986,1.4e-05
0.892,0.984046,0.015954
0.892,0.999087,0.000913
0.892,0.993801,0.006199
0.892,0.995996,0.004004
0.892,0.998632,0.001368
0.892,0.999847,0.000153
0.892,0.99999,1e-05
0.892,0.999988,1.2e-05
0.892,0.996539,0.003461
0.892,0.999343,0.000657
0.892,0.999977,2.3e-05
0.892,0.999986,1.4e-05
0.892,0.999987,1.3e-05
0.892,0.999788,0.000213
0.892,0.999536,0.000464
0.892,0.998019,0.001981
0.892,0.991964,0.008036
0.892,0.993896,0.006105
0.892,0.999968,3.2e-05
0.892,0.999784,0.000216
0.892,0.999955,4.5e-05
0.892,0.999888,0.000112
0.892,0.998609,0.001391
0.892,0.999989,1.1e-05
0.892,0.999865,0.000135
0.892,0.999981,1.9e-05
0.892,0.999079,0.000921
0.892,0.999735,0.000265
0.892,0.999853,0.000147
0.892,0.99999,1.1e-05
0.892,0.999947,5.3e-05
0.892,0.999989,1.1e-05
0.892,0.995521,0.004479
0.892,0.999982,1.8e-05
0.892,0.999984,1.6e-05
0.892,0.995286,0.004714
0.892,0.999254,0.000746
0.892,0.99999,1e-05
0.892,0.999654,0.000346
0.892,0.999968,3.2e-05
0.892,0.99999,1e-05
0.892,0.996727,0.003273
0.892,0.985813,0.014187
0.892,0.997748,0.002252
0.892,0.999972,2.8e-05
0.892,0.999912,8.8e-05
0.892,0.999126,0.000874
0.892,0.999926,7.4e-05
0.892,0.999986,1.4e-05
0.892,0.807057,0.192943
0.892,0.999944,5.6e-05
0.892,0.999986,1.4e-05
0.892,0.999409,0.000591
0.892,0.999806,0.000194
0.892,0.997518,0.002482
0.892,0.999458,0.000542
0.892,0.86935,0.13065
0.892,0.998502,0.001498
0.892,0.999741,0.000259
0.892,0.999942,5.8e-05
0.898,0.999968,3.2e-05
0.898,0.99993,6.9e-05
0.898,0.999982,1.8e-05
0.898,0.999985,1.5e-05
0.898,0.978407,0.021593
0.898,0.99999,1e-05
0.898,0.97211,0.02789
0.898,0.997131,0.002869
0.898,0.999892,0.000108
0.898,0.99987,0.00013
0.898,0.998364,0.001636
0.898,0.930538,0.069462
0.898,0.999699,0.000301
0.898,0.727115,0.272885
0.898,0.999977,2.3e-05
0.898,0.999787,0.000213
0.898,0.999957,4.3e-05
0.898,0.999971,2.9e-05
0.898,0.988132,0.011868
0.898,0.999991,9e-06
0.898,0.999976,2.3e-05
0.898,0.999961,3.9e-05
0.898,0.99918,0.00082
0.898,0.999938,6.2e-05
0.898,0.999743,0.000257
0.898,0.999508,0.000492
0.898,0.999687,0.000313
0.898,0.999865,0.000135
0.898,0.99999,1e-05
0.898,0.999983,1.7e-05
0.898,0.997867,0.002133
0.898,0.998665,0.001335
0.898,0.999651,0.000349
0.898,0.999977,2.3e-05
0.898,0.999413,0.000587
0.898,0.993637,0.006363
0.898,0.999822,0.000178
0.898,0.999109,0.000891
0.898,0.999015,0.000985
0.898,0.999518,0.000482
0.898,0.999716,0.000284
0.898,0.999976,2.4e-05
0.898,0.972031,0.027969
0.898,0.998976,0.001024
0.898,0.998944,0.001056
0.898,0.998948,0.001052
0.898,0.998753,0.001247
0.898,0.995387,0.004613
0.898,0.999971,2.9e-05
0.898,0.999867,0.000133
0.898,0.999979,2.1e-05
0.898,0.99525,0.00475
0.898,0.991689,0.008311
0.898,0.999988,1.2e-05
0.898,0.999522,0.000478
0.898,0.99915,0.00085
0.898,0.999736,0.000264
0.898,0.881479,0.118521
0.898,0.999947,5.3e-05
0.898,0.999989,1.1e-05
0.898,0.999884,0.000116
0.898,0.999971,2.9e-05
0.898,0.999492,0.000508
0.898,0.981071,0.018929
0.898,0.996591,0.003409
0.898,0.998306,0.001693
0.898,0.99996,4.1e-05
0.898,0.977775,0.022225
0.898,0.999238,0.000762
0.898,0.999864,0.000136
0.898,0.999713,0.000287
0.898,0.999972,2.8e-05
0.898,0.999514,0.000486
0.898,0.997635,0.002365
0.898,0.999983,1.7e-05
0.898,0.999921,7.9e-05
0.898,0.998996,0.001004
0.898,0.998854,0.001146
0.898,0.99999,1e-05
0.898,0.999948,5.2e-05
0.898,0.999987,1.3e-05
0.898,0.999971,2.9e-05
0.898,0.98628,0.01372
0.898,0.999972,2.8e-05
0.898,0.999006,0.000994
0.898,0.996076,0.003924
0.898,0.99999,1e-05
0.898,0.999897,0.000103
0.898,0.99997,3e-05
0.898,0.999266,0.000735
0.898,0.998936,0.001064
0.898,0.996864,0.003135
0.898,0.999486,0.000514
0.898,0.999975,2.5e-05
0.898,0.999558,0.000442
0.898,0.999909,9.1e-05
0.898,0.995314,0.004686
0.898,0.998184,0.001816
0.898,0.99999,1e-05
0.898,0.997264,0.002736
0.905,0.973513,0.026487
0.905,0.99994,6e-05
0.905,0.999972,2.8e-05
0.905,0.999989,1.1e-05
0.905,0.99209,0.00791
0.905,0.999621,0.000379
0.905,0.99993,7e-05
0.905,0.993619,0.006381
0.905,0.999015,0.000985
0.905,0.9996,0.0004
0.905,0.99999,1e-05
0.905,0.998428,0.001572
0.905,0.996072,0.003928
0.905,0.999981,1.9e-05
0.905,0.999664,0.000336
0.905,0.99999,1e-05
0.905,0.997862,0.002138
0.905,0.999977,2.3e-05
0.905,0.999275,0.000725
0.905,0.998341,0.001659
0.905,0.997665,0.002335
0.905,0.999945,5.5e-05
0.905,0.998167,0.001833
0.905,0.997901,0.002099
0.905,0.998625,0.001375
0.905,0.999111,0.000889
0.905,0.999989,1.1e-05
0.905,0.99999,1e-05
0.905,0.999911,8.9e-05
0.905,0.999991,9e-06
0.905,0.999593,0.000407
0.905,0.983394,0.016607
0.905,0.999968,3.2e-05
0.905,0.997731,0.002269
0.905,0.999968,3.2e-05
0.905,0.999989,1.1e-05
0.905,0.999883,0.000117
0.905,0.999974,2.6e-05
0.905,0.999989,1.1e-05
0.905,0.999801,0.000199
0.905,0.999985,1.5e-05
0.905,0.999989,1.1e-05
0.905,0.996967,0.003033
0.905,0.999985,1.5e-05
0.905,0.999983,1.7e-05
0.905,0.995116,0.004884
0.905,0.999948,5.2e-05
0.905,0.999965,3.5e-05
0.905,0.987735,0.012265
0.905,0.99998,2e-05
0.905,0.983868,0.016132
0.905,0.99998,2e-05
0.905,0.999981,1.9e-05
0.905,0.999902,9.8e-05
0.905,0.999639,0.000361
0.905,0.99971,0.00029
0.905,0.999857,0.000143
0.905,0.999981,1.9e-05
0.905,0.996801,0.003199
0.905,0.970331,0.029669
0.905,0.998856,0.001144
0.905,0.999852,0.000148
0.905,0.999819,0.000181
0.905,0.995265,0.004735
0.905,0.99996,4e-05
0.905,0.991867,0.008133
0.905,0.996208,0.003792
0.905,0.996961,0.003039
0.905,0.99997,3e-05
0.905,0.999718,0.000282
0.905,0.999961,3.9e-05
0.905,0.843752,0.156248
0.905,0.99937,0.00063
0.905,0.999988,1.2e-05
0.905,0.949048,0.050952
0.905,0.999738,0.000262
0.905,0.999362,0.000638
0.905,0.997719,0.002281
0.905,0.992446,0.007554
0.905,0.999984,1.6e-05
0.905,0.968884,0.031116
0.905,0.999988,1.2e-05
0.905,0.931959,0.068041
0.905,0.99999,1e-05
0.905,0.99998,2e-05
0.905,0.999884,0.000116
0.905,0.99999,1e-05
0.905,0.994995,0.005005
0.905,0.994298,0.005702
0.905,0.994313,0.005687
0.905,0.999926,7.4e-05
0.905,0.994053,0.005947
0.905,0.999988,1.2e-05
0.905,0.999617,0.000383
0.905,0.999983,1.7e-05
0.905,0.982216,0.017784
0.905,0.980508,0.019492
0.905,0.999923,7.7e-05
0.905,0.999957,4.3e-05
0.905,0.999988,1.2e-05
0.911,0.999695,0.000305
0.911,0.999804,0.000197
0.911,0.796634,0.203366
0.911,0.998437,0.001563
0.911,0.99651,0.00349
0.911,0.999981,1.9e-05
0.911,0.997581,0.002419
0.911,0.999136,0.000864
0.911,0.999989,1.1e-05
0.911,0.999424,0.000576
0.911,0.992331,0.007669
0.911,0.999779,0.000221
0.911,0.964124,0.035876
0.911,0.999897,0.000103
0.911,0.982921,0.017079
0.911,0.999608,0.000392
0.911,0.79413,0.205871
0.911,0.968688,0.031312
0.911,0.999481,0.000519
0.911,0.999926,7.4e-05
0.911,0.476335,0.523665
0.911,0.99999,1e-05
0.911,0.996985,0.003015
0.911,0.999989,1.1e-05
0.911,0.999936,6.4e-05
0.911,0.990276,0.009725
0.911,0.999957,4.3e-05
0.911,0.996566,0.003434
0.911,0.999604,0.000396
0.911,0.99981,0.00019
0.911,0.99993,7e-05
0.911,0.990912,0.009088
0.911,0.999638,0.000362
0.911,0.988665,0.011335
0.911,0.970006,0.029994
0.911,0.999964,3.6e-05
0.911,0.999983,1.7e-05
0.911,0.999944,5.6e-05
0.911,0.999949,5.1e-05
0.911,0.994871,0.005129
0.911,0.999926,7.4e-05
0.911,0.99991,9e-05
0.911,0.999987,1.3e-05
0.911,0.999988,1.2e-05
0.911,0.984095,0.015905
0.911,0.999989,1.1e-05
0.911,0.933595,0.066405
0.911,0.999986,1.4e-05
0.911,0.999978,2.2e-05
0.911,0.996507,0.003493
0.911,0.999959,4.1e-05
0.911,0.999422,0.000579
0.911,0.999946,5.4e-05
0.911,0.996809,0.003191
0.911,0.999943,5.7e-05
0.911,0.999836,0.000164
0.911,0.999516,0.000484
0.911,0.999905,9.5e-05
0.911,0.999948,5.2e-05
0.911,0.99904,0.00096
0.911,0.992245,0.007755
0.911,0.999626,0.000374
0.911,0.999979,2.1e-05
0.911,0.957193,0.042807
0.911,0.999886,0.000113
0.911,0.999989,1.1e-05
0.911,0.999988,1.2e-05
0.911,0.999986,1.4e-05
0.911,0.999062,0.000938
0.911,0.999267,0.000733
0.911,0.997486,0.002514
0.911,0.991535,0.008465
0.911,0.999949,5.1e-05
0.911,0.999857,0.000143
0.911,0.998658,0.001342
0.911,0.97298,0.02702
0.911,0.994475,0.005525
0.911,0.999045,0.000955
0.911,0.990474,0.009526
0.911,0.999934,6.6e-05
0.911,0.992379,0.007621
0.911,0.999983,1.7e-05
0.911,0.99998,2e-05
0.911,0.999985,1.5e-05
0.911,0.99998,2e-05
0.911,0.999718,0.000282
0.911,0.999335,0.000665
0.911,0.99999,1e-05
0.911,0.996107,0.003893
0.911,0.999989,1.1e-05
0.911,0.999856,0.000144
0.911,0.999894,0.000106
0.911,0.999957,4.3e-05
0.911,0.984922,0.015077
0.911,0.999986,1.4e-05
0.911,0.991213,0.008787
0.911,0.999786,0.000214
0.911,0.999957,4.3e-05
0.911,0.337569,0.662431
0.911,0.99999,1e-05
0.917,0.999981,1.9e-05
0.917,0.999171,0.000829
0.917,0.999982,1.8e-05
0.917,0.999422,0.000578
0.917,0.999987,1.3e-05
0.917,0.999858,0.000142
0.917,0.999963,3.7e-05
0.917,0.999966,3.4e-05
0.917,0.999802,0.000198
0.917,0.994523,0.005477
0.917,0.999587,0.000413
0.917,0.480802,0.519198
0.917,0.999923,7.7e-05
0.917,0.998926,0.001074
0.917,0.99997,3e-05
0.917,0.999336,0.000664
0.917,0.999767,0.000233
0.917,0.991016,0.008983
0.917,0.999862,0.000138
0.917,0.385079,0.614921
0.917,0.999972,2.8e-05
0.917,0.99994,6e-05
0.917,0.957679,0.042321
0.917,0.996077,0.003923
0.917,0.999694,0.000306
0.917,0.999974,2.6e-05
0.917,0.999361,0.000639
0.917,0.999979,2.1e-05
0.917,0.999977,2.3e-05
0.917,0.993596,0.006404
0.917,0.99865,0.00135
0.917,0.999966,3.4e-05
0.917,0.999132,0.000868
0.917,0.999922,7.8e-05
0.917,0.999466,0.000534
0.917,0.999172,0.000828
0.917,0.978239,0.021761
0.917,0.920842,0.079158
0.917,0.999748,0.000252
0.917,0.996836,0.003164
0.917,0.999824,0.000176
0.917,0.999989,1.1e-05
0.917,0.980901,0.019099
0.917,0.999944,5.6e-05
0.917,0.973986,0.026014
0.917,0.882439,0.117561
0.917,0.99999,1e-05
0.917,0.967545,0.032455
0.917,0.999792,0.000208
0.917,0.997782,0.002218
0.917,0.999448,0.000552
0.917,0.999989,1.1e-05
0.917,0.972624,0.027376
0.917,0.999989,1.1e-05
0.917,0.99999,1e-05
0.917,0.999959,4.1e-05
0.917,0.999825,0.000175
0.917,0.999983,1.7e-05
0.917,0.999986,1.4e-05
0.917,0.999864,0.000136
0.917,0.935063,0.064937
0.917,0.999966,3.4e-05
0.917,0.998743,0.001257
0.917,0.995931,0.004069
0.917,0.999401,0.000599
0.917,0.983148,0.016852
0.917,0.999351,0.000649
0.917,0.999962,3.8e-05
0.917,0.999837,0.000163
0.917,0.993471,0.006529
0.917,0.998138,0.001862
0.917,0.997675,0.002325
0.917,0.999912,8.8e-05
0.917,0.99999,1e-05
0.917,0.994635,0.005365
0.917,0.975202,0.024798
0.917,0.99999,1e-05
0.917,0.995081,0.004919
0.917,0.995855,0.004145
0.917,0.968908,0.031092
0.917,0.999194,0.000806
0.917,0.999904,9.6e-05
0.917,0.99998,2e-05
0.917,0.999981,1.9e-05
0.917,0.999984,1.6e-05
0.917,0.984038,0.015962
0.917,0.963968,0.036032
0.917,0.999153,0.000847
0.917,0.999861,0.000139
0.917,0.999683,0.000317
0.917,0.999778,0.000222
0.917,0.999981,1.9e-05
0.917,0.999932,6.8e-05
0.917,0.999116,0.000884
0.917,0.999975,2.5e-05
0.917,0.999378,0.000622
0.917,0.999902,9.8e-05
0.917,0.999988,1.2e-05
0.917,0.999985,1.5e-05
0.917,0.999214,0.000786
0.923,0.999987,1.3e-05
0.923,0.996324,0.003676
0.923,0.999983,1.7e-05
0.923,0.997251,0.002749
0.923,0.999978,2.2e-05
0.923,0.999989,1.1e-05
0.923,0.99399,0.00601
0.923,0.999315,0.000685
0.923,0.999985,1.5e-05
0.923,0.999355,0.000645
0.923,0.999939,6.1e-05
0.923,0.999214,0.000785
0.923,0.99997,3e-05
0.923,0.995241,0.004759
0.923,0.999978,2.2e-05
0.923,0.999159,0.000841
0.923,0.997717,0.002283
0.923,0.982622,0.017378
0.923,0.97464,0.02536
0.923,0.999597,0.000403
0.923,0.99402,0.00598
0.923,0.999962,3.8e-05
0.923,0.999866,0.000133
0.923,0.996928,0.003072
0.923,0.999933,6.7e-05
0.923,0.999977,2.3e-05
0.923,0.990003,0.009997
0.923,0.999838,0.000162
0.923,0.997165,0.002835
0.923,0.997404,0.002596
0.923,0.999939,6.1e-05
0.923,0.978026,0.021974
0.923,0.99653,0.00347
0.923,0.999934,6.6e-05
0.923,0.99999,1e-05
0.923,0.997697,0.002303
0.923,0.997972,0.002028
0.923,0.999987,1.3e-05
0.923,0.99997,3e-05
0.923,0.999284,0.000716
0.923,0.999953,4.7e-05
0.923,0.99999,1e-05
0.923,0.99641,0.00359
0.923,0.994223,0.005777
0.923,0.996204,0.003796
0.923,0.997612,0.002388
0.923,0.996103,0.003897
0.923,0.947849,0.052151
0.923,0.992493,0.007507
0.923,0.999946,5.4e-05
0.923,0.999984,1.6e-05
0.923,0.999979,2.1e-05
0.923,0.999152,0.000848
0.923,0.998681,0.001319
0.923,0.979464,0.020536
0.923,0.999876,0.000124
0.923,0.998886,0.001114
0.923,0.999926,7.4e-05
0.923,0.997893,0.002107
0.923,0.981935,0.018065
0.923,0.999496,0.000504
0.923,0.999174,0.000826
0.923,0.99993,6.9e-05
0.923,0.999746,0.000254
0.923,0.999717,0.000283
0.923,0.999805,0.000195
0.923,0.812754,0.187246
0.923,0.997114,0.002886
0.923,0.999987,1.3e-05
0.923,0.994172,0.005828
0.923,0.999988,1.2e-05
0.923,0.999984,1.5e-05
0.923,0.98106,0.01894
0.923,0.999779,0.000221
0.923,0.998299,0.001701
0.923,0.999962,3.8e-05
0.923,0.9999,9.9e-05
0.923,0.99998,2e-05
0.923,0.975215,0.024786
0.923,0.999705,0.000295
0.923,0.999981,1.9e-05
0.923,0.996263,0.003737
0.923,0.995671,0.004329
0.923,0.999986,1.4e-05
0.923,0.999713,0.000287
0.923,0.999972,2.8e-05
0.923,0.999974,2.6e-05
0.923,0.99998,2e-05
0.923,0.999596,0.000404
0.923,0.999987,1.3e-05
0.923,0.999933,6.7e-05
0.923,0.999918,8.1e-05
0.923,0.899716,0.100284
0.923,0.999749,0.000251
0.923,0.99988,0.00012
0.923,0.812523,0.187477
0.923,0.982923,0.017077
0.923,0.99999,1e-05
0.923,0.999329,0.000671
0.923,0.999981,1.9e-05
0.929,0.981181,0.018819
0.929,0.999954,4.5e-05
0.929,0.999414,0.000586
0.929,0.184476,0.815524
0.929,0.999776,0.000224
0.929,0.992135,0.007865
0.929,0.99999,1e-05
0.929,0.999938,6.2e-05
0.929,0.747497,0.252504
0.929,0.989359,0.010641
0.929,0.998452,0.001548
0.929,0.999817,0.000183
0.929,0.999043,0.000957
0.929,0.323056,0.676944
0.929,0.999976,2.3e-05
0.929,0.99963,0.00037
0.929,0.999145,0.000855
0.929,0.999987,1.3e-05
0.929,0.999966,3.4e-05
0.929,0.99999,1e-05
0.929,0.992304,0.007697
0.929,0.956824,0.043176
0.929,0.991589,0.008411
0.929,0.999988,1.2e-05
0.929,0.99994,6e-05
0.929,0.999809,0.000191
0.929,0.999916,8.4e-05
0.929,0.999989,1.1e-05
0.929,0.999952,4.8e-05
0.929,0.999905,9.5e-05
0.929,0.999926,7.4e-05
0.929,0.999976,2.4e-05
0.929,0.969408,0.030592
0.929,0.99026,0.00974
0.929,0.999984,1.5e-05
0.929,0.99976,0.00024
0.929,0.999195,0.000805
0.929,0.999352,0.000648
0.929,0.999974,2.6e-05
0.929,0.99972,0.00028
0.929,0.999849,0.000151
0.929,0.999981,1.9e-05
0.929,0.999672,0.000328
0.929,0.999746,0.000254
0.929,0.989698,0.010302
0.929,0.99629,0.00371
0.929,0.986039,0.013961
0.929,0.999946,5.3e-05
0.929,0.999948,5.2e-05
0.929,0.999763,0.000237
0.929,0.99986,0.00014
0.929,0.994798,0.005202
0.929,0.997978,0.002022
0.929,0.999987,1.3e-05
0.929,0.999781,0.000219
0.929,0.963898,0.036102
0.929,0.988527,0.011473
0.929,0.915336,0.084664
0.929,0.999626,0.000374
0.929,0.969004,0.030996
0.929,0.999986,1.4e-05
0.929,0.999972,2.8e-05
0.929,0.999508,0.000492
0.929,0.999885,0.000115
0.929,0.999981,1.9e-05
0.929,0.973274,0.026726
0.929,0.999529,0.000471
0.929,0.999928,7.2e-05
0.929,0.999989,1.1e-05
0.929,0.994137,0.005863
0.929,0.999976,2.4e-05
0.929,0.999763,0.000237
0.929,0.998507,0.001493
0.929,0.994194,0.005806
0.929,0.985591,0.014409
0.929,0.996292,0.003708
0.929,0.992048,0.007953
0.929,0.968758,0.031242
0.929,0.999978,2.2e-05
0.929,0.999448,0.000552
0.929,0.99999,1e-05
0.929,0.999963,3.7e-05
0.929,0.99903,0.00097
0.929,0.999986,1.4e-05
0.929,0.999969,3.1e-05
0.929,0.999551,0.000449
0.929,0.999916,8.4e-05
0.929,0.999981,1.9e-05
0.929,0.998017,0.001983
0.929,0.999532,0.000468
0.929,0.99999,1e-05
0.929,0.996585,0.003415
0.929,0.999927,7.3e-05
0.929,0.999358,0.000642
0.929,0.999981,1.9e-05
0.929,0.822386,0.177614
0.929,0.999954,4.6e-05
0.929,0.999958,4.2e-05
0.929,0.999989,1.1e-05
0.929,0.999022,0.000978
0.935,0.999982,1.8e-05
0.935,0.999944,5.6e-05
0.935,0.999102,0.000898
0.935,0.999864,0.000137
0.935,0.999465,0.000535
0.935,0.327706,0.672294
0.935,0.997114,0.002886
0.935,0.99983,0.00017
0.935,0.999934,6.6e-05
0.935,0.999922,7.8e-05
0.935,0.987651,0.012349
0.935,0.999981,1.9e-05
0.935,0.999971,2.9e-05
0.935,0.992049,0.007951
0.935,0.780882,0.219118
0.935,0.99998,2e-05
0.935,0.999875,0.000125
0.935,0.999766,0.000233
0.935,0.998919,0.001081
0.935,0.999988,1.2e-05
0.935,0.973463,0.026537
0.935,0.9786,0.0214
0.935,0.999984,1.6e-05
0.935,0.999971,2.9e-05
0.935,0.999575,0.000425
0.935,0.999987,1.3e-05
0.935,0.998031,0.001969
0.935,0.999574,0.000426
0.935,0.984241,0.015759
0.935,0.999907,9.3e-05
0.935,0.999705,0.000295
0.935,0.999584,0.000416
0.935,0.999541,0.000459
0.935,0.999977,2.3e-05
0.935,0.844521,0.155479
0.935,0.999962,3.8e-05
0.935,0.983579,0.016421
0.935,0.998369,0.001631
0.935,0.999977,2.3e-05
0.935,0.998453,0.001547
0.935,0.999905,9.5e-05
0.935,0.673165,0.326835
0.935,0.993497,0.006503
0.935,0.98723,0.01277
0.935,0.991556,0.008445
0.935,0.999795,0.000205
0.935,0.99509,0.00491
0.935,0.99997,3e-05
0.935,0.999989,1.1e-05
0.935,0.999985,1.5e-05
0.935,0.999986,1.4e-05
0.935,0.800758,0.199242
0.935,0.997229,0.002771
0.935,0.999705,0.000295
0.935,0.999988,1.2e-05
0.935,0.999911,8.9e-05
0.935,0.999757,0.000243
0.935,0.998531,0.001469
0.935,0.843073,0.156927
0.935,0.999537,0.000463
0.935,0.998182,0.001818
0.935,0.997738,0.002262
0.935,0.999962,3.8e-05
0.935,0.982079,0.017921
0.935,0.987981,0.012019
0.935,0.782891,0.217109
0.935,0.997276,0.002724
0.935,0.999989,1.1e-05
0.935,0.999803,0.000197
0.935,0.998014,0.001986
0.935,0.99984,0.00016
0.935,0.999871,0.000129
0.935,0.982781,0.017219
0.935,0.541145,0.458855
0.935,0.973172,0.026828
0.935,0.999986,1.4e-05
0.935,0.992386,0.007614
0.935,0.999971,2.9e-05
0.935,0.999953,4.7e-05
0.935,0.999629,0.000371
0.935,0.999771,0.000229
0.935,0.999888,0.000112
0.935,0.999978,2.2e-05
0.935,0.983489,0.016511
0.935,0.999972,2.8e-05
0.935,0.999446,0.000554
0.935,0.999985,1.5e-05
0.935,0.999981,1.9e-05
0.935,0.999562,0.000438
0.935,0.9987,0.0013
0.935,0.99957,0.00043
0.935,0.999244,0.000756
0.935,0.999762,0.000238
0.935,0.999958,4.2e-05
0.935,0.999651,0.000349
0.935,0.999962,3.8e-05
0.935,0.999066,0.000934
0.935,0.999932,6.8e-05
0.935,0.997977,0.002023
0.935,0.99991,9e-05
0.941,0.998235,0.001765
0.941,0.999926,7.4e-05
0.941,0.999603,0.000397
0.941,0.997902,0.002098
0.941,0.99215,0.00785
0.941,0.823606,0.176394
0.941,0.998646,0.001354
0.941,0.999944,5.6e-05
0.941,0.999616,0.000384
0.941,0.999978,2.3e-05
0.941,0.998221,0.001779
0.941,0.99992,8e-05
0.941,0.990548,0.009452
0.941,0.998748,0.001252
0.941,0.997991,0.002009
0.941,0.999568,0.000432
0.941,0.994583,0.005417
0.941,0.978582,0.021418
0.941,0.999986,1.4e-05
0.941,0.999983,1.7e-05
0.941,0.999982,1.8e-05
0.941,0.999934,6.7e-05
0.941,0.999892,0.000108
0.941,0.997877,0.002123
0.941,0.971378,0.028622
0.941,0.999923,7.7e-05
0.941,0.945501,0.054499
0.941,0.999982,1.8e-05
0.941,0.999944,5.6e-05
0.941,0.999491,0.000509
0.941,0.99997,3e-05
0.941,0.996988,0.003012
0.941,0.999911,8.9e-05
0.941,0.988154,0.011846
0.941,0.999917,8.3e-05
0.941,0.997249,0.002751
0.941,0.999937,6.3e-05
0.941,0.936409,0.063591
0.941,0.998861,0.001139
0.941,0.999971,2.9e-05
0.941,0.976421,0.023579
0.941,0.999834,0.000166
0.941,0.932728,0.067272
0.941,0.999691,0.000309
0.941,0.999648,0.000352
0.941,0.999979,2.1e-05
0.941,0.999979,2.1e-05
0.941,0.999981,1.9e-05
0.941,0.981859,0.018141
0.941,0.980704,0.019296
0.941,0.484919,0.515081
0.941,0.99036,0.00964
0.941,0.992211,0.007789
0.941,0.99997,3e-05
0.941,0.999866,0.000134
0.941,0.998921,0.00108
0.941,0.999968,3.2e-05
0.941,0.999909,9.1e-05
0.941,0.911098,0.088902
0.941,0.745435,0.254565
0.941,0.999988,1.2e-05
0.941,0.921651,0.078349
0.941,0.999822,0.000178
0.941,0.96723,0.03277
0.941,0.999525,0.000475
0.941,0.991045,0.008955
0.941,0.996086,0.003914
0.941,0.980507,0.019493
0.941,0.999295,0.000705
0.941,0.999977,2.3e-05
0.941,0.999945,5.5e-05
0.941,0.999988,1.3e-05
0.941,0.982745,0.017255
0.941,0.999917,8.3e-05
0.941,0.993497,0.006503
0.941,0.99999,1e-05
0.941,0.999115,0.000885
0.941,0.608597,0.391403
0.941,0.999893,0.000107
0.941,0.99877,0.00123
0.941,0.99979,0.00021
0.941,0.756023,0.243977
0.941,0.981007,0.018993
0.941,0.998515,0.001485
0.941,0.999979,2.1e-05
0.941,0.998252,0.001748
0.941,0.994607,0.005393
0.941,0.999941,5.9e-05
0.941,0.813001,0.186999
0.941,0.99982,0.00018
0.941,0.999873,0.000127
0.941,0.999984,1.6e-05
0.941,0.99992,8e-05
0.941,0.965363,0.034637
0.941,0.999976,2.4e-05
0.941,0.999331,0.000669
0.941,0.999975,2.5e-05
0.941,0.997768,0.002232
0.941,0.999784,0.000216
0.941,0.622881,0.377119
0.947,0.995612,0.004388
0.947,0.698164,0.301836
0.947,0.999927,7.3e-05
0.947,0.999741,0.000259
0.947,0.970842,0.029158
0.947,0.996099,0.003901
0.947,0.99466,0.00534
0.947,0.999984,1.6e-05
0.947,0.933536,0.066464
0.947,0.999985,1.5e-05
0.947,0.999966,3.4e-05
0.947,0.999988,1.2e-05
0.947,0.983961,0.016039
0.947,0.999987,1.3e-05
0.947,0.991872,0.008128
0.947,0.999976,2.4e-05
0.947,0.815951,0.184049
0.947,0.99999,1e-05
0.947,0.99962,0.00038
0.947,0.374584,0.625416
0.947,0.999989,1.1e-05
0.947,0.981378,0.018623
0.947,0.999974,2.7e-05
0.947,0.997855,0.002145
0.947,0.989572,0.010428
0.947,0.99921,0.00079
0.947,0.999944,5.6e-05
0.947,0.999955,4.5e-05
0.947,0.99946,0.00054
0.947,0.986138,0.013862
0.947,0.996991,0.003009
0.947,0.999887,0.000113
0.947,0.99997,3e-05
0.947,0.999968,3.2e-05
0.947,0.993827,0.006173
0.947,0.999903,9.7e-05
0.947,0.999861,0.000139
0.947,0.99999,1e-05
0.947,0.999287,0.000713
0.947,0.999945,5.5e-05
0.947,0.999693,0.000307
0.947,0.909081,0.090919
0.947,0.998376,0.001624
0.947,0.991257,0.008743
0.947,0.999935,6.5e-05
0.947,0.999853,0.000147
0.947,0.996866,0.003134
0.947,0.983974,0.016026
0.947,0.999979,2.1e-05
0.947,0.99829,0.00171
0.947,0.9998,0.0002
0.947,0.9998,0.0002
0.947,0.999926,7.4e-05
0.947,0.998806,0.001194
0.947,0.993806,0.006194
0.947,0.999957,4.3e-05
0.947,0.999953,4.7e-05
0.947,0.999989,1.1e-05
0.947,0.999009,0.000991
0.947,0.277692,0.722308
0.947,0.999985,1.5e-05
0.947,0.999954,4.6e-05
0.947,0.940082,0.059918
0.947,0.998744,0.001256
0.947,0.999954,4.6e-05
0.947,0.993374,0.006626
0.947,0.99751,0.002491
0.947,0.999688,0.000312
0.947,0.999958,4.2e-05
0.947,0.765294,0.234706
0.947,0.999786,0.000214
0.947,0.998073,0.001927
0.947,0.999982,1.8e-05
0.947,0.999674,0.000326
0.947,0.996729,0.003271
0.947,0.999989,1.1e-05
0.947,0.999986,1.3e-05
0.947,0.997851,0.002149
0.947,0.999348,0.000652
0.947,0.999922,7.8e-05
0.947,0.996432,0.003568
0.947,0.98956,0.01044
0.947,0.999928,7.2e-05
0.947,0.98797,0.01203
0.947,0.999865,0.000135
0.947,0.999369,0.000631
0.947,0.999939,6.1e-05
0.947,0.999986,1.3e-05
0.947,0.999856,0.000144
0.947,0.999981,1.9e-05
0.947,0.99989,0.00011
0.947,0.999955,4.5e-05
0.947,0.997846,0.002154
0.947,0.999477,0.000523
0.947,0.999464,0.000536
0.947,0.995343,0.004657
0.947,0.999698,0.000302
0.947,0.999979,2.1e-05
0.947,0.998555,0.001445
0.947,0.999963,3.7e-05
0.953,0.999755,0.000245
0.953,0.999981,1.9e-05
0.953,0.984373,0.015627
0.953,0.956878,0.043122
0.953,0.998932,0.001068
0.953,0.999864,0.000136
0.953,0.992441,0.007559
0.953,0.999986,1.4e-05
0.953,0.989483,0.010517
0.953,0.999986,1.4e-05
0.953,0.998344,0.001656
0.953,0.9997,0.0003
0.953,0.999833,0.000167
0.953,0.712386,0.287614
0.953,0.999801,0.000199
0.953,0.999989,1.1e-05
0.953,0.865311,0.134689
0.953,0.999923,7.7e-05
0.953,0.999957,4.3e-05
0.953,0.999977,2.3e-05
0.953,0.995198,0.004802
0.953,0.999841,0.000159
0.953,0.999899,0.000101
0.953,0.999984,1.6e-05
0.953,0.999952,4.8e-05
0.953,0.999387,0.000613
0.953,0.999955,4.5e-05
0.953,0.993417,0.006583
0.953,0.999939,6.1e-05
0.953,0.999978,2.2e-05
0.953,0.997092,0.002908
0.953,0.996379,0.003621
0.953,0.999982,1.7e-05
0.953,0.999011,0.000989
0.953,0.997218,0.002782
0.953,0.998666,0.001334
0.953,0.99995,5e-05
0.953,0.999847,0.000153
0.953,0.999826,0.000175
0.953,0.998396,0.001604
0.953,0.999622,0.000378
0.953,0.99999,1e-05
0.953,0.999985,1.5e-05
0.953,0.999786,0.000214
0.953,0.769856,0.230144
0.953,0.96979,0.03021
0.953,0.876442,0.123558
0.953,0.995884,0.004116
0.953,0.736788,0.263212
0.953,0.999985,1.5e-05
0.953,0.999835,0.000165
0.953,0.997369,0.002631
0.953,0.999308,0.000692
0.953,0.995134,0.004866
0.953,0.996345,0.003655
0.953,0.981088,0.018912
0.953,0.999549,0.000451
0.953,0.995447,0.004553
0.953,0.999858,0.000142
0.953,0.999923,7.7e-05
0.953,0.997424,0.002576
0.953,0.999974,2.6e-05
0.953,0.896493,0.103507
0.953,0.999987,1.3e-05
0.953,0.965896,0.034104
0.953,0.974465,0.025535
0.953,0.999295,0.000705
0.953,0.999953,4.7e-05
0.953,0.994782,0.005218
0.953,0.996157,0.003843
0.953,0.993856,0.006144
0.953,0.784837,0.215163
0.953,0.99997,3e-05
0.953,0.999985,1.5e-05
0.953,0.941414,0.058586
0.953,0.99999,1e-05
0.953,0.999859,0.000141
0.953,0.754663,0.245337
0.953,0.99933,0.00067
0.953,0.9862,0.0138
0.953,0.999985,1.5e-05
0.953,0.992368,0.007632
0.953,0.999954,4.6e-05
0.953,0.999863,0.000137
0.953,0.998395,0.001605
0.953,0.850561,0.149439
0.953,0.999964,3.6e-05
0.953,0.997029,0.002971
0.953,0.990258,0.009742
0.953,0.997302,0.002698
0.953,0.999958,4.2e-05
0.953,0.989578,0.010423
0.953,0.999948,5.2e-05
0.953,0.999761,0.000239
0.953,0.999868,0.000132
0.953,0.987189,0.012811
0.953,0.999941,5.9e-05
0.953,0.999431,0.000569
0.953,0.999324,0.000676
0.953,0.999981,1.9e-05
0.959,0.99773,0.00227
0.959,0.980873,0.019127
0.959,0.999092,0.000908
0.959,0.998766,0.001234
0.959,0.999968,3.2e-05
0.959,0.999796,0.000204
0.959,0.999644,0.000356
0.959,0.999923,7.7e-05
0.959,0.999351,0.000649
0.959,0.999834,0.000166
0.959,0.999976,2.4e-05
0.959,0.879863,0.120137
0.959,0.999467,0.000533
0.959,0.999976,2.4e-05
0.959,0.498872,0.501128
0.959,0.999978,2.2e-05
0.959,0.999888,0.000112
0.959,0.8758,0.124201
0.959,0.999967,3.3e-05
0.959,0.996803,0.003197
0.959,0.999122,0.000878
0.959,0.999595,0.000405
0.959,0.996954,0.003046
0.959,0.999978,2.2e-05
0.959,0.999954,4.6e-05
0.959,0.999977,2.3e-05
0.959,0.999988,1.2e-05
0.959,0.998712,0.001288
0.959,0.997921,0.002079
0.959,0.999083,0.000917
0.959,0.999345,0.000655
0.959,0.999891,0.000109
0.959,0.99496,0.00504
0.959,0.999929,7.1e-05
0.959,0.999986,1.4e-05
0.959,0.9999,1e-04
0.959,0.083321,0.916679
0.959,0.999957,4.3e-05
0.959,0.999979,2.1e-05
0.959,0.99982,0.00018
0.959,0.998912,0.001088
0.959,0.999237,0.000763
0.959,0.999391,0.000609
0.959,0.966995,0.033005
0.959,0.999981,1.9e-05
0.959,0.948769,0.051231
0.959,0.99916,0.00084
0.959,0.996227,0.003773
0.959,0.99849,0.00151
0.959,0.99851,0.00149
0.959,0.988873,0.011127
0.959,0.950142,0.049858
0.959,0.999149,0.000851
0.959,0.999423,0.000577
0.959,0.999777,0.000223
0.959,0.998412,0.001588
0.959,0.999927,7.3e-05
0.959,0.920959,0.079041
0.959,0.999962,3.8e-05
0.959,0.996511,0.003489
0.959,0.999985,1.5e-05
0.959,0.999414,0.000586
0.959,0.983068,0.016932
0.959,0.999824,0.000176
0.959,0.989553,0.010447
0.959,0.999963,3.7e-05
0.959,0.993774,0.006226
0.959,0.996787,0.003213
0.959,0.998805,0.001195
0.959,0.997824,0.002176
0.959,0.999272,0.000728
0.959,0.899356,0.100644
0.959,0.97181,0.02819
0.959,0.999878,0.000121
0.959,0.989904,0.010095
0.959,0.177279,0.822721
0.959,0.998091,0.001909
0.959,0.661197,0.338803
0.959,0.995479,0.004521
0.959,0.999433,0.000567
0.959,0.999915,8.5e-05
0.959,0.999629,0.000371
0.959,0.446607,0.553393
0.959,0.965414,0.034586
0.959,0.999984,1.6e-05
0.959,0.998384,0.001616
0.959,0.999974,2.6e-05
0.959,0.999977,2.3e-05
0.959,0.996493,0.003507
0.959,0.991451,0.008549
0.959,0.999978,2.2e-05
0.959,0.993515,0.006485
0.959,0.999988,1.2e-05
0.959,0.945452,0.054548
0.959,0.971793,0.028207
0.959,0.996793,0.003207
0.959,0.998179,0.001821
0.959,0.99873,0.00127
0.959,0.999973,2.7e-05
0.959,0.999976,2.4e-05
0.965,0.922465,0.077535
0.965,0.999984,1.6e-05
0.965,0.999979,2.1e-05
0.965,0.999839,0.000161
0.965,0.999867,0.000133
0.965,0.99783,0.00217
0.965,0.967409,0.032591
0.965,0.999906,9.4e-05
0.965,0.999845,0.000155
0.965,0.290959,0.709041
0.965,0.999906,9.4e-05
0.965,0.993526,0.006474
0.965,0.997444,0.002555
0.965,0.999915,8.5e-05
0.965,0.999494,0.000506
0.965,0.999989,1.1e-05
0.965,0.886794,0.113206
0.965,0.969278,0.030722
0.965,0.999983,1.7e-05
0.965,0.939136,0.060864
0.965,0.979142,0.020858
0.965,0.990771,0.009229
0.965,0.999988,1.2e-05
0.965,0.935203,0.064797
0.965,0.999982,1.8e-05
0.965,0.893372,0.106628
0.965,0.999972,2.8e-05
0.965,0.999988,1.2e-05
0.965,0.999989,1.1e-05
0.965,0.978255,0.021745
0.965,0.999627,0.000373
0.965,0.649685,0.350315
0.965,0.998258,0.001742
0.965,0.99939,0.00061
0.965,0.997888,0.002112
0.965,0.999687,0.000313
0.965,0.969428,0.030572
0.965,0.999075,0.000925
0.965,0.999987,1.3e-05
0.965,0.999901,9.9e-05
0.965,0.997468,0.002532
0.965,0.199125,0.800875
0.965,0.99854,0.00146
0.965,0.999888,0.000112
0.965,0.999982,1.8e-05
0.965,0.958392,0.041608
0.965,0.995538,0.004462
0.965,0.999478,0.000522
0.965,0.999569,0.000431
0.965,0.859081,0.140919
0.965,0.989678,0.010322
0.965,0.997651,0.002349
0.965,0.999431,0.000569
0.965,0.999869,0.000131
0.965,0.083849,0.916151
0.965,0.954953,0.045047
0.965,0.915546,0.084454
0.965,0.997965,0.002035
0.965,0.964391,0.035609
0.965,0.999949,5.1e-05
0.965,0.449381,0.550619
0.965,0.963145,0.036855
0.965,0.999986,1.4e-05
0.965,0.999827,0.000173
0.965,0.989775,0.010225
0.965,0.999487,0.000513
0.965,0.997693,0.002307
0.965,0.956653,0.043347
0.965,0.999963,3.7e-05
0.965,0.105749,0.894251
0.965,0.866492,0.133508
0.965,0.990758,0.009242
0.965,0.999974,2.6e-05
0.965,0.999988,1.2e-05
0.965,0.999922,7.8e-05
0.965,0.999967,3.3e-05
0.965,0.999983,1.7e-05
0.965,0.999983,1.7e-05
0.965,0.924748,0.075252
0.965,0.999822,0.000178
0.965,0.996062,0.003938
0.965,0.999612,0.000388
0.965,0.999542,0.000458
0.965,0.998764,0.001236
0.965,0.007376,0.992624
0.965,0.246393,0.753607
0.965,0.990018,0.009982
0.965,0.999582,0.000418
0.965,0.999979,2.1e-05
0.965,0.958117,0.041883
0.965,0.999925,7.5e-05
0.965,0.999982,1.8e-05
0.965,0.999979,2.1e-05
0.965,0.999984,1.6e-05
0.965,0.999988,1.3e-05
0.965,0.999588,0.000412
0.965,0.99536,0.00464
0.965,0.999779,0.000221
0.965,0.999331,0.000669
0.965,0.998095,0.001905
0.971,0.999981,1.9e-05
0.971,0.999963,3.7e-05
0.971,0.999537,0.000463
0.971,0.999439,0.000561
0.971,0.927893,0.072107
0.971,0.726596,0.273404
0.971,0.999978,2.2e-05
0.971,0.993419,0.006581
0.971,0.999971,2.9e-05
0.971,0.993394,0.006606
0.971,0.985576,0.014424
0.971,0.997245,0.002755
0.971,0.999962,3.8e-05
0.971,0.999969,3.1e-05
0.971,0.999698,0.000302
0.971,0.992625,0.007375
0.971,0.999748,0.000252
0.971,0.9986,0.001401
0.971,0.986903,0.013097
0.971,0.999982,1.8e-05
0.971,0.956875,0.043125
0.971,0.878697,0.121303
0.971,0.998941,0.001059
0.971,0.999984,1.6e-05
0.971,0.996609,0.003391
0.971,0.949538,0.050462
0.971,0.999939,6.1e-05
0.971,0.990462,0.009538
0.971,0.99846,0.00154
0.971,0.999975,2.5e-05
0.971,0.99779,0.00221
0.971,0.998017,0.001983
0.971,0.998805,0.001195
0.971,0.997876,0.002124
0.971,0.999858,0.000142
0.971,0.999735,0.000265
0.971,0.999972,2.8e-05
0.971,0.994382,0.005618
0.971,0.999978,2.2e-05
0.971,0.224852,0.775148
0.971,0.999243,0.000757
0.971,0.998879,0.001121
0.971,0.999726,0.000274
0.971,0.999954,4.6e-05
0.971,0.996184,0.003816
0.971,0.999966,3.4e-05
0.971,0.99886,0.00114
0.971,0.999961,3.9e-05
0.971,0.99999,1e-05
0.971,0.997971,0.002029
0.971,0.99845,0.00155
0.971,0.999985,1.5e-05
0.971,0.999967,3.3e-05
0.971,0.999983,1.7e-05
0.971,0.99998,2e-05
0.971,0.999936,6.4e-05
0.971,0.258785,0.741215
0.971,0.999915,8.5e-05
0.971,0.999952,4.8e-05
0.971,0.999605,0.000395
0.971,0.998768,0.001232
0.971,0.996652,0.003348
0.971,0.993484,0.006516
0.971,0.978905,0.021095
0.971,0.999981,1.9e-05
0.971,0.796799,0.203201
0.971,0.999345,0.000655
0.971,0.937652,0.062348
0.971,0.999479,0.000521
0.971,0.999555,0.000445
0.971,0.999556,0.000444
0.971,0.984545,0.015455
0.971,0.99997,3e-05
0.971,0.952938,0.047062
0.971,0.99997,3e-05
0.971,0.954852,0.045148
0.971,0.690448,0.309552
0.971,0.999438,0.000562
0.971,0.999021,0.000979
0.971,0.999184,0.000816
0.971,0.999969,3.1e-05
0.971,0.999415,0.000585
0.971,0.999972,2.8e-05
0.971,0.999974,2.6e-05
0.971,0.942915,0.057085
0.971,0.796265,0.203735
0.971,0.988298,0.011702
0.971,0.991099,0.008901
0.971,0.98997,0.01003
0.971,0.99999,1e-05
0.971,0.975398,0.024602
0.971,0.996968,0.003032
0.971,0.999981,1.9e-05
0.971,0.993941,0.006059
0.971,0.98051,0.01949
0.971,0.98619,0.01381
0.971,0.999761,0.000239
0.971,0.999976,2.4e-05
0.971,0.988253,0.011747
0.971,0.999989,1.1e-05
0.977,0.999228,0.000772
0.977,0.990205,0.009795
0.977,0.141066,0.858934
0.977,0.93782,0.06218
0.977,0.994508,0.005492
0.977,0.999798,0.000202
0.977,0.897451,0.102549
0.977,0.999957,4.3e-05
0.977,0.999966,3.4e-05
0.977,0.993042,0.006958
0.977,0.999976,2.4e-05
0.977,0.912552,0.087448
0.977,0.998807,0.001193
0.977,0.954042,0.045959
0.977,0.999933,6.7e-05
0.977,0.190374,0.809626
0.977,0.999623,0.000377
0.977,0.946546,0.053454
0.977,0.91205,0.08795
0.977,0.756416,0.243584
0.977,0.999803,0.000197
0.977,0.953425,0.046575
0.977,0.998557,0.001443
0.977,0.999963,3.7e-05
0.977,0.998651,0.001349
0.977,0.124012,0.875988
0.977,0.995936,0.004064
0.977,0.999377,0.000623
0.977,0.999424,0.000576
0.977,0.999952,4.8e-05
0.977,0.999989,1.1e-05
0.977,0.935132,0.064868
0.977,0.996687,0.003313
0.977,0.997971,0.002029
0.977,0.997055,0.002945
0.977,0.998809,0.001191
0.977,0.999981,1.9e-05
0.977,0.999928,7.2e-05
0.977,0.813876,0.186124
0.977,0.999213,0.000787
0.977,0.999965,3.5e-05
0.977,0.997934,0.002066
0.977,0.997676,0.002324
0.977,0.920382,0.079618
0.977,0.994513,0.005487
0.977,0.998952,0.001048
0.977,0.996703,0.003297
0.977,0.925742,0.074258
0.977,0.995377,0.004623
0.977,0.99998,2e-05
0.977,0.999883,0.000117
0.977,0.999965,3.5e-05
0.977,0.998395,0.001605
0.977,0.999732,0.000268
0.977,0.999987,1.3e-05
0.977,0.998892,0.001108
0.977,0.392508,0.607492
0.977,0.990396,0.009604
0.977,0.999,0.000999
0.977,0.999985,1.5e-05
0.977,0.999983,1.7e-05
0.977,0.998084,0.001916
0.977,0.891946,0.108054
0.977,0.98931,0.01069
0.977,0.976197,0.023803
0.977,0.385118,0.614882
0.977,0.999969,3.1e-05
0.977,0.99923,0.00077
0.977,0.999149,0.000851
0.977,0.97519,0.02481
0.977,0.994655,0.005345
0.977,0.997906,0.002094
0.977,0.94793,0.05207
0.977,0.997798,0.002201
0.977,0.091058,0.908942
0.977,0.99858,0.00142
0.977,0.933979,0.066021
0.977,0.999934,6.6e-05
0.977,0.797891,0.202109
0.977,0.979399,0.020601
0.977,0.999926,7.4e-05
0.977,0.909144,0.090856
0.977,0.996731,0.003269
0.977,0.97009,0.02991
0.977,0.997101,0.002899
0.977,0.989892,0.010108
0.977,0.822685,0.177315
0.977,0.999103,0.000897
0.977,0.991163,0.008837
0.977,0.930529,0.069471
0.977,0.997643,0.002357
0.977,0.999988,1.2e-05
0.977,0.999887,0.000113
0.977,0.308103,0.691897
0.977,0.996724,0.003276
0.977,0.999974,2.6e-05
0.977,0.99955,0.00045
0.977,0.999857,0.000143
0.977,0.994846,0.005154
0.977,0.999536,0.000464
0.983,0.979272,0.020728
0.983,0.984883,0.015117
0.983,0.027383,0.972617
0.983,0.999462,0.000538
0.983,0.984448,0.015552
0.983,0.999979,2.1e-05
0.983,0.999968,3.2e-05
0.983,0.99993,7e-05
0.983,0.998662,0.001338
0.983,0.999609,0.000392
0.983,0.999969,3.1e-05
0.983,0.791064,0.208936
0.983,0.999971,2.9e-05
0.983,0.997148,0.002852
0.983,0.999809,0.000191
0.983,0.999977,2.3e-05
0.983,0.999977,2.3e-05
0.983,0.999815,0.000185
0.983,0.998043,0.001957
0.983,0.999531,0.000469
0.983,0.999745,0.000255
0.983,0.999967,3.3e-05
0.983,0.993478,0.006522
0.983,0.9987,0.0013
0.983,0.998858,0.001142
0.983,0.998465,0.001535
0.983,0.997714,0.002286
0.983,0.915515,0.084485
0.983,0.999476,0.000524
0.983,0.999946,5.4e-05
0.983,0.999548,0.000452
0.983,0.994289,0.005711
0.983,0.97944,0.02056
0.983,0.998535,0.001465
0.983,0.997048,0.002952
0.983,0.99105,0.00895
0.983,0.99864,0.00136
0.983,0.999952,4.8e-05
0.983,0.748337,0.251663
0.983,0.999942,5.8e-05
0.983,0.978858,0.021142
0.983,0.99878,0.00122
0.983,0.999958,4.2e-05
0.983,0.997574,0.002426
0.983,0.996541,0.003459
0.983,0.547777,0.452223
0.983,0.220961,0.779039
0.983,0.981154,0.018846
0.983,0.995324,0.004676
0.983,0.99995,5e-05
0.983,0.989283,0.010717
0.983,0.991704,0.008296
0.983,0.951934,0.048066
0.983,0.99905,0.00095
0.983,0.340493,0.659507
0.983,0.99989,0.00011
0.983,0.999605,0.000395
0.983,0.956648,0.043352
0.983,0.994383,0.005617
0.983,0.990345,0.009655
0.983,0.99997,3e-05
0.983,0.974335,0.025666
0.983,0.999979,2.1e-05
0.983,0.999242,0.000759
0.983,0.992903,0.007097
0.983,0.999417,0.000583
0.983,0.999104,0.000896
0.983,0.981619,0.018381
0.983,0.973805,0.026195
0.983,0.994806,0.005194
0.983,0.770843,0.229157
0.983,0.999989,1.1e-05
0.983,0.999719,0.000281
0.983,0.674831,0.325169
0.983,0.993655,0.006345
0.983,0.999989,1.1e-05
0.983,0.919461,0.080539
0.983,0.99955,0.00045
0.983,0.999938,6.2e-05
0.983,0.99948,0.00052
0.983,0.999972,2.8e-05
0.983,0.999212,0.000788
0.983,0.999804,0.000197
0.983,0.777974,0.222026
0.983,0.999749,0.000251
0.983,0.999958,4.2e-05
0.983,0.995398,0.004602
0.983,0.995666,0.004333
0.983,0.995645,0.004355
0.983,0.015752,0.984248
0.983,0.993466,0.006534
0.983,0.240423,0.759577
0.983,0.999621,0.000379
0.983,0.996307,0.003693
0.983,0.99908,0.00092
0.983,0.995264,0.004736
0.983,0.604345,0.395655
0.983,0.999222,0.000778
0.983,0.999963,3.7e-05
0.983,0.823418,0.176582
0.989,0.999968,3.2e-05
0.989,0.99997,3e-05
0.989,0.970912,0.029088
0.989,0.956857,0.043143
0.989,0.999964,3.6e-05
0.989,0.99432,0.00568
0.989,0.999856,0.000144
0.989,0.999966,3.4e-05
0.989,0.997928,0.002072
0.989,0.999984,1.6e-05
0.989,0.957112,0.042888
0.989,0.804626,0.195374
0.989,0.999078,0.000922
0.989,0.989989,0.010011
0.989,0.99858,0.00142
0.989,0.581974,0.418027
0.989,0.999683,0.000317
0.989,0.999776,0.000225
0.989,0.907191,0.092809
0.989,0.999962,3.9e-05
0.989,0.99997,3e-05
0.989,0.999137,0.000863
0.989,0.999979,2.1e-05
0.989,0.999054,0.000946
0.989,0.999987,1.3e-05
0.989,0.999815,0.000185
0.989,0.604819,0.395181
0.989,0.999825,0.000175
0.989,0.162652,0.837348
0.989,0.999747,0.000253
0.989,0.997563,0.002437
0.989,0.999411,0.000589
0.989,0.997905,0.002095
0.989,0.999833,0.000167
0.989,0.954912,0.045088
0.989,0.999775,0.000225
0.989,0.938762,0.061238
0.989,0.996801,0.003199
0.989,0.999985,1.4e-05
0.989,0.999966,3.4e-05
0.989,0.999837,0.000163
0.989,0.999986,1.4e-05
0.989,0.995683,0.004317
0.989,0.994321,0.005679
0.989,0.99815,0.00185
0.989,0.996348,0.003652
0.989,0.999914,8.6e-05
0.989,0.992562,0.007438
0.989,0.998683,0.001317
0.989,0.976006,0.023994
0.989,0.946396,0.053603
0.989,0.999446,0.000554
0.989,0.999286,0.000714
0.989,0.967824,0.032176
0.989,0.999987,1.3e-05
0.989,0.934133,0.065867
0.989,0.999974,2.6e-05
0.989,0.999981,1.9e-05
0.989,0.999965,3.5e-05
0.989,0.998766,0.001234
0.989,0.988626,0.011374
0.989,0.999916,8.4e-05
0.989,0.99907,0.00093
0.989,0.995425,0.004575
0.989,0.998112,0.001888
0.989,0.304372,0.695628
0.989,0.999835,0.000165
0.989,0.999943,5.7e-05
0.989,0.999829,0.000171
0.989,0.994813,0.005187
0.989,0.999918,8.2e-05
0.989,0.995849,0.004151
0.989,0.999419,0.000581
0.989,0.995414,0.004586
0.989,0.988044,0.011956
0.989,0.996497,0.003503
0.989,0.999969,3.1e-05
0.989,0.992173,0.007827
0.989,0.941118,0.058882
0.989,0.962373,0.037627
0.989,0.99325,0.00675
0.989,0.999678,0.000322
0.989,0.99997,3e-05
0.989,0.988842,0.011158
0.989,0.999974,2.6e-05
0.989,0.999986,1.4e-05
0.989,0.9998,0.0002
0.989,0.998295,0.001705
0.989,0.92557,0.07443
0.989,0.409258,0.590742
0.989,0.999831,0.000169
0.989,0.999809,0.000191
0.989,0.999979,2.1e-05
0.989,0.999126,0.000873
0.989,0.999484,0.000516
0.989,0.999028,0.000972
0.989,0.912766,0.087234
0.989,0.982084,0.017916
0.989,0.950434,0.049566
0.989,0.705435,0.294565
0.995,0.997346,0.002654
0.995,0.996801,0.003199
0.995,0.994904,0.005096
0.995,0.999926,7.4e-05
0.995,0.995625,0.004375
0.995,0.999988,1.2e-05
0.995,0.999963,3.7e-05
0.995,0.963361,0.036639
0.995,0.931111,0.068889
0.995,0.999988,1.2e-05
0.995,0.964576,0.035424
0.995,0.992627,0.007373
0.995,0.999979,2.1e-05
0.995,0.99993,7e-05
0.995,0.997967,0.002033
0.995,0.999786,0.000214
0.995,0.997252,0.002748
0.995,0.999812,0.000189
0.995,0.999742,0.000258
0.995,0.991672,0.008329
0.995,0.999966,3.4e-05
0.995,0.965086,0.034915
0.995,0.999925,7.5e-05
0.995,0.977842,0.022158
0.995,0.955185,0.044815
0.995,0.588222,0.411778
0.995,0.999973,2.7e-05
0.995,0.998066,0.001934
0.995,0.999745,0.000255
0.995,0.9997,0.0003
0.995,0.790024,0.209976
0.995,0.999938,6.2e-05
0.995,0.988225,0.011775
0.995,0.999968,3.2e-05
0.995,0.983958,0.016042
0.995,0.967836,0.032164
0.995,0.99784,0.00216
0.995,0.999985,1.5e-05
0.995,0.990562,0.009438
0.995,0.597726,0.402274
0.995,0.984364,0.015636
0.995,0.982224,0.017776
0.995,0.998562,0.001438
0.995,0.999969,3.1e-05
0.995,0.979471,0.020529
0.995,0.999379,0.000621
0.995,0.998637,0.001363
0.995,0.998358,0.001642
0.995,0.998119,0.001881
0.995,0.988658,0.011342
0.995,0.445259,0.554741
0.995,0.828758,0.171242
0.995,0.989334,0.010666
0.995,0.99998,2e-05
0.995,0.210002,0.789998
0.995,0.999957,4.3e-05
0.995,0.998945,0.001055
0.995,0.934181,0.065819
0.995,0.999911,8.9e-05
0.995,0.99994,6e-05
0.995,0.973886,0.026114
0.995,0.998776,0.001224
0.995,0.99993,7e-05
0.995,0.972238,0.027761
0.995,0.999553,0.000447
0.995,0.998986,0.001014
0.995,0.999834,0.000166
0.995,0.998695,0.001305
0.995,0.995277,0.004723
0.995,0.999166,0.000833
0.995,0.999974,2.6e-05
0.995,0.156348,0.843652
0.995,0.996134,0.003866
0.995,0.998295,0.001705
0.995,0.918492,0.081508
0.995,0.999932,6.8e-05
0.995,0.26377,0.73623
0.995,0.999985,1.5e-05
0.995,0.998866,0.001134
0.995,0.939271,0.060729
0.995,0.993069,0.006931
0.995,0.998597,0.001403
0.995,0.603107,0.396893
0.995,0.839499,0.160501
0.995,0.823207,0.176793
0.995,0.999769,0.000231
0.995,0.99996,4.1e-05
0.995,0.987967,0.012033
0.995,0.984091,0.015909
0.995,0.999746,0.000254
0.995,0.84108,0.15892
0.995,0.937548,0.062452
0.995,0.999504,0.000496
0.995,0.999673,0.000327
0.995,0.999984,1.6e-05
0.995,0.999978,2.2e-05
0.995,0.999707,0.000293
0.995,0.999886,0.000114
0.995,0.999834,0.000166
0.995,0.996876,0.003124
1.002,0.952876,0.047124
1.002,0.999819,0.000181
1.002,0.715193,0.284807
1.002,0.981097,0.018903
1.002,0.447663,0.552337
1.002,0.47181,0.52819
1.002,0.949252,0.050748
1.002,0.985317,0.014683
1.002,0.976675,0.023325
1.002,0.994827,0.005173
1.002,0.999534,0.000466
1.002,0.999411,0.000589
1.002,0.999802,0.000198
1.002,0.979643,0.020357
1.002,0.999978,2.2e-05
1.002,0.997463,0.002537
1.002,0.992106,0.007894
1.002,0.003963,0.996037
1.002,0.924061,0.075939
1.002,0.999959,4.1e-05
1.002,0.998427,0.001573
1.002,0.999982,1.8e-05
1.002,0.999866,0.000134
1.002,0.993545,0.006455
1.002,0.999106,0.000894
1.002,0.987841,0.012159
1.002,0.980719,0.019281
1.002,0.999712,0.000288
1.002,0.999973,2.7e-05
1.002,0.666365,0.333635
1.002,0.99943,0.00057
1.002,0.995467,0.004533
1.002,0.999975,2.5e-05
1.002,0.997665,0.002335
1.002,0.999938,6.2e-05
1.002,0.976758,0.023242
1.002,0.99218,0.00782
1.002,0.999979,2.1e-05
1.002,0.906022,0.093978
1.002,0.999305,0.000695
1.002,0.998324,0.001676
1.002,0.982627,0.017373
1.002,0.999976,2.4e-05
1.002,0.812348,0.187652
1.002,0.999728,0.000272
1.002,0.814716,0.185284
1.002,0.997738,0.002262
1.002,0.999084,0.000916
1.002,0.999957,4.3e-05
1.002,0.99259,0.00741
1.002,0.997636,0.002364
1.002,0.489358,0.510642
1.002,0.998369,0.001631
1.002,0.972768,0.027232
1.002,0.989268,0.010732
1.002,0.999307,0.000693
1.002,0.99984,0.00016
1.002,0.999953,4.7e-05
1.002,0.998169,0.001831
1.002,0.989755,0.010245
1.002,0.999364,0.000636
1.002,0.958604,0.041396
1.002,0.999742,0.000258
1.002,0.921302,0.078698
1.002,0.998412,0.001588
1.002,0.999898,0.000102
1.002,0.999782,0.000218
1.002,0.999977,2.3e-05
1.002,0.998924,0.001076
1.002,0.999905,9.5e-05
1.002,0.999947,5.3e-05
1.002,0.203572,0.796428
1.002,0.996893,0.003107
1.002,0.999951,4.9e-05
1.002,0.999301,0.000699
1.002,0.958,0.042
1.002,0.999957,4.3e-05
1.002,0.999943,5.7e-05
1.002,0.999571,0.000429
1.002,0.999889,0.000111
1.002,0.838549,0.161451
1.002,0.999612,0.000388
1.002,0.990584,0.009416
1.002,0.999522,0.000478
1.002,0.999981,1.9e-05
1.002,0.998844,0.001156
1.002,0.999799,0.000201
1.002,0.996111,0.003889
1.002,0.726842,0.273158
1.002,0.999848,0.000152
1.002,0.849059,0.150941
1.002,0.728369,0.271631
1.002,0.999359,0.000641
1.002,0.996968,0.003032
1.002,0.989527,0.010473
1.002,0.968795,0.031205
1.002,0.999151,0.000849
1.002,0.993279,0.006721
1.002,0.984171,0.015829
1.002,0.934445,0.065555
1.008,0.9997,0.0003
1.008,0.285767,0.714233
1.008,0.991377,0.008623
1.008,0.91925,0.08075
1.008,0.152035,0.847965
1.008,0.873299,0.126701
1.008,0.999873,0.000127
1.008,0.999924,7.6e-05
1.008,0.97603,0.02397
1.008,0.994691,0.005309
1.008,0.775713,0.224287
1.008,0.997677,0.002323
1.008,0.996277,0.003723
1.008,0.997761,0.002239
1.008,0.996906,0.003094
1.008,0.655119,0.344881
1.008,0.988115,0.011885
1.008,0.996799,0.003201
1.008,0.985231,0.014769
1.008,0.379817,0.620183
1.008,0.993604,0.006396
1.008,0.99995,5e-05
1.008,0.987092,0.012908
1.008,0.928912,0.071088
1.008,0.96818,0.03182
1.008,0.999984,1.6e-05
1.008,0.183798,0.816202
1.008,0.996619,0.003381
1.008,0.999596,0.000404
1.008,0.991326,0.008674
1.008,0.999791,0.000209
1.008,0.95983,0.04017
1.008,0.99959,0.00041
1.008,0.9982,0.0018
1.008,0.973796,0.026204
1.008,0.998437,0.001563
1.008,0.999958,4.2e-05
1.008,0.989871,0.010129
1.008,0.999967,3.3e-05
1.008,0.998556,0.001444
1.008,0.99917,0.00083
1.008,0.999951,4.9e-05
1.008,0.139251,0.860749
1.008,0.999649,0.000351
1.008,0.999906,9.4e-05
1.008,0.999793,0.000207
1.008,0.999924,7.6e-05
1.008,0.015389,0.984611
1.008,0.999778,0.000222
1.008,0.985663,0.014337
1.008,0.999361,0.000639
1.008,0.999732,0.000268
1.008,0.914472,0.085528
1.008,0.997962,0.002038
1.008,0.996422,0.003578
1.008,0.999883,0.000117
1.008,0.898724,0.101276
1.008,0.889302,0.110698
1.008,0.991183,0.008817
1.008,0.944413,0.055587
1.008,0.993504,0.006496
1.008,0.985622,0.014378
1.008,0.999947,5.3e-05
1.008,0.045357,0.954643
1.008,0.999318,0.000681
1.008,0.986476,0.013524
1.008,0.996054,0.003946
1.008,0.994554,0.005446
1.008,0.999103,0.000897
1.008,0.999926,7.4e-05
1.008,0.999594,0.000406
1.008,0.998954,0.001046
1.008,0.744817,0.255183
1.008,0.986095,0.013905
1.008,0.999957,4.3e-05
1.008,0.563696,0.436304
1.008,0.995115,0.004885
1.008,0.856921,0.143079
1.008,0.998209,0.001791
1.008,0.878927,0.121073
1.008,0.999796,0.000204
1.008,0.999954,4.6e-05
1.008,0.031784,0.968216
1.008,0.972411,0.027589
1.008,0.997937,0.002063
1.008,0.019291,0.980709
1.008,0.797653,0.202347
1.008,0.999983,1.7e-05
1.008,0.999974,2.6e-05
1.008,0.947134,0.052866
1.008,0.387647,0.612353
1.008,0.928346,0.071654
1.008,0.073615,0.926385
1.008,0.979082,0.020918
1.008,0.358288,0.641712
1.008,0.996739,0.003261
1.008,0.999479,0.000521
1.008,0.999983,1.7e-05
1.008,0.93767,0.06233
1.008,0.964506,0.035494
1.014,0.999834,0.000166
1.014,0.881031,0.118969
1.014,0.997027,0.002973
1.014,0.999838,0.000162
1.014,0.999742,0.000258
1.014,0.743585,0.256415
1.014,0.998533,0.001467
1.014,0.999987,1.3e-05
1.014,0.067228,0.932772
1.014,0.999983,1.7e-05
1.014,0.999984,1.6e-05
1.014,0.997408,0.002592
1.014,0.999398,0.000602
1.014,0.431843,0.568157
1.014,0.998934,0.001066
1.014,0.920287,0.079713
1.014,0.981189,0.018811
1.014,0.413456,0.586544
1.014,0.831047,0.168953
1.014,0.999077,0.000923
1.014,0.998536,0.001464
1.014,0.025247,0.974753
1.014,0.999964,3.6e-05
1.014,0.999948,5.2e-05
1.014,0.394541,0.605459
1.014,0.999914,8.6e-05
1.014,0.955203,0.044797
1.014,0.692873,0.307127
1.014,0.99998,2e-05
1.014,0.999912,8.7e-05
1.014,0.998743,0.001257
1.014,0.999896,0.000104
1.014,0.183807,0.816193
1.014,0.992256,0.007744
1.014,0.999935,6.5e-05
1.014,0.999976,2.4e-05
1.014,0.882792,0.117208
1.014,0.99725,0.00275
1.014,0.999837,0.000163
1.014,0.999971,2.9e-05
1.014,0.998851,0.001149
1.014,0.99982,0.00018
1.014,0.671156,0.328844
1.014,0.992527,0.007473
1.014,0.999597,0.000403
1.014,0.987501,0.012499
1.014,0.232925,0.767075
1.014,0.784097,0.215903
1.014,0.99912,0.00088
1.014,0.990096,0.009904
1.014,0.908604,0.091396
1.014,0.99448,0.00552
1.014,0.999618,0.000382
1.014,0.991304,0.008696
1.014,0.979794,0.020206
1.014,0.999107,0.000893
1.014,0.998533,0.001467
1.014,0.999963,3.7e-05
1.014,0.974587,0.025413
1.014,0.999955,4.5e-05
1.014,0.648346,0.351654
1.014,0.996169,0.003831
1.014,0.999878,0.000122
1.014,0.989568,0.010432
1.014,0.984285,0.015715
1.014,0.999907,9.3e-05
1.014,0.997718,0.002282
1.014,0.395528,0.604472
1.014,0.999424,0.000576
1.014,0.247938,0.752062
1.014,0.801398,0.198602
1.014,0.997826,0.002174
1.014,0.982302,0.017698
1.014,0.999959,4.1e-05
1.014,0.999668,0.000332
1.014,0.978442,0.021558
1.014,0.869219,0.130781
1.014,0.999155,0.000845
1.014,0.996728,0.003272
1.014,0.157749,0.842251
1.014,0.999934,6.6e-05
1.014,0.984941,0.015059
1.014,0.999342,0.000658
1.014,0.011119,0.988881
1.014,0.996396,0.003604
1.014,0.999824,0.000176
1.014,0.996663,0.003337
1.014,0.99779,0.00221
1.014,0.999275,0.000725
1.014,0.997244,0.002756
1.014,0.918835,0.081165
1.014,0.398232,0.601768
1.014,0.649076,0.350924
1.014,0.613995,0.386005
1.014,0.830065,0.169935
1.014,0.999972,2.8e-05
1.014,0.999983,1.7e-05
1.014,0.999397,0.000603
1.014,0.99952,0.00048
1.014,0.560442,0.439558
1.02,0.303366,0.696634
1.02,0.960548,0.039452
1.02,0.672161,0.327839
1.02,0.999951,4.9e-05
1.02,0.986406,0.013594
1.02,0.759768,0.240232
1.02,0.999488,0.000512
1.02,0.453082,0.546918
1.02,0.999456,0.000544
1.02,0.999959,4.1e-05
1.02,0.996127,0.003873
1.02,0.999974,2.6e-05
1.02,0.999663,0.000337
1.02,0.999198,0.000802
1.02,0.999926,7.4e-05
1.02,0.84786,0.15214
1.02,0.858914,0.141086
1.02,0.999869,0.000131
1.02,0.999733,0.000267
1.02,0.994495,0.005505
1.02,0.999972,2.8e-05
1.02,0.469584,0.530416
1.02,0.803817,0.196183
1.02,0.999955,4.5e-05
1.02,0.99879,0.00121
1.02,0.999963,3.7e-05
1.02,0.99275,0.00725
1.02,0.989201,0.010799
1.02,0.73854,0.26146
1.02,0.94923,0.05077
1.02,0.99997,3e-05
1.02,0.997497,0.002503
1.02,0.961236,0.038764
1.02,0.990417,0.009583
1.02,0.99123,0.00877
1.02,0.987106,0.012894
1.02,0.999259,0.000741
1.02,0.99943,0.00057
1.02,0.967998,0.032002
1.02,0.999224,0.000776
1.02,0.997642,0.002358
1.02,0.936858,0.063142
1.02,0.765076,0.234924
1.02,0.999522,0.000478
1.02,0.999775,0.000225
1.02,0.366913,0.633087
1.02,0.99162,0.00838
1.02,0.999984,1.6e-05
1.02,0.895212,0.104788
1.02,0.967369,0.032631
1.02,0.999956,4.4e-05
1.02,0.992758,0.007242
1.02,0.637289,0.362711
1.02,0.999499,0.000501
1.02,0.974168,0.025832
1.02,0.69771,0.30229
1.02,0.991142,0.008857
1.02,0.972669,0.027331
1.02,0.999498,0.000502
1.02,0.844884,0.155116
1.02,0.976634,0.023366
1.02,0.945932,0.054068
1.02,0.999923,7.7e-05
1.02,0.999977,2.3e-05
1.02,0.998342,0.001658
1.02,0.992537,0.007463
1.02,0.999949,5.1e-05
1.02,0.998903,0.001097
1.02,0.818433,0.181567
1.02,0.997186,0.002814
1.02,0.957386,0.042614
1.02,0.998791,0.001209
1.02,0.99534,0.00466
1.02,0.926471,0.073529
1.02,0.609274,0.390726
1.02,0.997748,0.002252
1.02,0.962293,0.037707
1.02,0.998673,0.001327
1.02,0.982179,0.017821
1.02,0.532365,0.467635
1.02,0.994283,0.005717
1.02,0.978563,0.021437
1.02,0.013865,0.986135
1.02,0.976358,0.023642
1.02,0.902122,0.097878
1.02,0.704572,0.295428
1.02,0.996857,0.003143
1.02,0.895902,0.104098
1.02,0.965813,0.034187
1.02,0.992892,0.007108
1.02,0.990979,0.009021
1.02,0.99999,1e-05
1.02,0.999624,0.000376
1.02,0.999354,0.000646
1.02,0.998566,0.001434
1.02,0.99992,8e-05
1.02,0.999436,0.000564
1.02,0.85383,0.14617
1.02,0.99986,0.00014
1.02,0.998782,0.001218
1.026,0.997503,0.002497
1.026,0.99,0.01
1.026,0.901672,0.098328
1.026,0.989918,0.010082
1.026,0.999977,2.3e-05
1.026,0.979718,0.020282
1.026,0.933761,0.066239
1.026,0.199622,0.800378
1.026,0.999946,5.4e-05
1.026,0.994267,0.005733
1.026,0.999108,0.000892
1.026,0.996173,0.003827
1.026,0.866035,0.133965
1.026,0.91748,0.082519
1.026,0.999947,5.3e-05
1.026,0.023585,0.976415
1.026,0.99956,0.00044
1.026,0.99996,4e-05
1.026,0.9928,0.0072
1.026,0.999903,9.7e-05
1.026,0.999769,0.000231
1.026,0.977434,0.022566
1.026,0.996078,0.003922
1.026,0.999827,0.000173
1.026,0.999973,2.7e-05
1.026,0.964535,0.035465
1.026,0.99998,1.9e-05
1.026,0.999114,0.000886
1.026,0.989084,0.010916
1.026,0.923882,0.076118
1.026,0.023152,0.976848
1.026,0.998286,0.001714
1.026,0.004285,0.995715
1.026,0.60265,0.39735
1.026,0.999617,0.000383
1.026,0.998214,0.001786
1.026,0.999976,2.4e-05
1.026,0.767594,0.232406
1.026,0.915626,0.084374
1.026,0.990533,0.009467
1.026,0.044922,0.955078
1.026,0.878225,0.121775
1.026,0.713131,0.286869
1.026,0.999946,5.4e-05
1.026,0.999955,4.5e-05
1.026,0.978483,0.021517
1.026,0.998753,0.001247
1.026,0.99743,0.00257
1.026,0.025897,0.974103
1.026,0.952204,0.047796
1.026,0.99995,5e-05
1.026,0.983002,0.016998
1.026,0.773828,0.226172
1.026,0.997158,0.002842
1.026,0.11996,0.88004
1.026,0.999868,0.000132
1.026,0.995787,0.004213
1.026,0.999664,0.000336
1.026,0.974644,0.025356
1.026,0.999861,0.000139
1.026,0.991264,0.008736
1.026,0.198531,0.801469
1.026,0.999987,1.3e-05
1.026,0.99944,0.00056
1.026,0.9938,0.0062
1.026,0.993238,0.006762
1.026,0.999965,3.5e-05
1.026,0.999268,0.000732
1.026,0.76972,0.23028
1.026,0.997127,0.002873
1.026,0.756509,0.243491
1.026,0.997041,0.002959
1.026,0.983213,0.016787
1.026,0.721396,0.278604
1.026,0.992761,0.007239
1.026,0.815196,0.184804
1.026,0.999605,0.000395
1.026,0.999976,2.3e-05
1.026,0.99423,0.00577
1.026,0.999438,0.000562
1.026,0.936515,0.063485
1.026,0.443953,0.556047
1.026,0.999973,2.7e-05
1.026,0.409511,0.590489
1.026,0.996908,0.003092
1.026,0.896082,0.103918
1.026,0.988186,0.011814
1.026,0.657094,0.342906
1.026,0.999773,0.000227
1.026,0.745598,0.254402
1.026,0.985146,0.014854
1.026,0.999948,5.2e-05
1.026,0.977086,0.022914
1.026,0.994555,0.005445
1.026,0.720101,0.279899
1.026,0.989063,0.010937
1.026,0.999929,7.1e-05
1.026,0.999977,2.3e-05
1.026,0.992566,0.007434
1.026,0.999973,2.7e-05
1.032,0.996385,0.003615
1.032,0.999956,4.4e-05
1.032,0.995016,0.004984
1.032,0.983103,0.016897
1.032,0.996865,0.003135
1.032,0.999787,0.000213
1.032,0.374536,0.625464
1.032,0.108152,0.891848
1.032,0.99263,0.00737
1.032,0.994972,0.005028
1.032,0.995369,0.004631
1.032,0.997434,0.002567
1.032,0.999829,0.000171
1.032,0.999928,7.2e-05
1.032,0.992767,0.007233
1.032,0.007885,0.992115
1.032,0.99947,0.00053
1.032,0.999748,0.000252
1.032,0.996783,0.003217
1.032,0.989162,0.010838
1.032,0.381337,0.618663
1.032,0.706755,0.293244
1.032,0.992511,0.007489
1.032,0.999558,0.000442
1.032,0.999909,9.1e-05
1.032,0.999888,0.000112
1.032,0.999256,0.000744
1.032,0.999952,4.8e-05
1.032,0.801721,0.198279
1.032,0.983416,0.016584
1.032,0.805684,0.194316
1.032,0.916658,0.083342
1.032,0.917947,0.082053
1.032,0.967439,0.032561
1.032,0.818341,0.181659
1.032,0.948837,0.051163
1.032,0.998847,0.001153
1.032,0.995433,0.004567
1.032,0.999887,0.000113
1.032,0.097006,0.902994
1.032,0.999942,5.8e-05
1.032,0.947853,0.052147
1.032,0.985221,0.014779
1.032,0.999423,0.000577
1.032,0.221649,0.778351
1.032,0.774502,0.225498
1.032,0.918801,0.081199
1.032,0.998871,0.001129
1.032,0.999947,5.3e-05
1.032,0.999978,2.2e-05
1.032,0.999973,2.7e-05
1.032,0.993699,0.006301
1.032,0.504232,0.495768
1.032,0.178194,0.821806
1.032,0.981904,0.018096
1.032,0.503501,0.496499
1.032,0.999361,0.000639
1.032,0.999145,0.000855
1.032,0.976554,0.023446
1.032,0.975305,0.024695
1.032,0.79808,0.20192
1.032,0.126254,0.873746
1.032,0.995265,0.004735
1.032,0.713488,0.286512
1.032,0.745717,0.254283
1.032,0.99984,0.00016
1.032,0.887631,0.112369
1.032,0.99994,6e-05
1.032,0.996966,0.003034
1.032,0.867595,0.132405
1.032,0.875224,0.124775
1.032,0.975621,0.024379
1.032,0.09247,0.90753
1.032,0.205821,0.794179
1.032,0.857027,0.142973
1.032,0.999855,0.000145
1.032,0.999793,0.000207
1.032,0.903315,0.096685
1.032,0.014468,0.985532
1.032,0.998692,0.001308
1.032,0.551442,0.448558
1.032,0.997246,0.002754
1.032,0.994346,0.005654
1.032,0.495347,0.504653
1.032,0.999417,0.000583
1.032,0.023816,0.976184
1.032,0.129556,0.870444
1.032,0.896791,0.103209
1.032,0.579991,0.420009
1.032,0.999812,0.000189
1.032,0.4928,0.5072
1.032,0.999929,7.1e-05
1.032,0.999562,0.000438
1.032,0.588469,0.411531
1.032,0.999177,0.000823
1.032,0.999085,0.000915
1.032,0.999291,0.000709
1.032,0.998699,0.001301
1.032,0.999903,9.7e-05
1.032,0.999634,0.000366
1.038,0.509367,0.490633
1.038,0.997352,0.002648
1.038,0.999986,1.4e-05
1.038,0.996937,0.003063
1.038,0.984316,0.015684
1.038,0.600208,0.399792
1.038,0.998438,0.001562
1.038,0.997253,0.002747
1.038,0.99999,1e-05
1.038,0.999937,6.3e-05
1.038,0.999047,0.000953
1.038,0.99934,0.00066
1.038,0.988869,0.011131
1.038,0.999878,0.000122
1.038,0.999835,0.000165
1.038,0.999211,0.000789
1.038,0.997054,0.002946
1.038,0.897156,0.102844
1.038,0.99086,0.00914
1.038,0.999261,0.000739
1.038,0.61241,0.387589
1.038,0.999774,0.000226
1.038,0.998317,0.001683
1.038,0.999819,0.000181
1.038,0.950402,0.049598
1.038,0.999942,5.8e-05
1.038,0.991152,0.008848
1.038,0.999716,0.000284
1.038,0.01695,0.98305
1.038,0.991505,0.008495
1.038,0.593387,0.406613
1.038,0.999912,8.8e-05
1.038,0.081071,0.918929
1.038,0.518312,0.481688
1.038,0.999883,0.000117
1.038,0.446146,0.553854
1.038,0.979141,0.020859
1.038,0.994328,0.005672
1.038,0.093193,0.906807
1.038,0.999937,6.3e-05
1.038,0.999924,7.6e-05
1.038,0.918133,0.081867
1.038,0.999891,0.000109
1.038,0.999677,0.000323
1.038,0.998345,0.001655
1.038,0.998996,0.001004
1.038,0.997886,0.002115
1.038,0.994958,0.005042
1.038,0.701551,0.298449
1.038,0.968246,0.031754
1.038,0.761427,0.238573
1.038,0.999989,1.1e-05
1.038,0.999757,0.000243
1.038,0.082607,0.917393
1.038,0.909533,0.090467
1.038,0.998801,0.001199
1.038,0.979729,0.020271
1.038,0.992488,0.007512
1.038,0.940935,0.059065
1.038,0.955648,0.044352
1.038,0.974878,0.025122
1.038,0.988647,0.011353
1.038,0.997701,0.002299
1.038,0.968664,0.031336
1.038,0.999971,2.9e-05
1.038,0.884842,0.115158
1.038,0.681359,0.318641
1.038,0.963041,0.036959
1.038,0.096165,0.903835
1.038,0.999974,2.6e-05
1.038,0.960355,0.039645
1.038,0.792715,0.207285
1.038,0.311695,0.688305
1.038,0.99999,1e-05
1.038,0.999843,0.000157
1.038,0.031546,0.968454
1.038,0.998308,0.001692
1.038,0.999861,0.000139
1.038,0.999598,0.000402
1.038,0.99999,1e-05
1.038,0.001841,0.998159
1.038,0.999768,0.000232
1.038,0.997797,0.002203
1.038,0.999935,6.5e-05
1.038,0.946573,0.053427
1.038,0.998286,0.001714
1.038,0.115797,0.884203
1.038,0.99993,7e-05
1.038,0.472825,0.527175
1.038,0.999857,0.000143
1.038,0.1286,0.8714
1.038,0.983405,0.016595
1.038,0.99993,7e-05
1.038,0.987269,0.012731
1.038,0.999977,2.3e-05
1.038,0.996167,0.003833
1.038,0.999091,0.000909
1.038,0.999922,7.8e-05
1.038,0.941041,0.058959
1.038,0.26991,0.73009
1.044,0.99954,0.00046
1.044,0.999448,0.000553
1.044,0.252714,0.747286
1.044,0.99662,0.00338
1.044,0.999534,0.000466
1.044,0.999972,2.8e-05
1.044,0.256702,0.743298
1.044,0.998631,0.001369
1.044,0.999473,0.000527
1.044,0.549277,0.450723
1.044,0.997479,0.002521
1.044,0.983805,0.016195
1.044,0.997676,0.002324
1.044,0.951938,0.048062
1.044,0.998962,0.001038
1.044,0.99216,0.00784
1.044,0.999739,0.000261
1.044,0.999295,0.000705
1.044,0.948868,0.051132
1.044,0.985267,0.014733
1.044,0.596026,0.403974
1.044,0.999879,0.000121
1.044,0.998466,0.001534
1.044,0.999038,0.000962
1.044,0.996982,0.003018
1.044,0.984781,0.015219
1.044,0.878254,0.121746
1.044,0.999971,2.9e-05
1.044,0.999983,1.7e-05
1.044,0.999909,9.1e-05
1.044,0.9953,0.0047
1.044,0.337495,0.662505
1.044,0.999485,0.000515
1.044,0.998286,0.001714
1.044,0.921544,0.078456
1.044,0.972232,0.027769
1.044,0.99988,0.00012
1.044,0.907249,0.092751
1.044,0.996702,0.003298
1.044,0.973228,0.026772
1.044,0.667246,0.332754
1.044,0.999916,8.4e-05
1.044,0.99763,0.00237
1.044,0.174312,0.825688
1.044,0.996805,0.003195
1.044,0.99802,0.00198
1.044,0.999573,0.000427
1.044,0.999763,0.000237
1.044,0.994601,0.005399
1.044,0.982518,0.017482
1.044,0.999974,2.6e-05
1.044,0.992061,0.007939
1.044,0.999964,3.6e-05
1.044,0.996089,0.003911
1.044,0.355141,0.644859
1.044,0.998541,0.001459
1.044,0.999798,0.000202
1.044,0.999914,8.6e-05
1.044,0.822729,0.177271
1.044,0.998657,0.001343
1.044,0.983674,0.016326
1.044,0.997339,0.002661
1.044,0.718697,0.281303
1.044,0.999982,1.8e-05
1.044,0.347772,0.652228
1.044,0.997691,0.002309
1.044,0.999867,0.000133
1.044,0.999938,6.2e-05
1.044,0.479414,0.520586
1.044,0.983408,0.016591
1.044,0.996776,0.003224
1.044,0.998499,0.001501
1.044,0.9977,0.0023
1.044,0.978468,0.021532
1.044,0.975253,0.024747
1.044,0.900523,0.099477
1.044,0.999982,1.8e-05
1.044,0.999439,0.000561
1.044,0.991154,0.008846
1.044,0.004391,0.995609
1.044,0.973744,0.026256
1.044,0.968237,0.031763
1.044,0.999977,2.3e-05
1.044,0.809269,0.190731
1.044,0.933017,0.066983
1.044,0.999939,6.1e-05
1.044,0.000184,0.999816
1.044,0.985879,0.014121
1.044,0.034127,0.965873
1.044,0.999565,0.000435
1.044,0.115577,0.884423
1.044,0.999856,0.000144
1.044,0.990904,0.009096
1.044,0.157912,0.842088
1.044,0.999926,7.4e-05
1.044,0.99405,0.00595
1.044,0.984856,0.015144
1.044,0.999186,0.000814
1.044,0.999965,3.5e-05
1.044,0.977145,0.022855
1.05,0.999779,0.000221
1.05,0.999985,1.5e-05
1.05,0.356972,0.643028
1.05,0.911886,0.088114
1.05,0.945916,0.054084
1.05,0.998824,0.001176
1.05,0.878611,0.121389
1.05,0.942967,0.057033
1.05,0.999046,0.000954
1.05,0.999631,0.000369
1.05,0.959149,0.040851
1.05,0.999905,9.5e-05
1.05,0.7279,0.2721
1.05,0.910456,0.089544
1.05,0.999406,0.000594
1.05,0.995356,0.004644
1.05,0.961421,0.038579
1.05,0.156736,0.843264
1.05,0.999761,0.000239
1.05,0.999447,0.000553
1.05,0.999887,0.000113
1.05,0.980302,0.019698
1.05,0.999861,0.000139
1.05,0.999132,0.000868
1.05,0.999981,1.9e-05
1.05,0.996883,0.003117
1.05,0.999233,0.000767
1.05,0.999734,0.000266
1.05,0.973292,0.026708
1.05,0.531524,0.468476
1.05,0.887793,0.112207
1.05,0.998556,0.001444
1.05,0.999968,3.2e-05
1.05,0.095929,0.904071
1.05,0.996488,0.003512
1.05,0.999866,0.000134
1.05,0.999988,1.2e-05
1.05,0.968426,0.031574
1.05,0.999922,7.7e-05
1.05,0.59942,0.40058
1.05,0.641838,0.358163
1.05,0.995955,0.004045
1.05,0.007912,0.992088
1.05,0.557739,0.442261
1.05,0.999152,0.000848
1.05,0.999857,0.000143
1.05,0.999988,1.2e-05
1.05,0.999615,0.000385
1.05,0.999367,0.000633
1.05,0.999425,0.000575
1.05,0.992525,0.007475
1.05,0.980751,0.019249
1.05,0.960456,0.039544
1.05,0.99994,6e-05
1.05,0.992443,0.007557
1.05,0.549856,0.450144
1.05,0.959255,0.040746
1.05,0.999984,1.5e-05
1.05,0.001176,0.998824
1.05,0.998355,0.001645
1.05,0.999698,0.000302
1.05,0.999724,0.000276
1.05,0.998454,0.001546
1.05,0.999949,5.1e-05
1.05,0.854369,0.145631
1.05,0.982515,0.017485
1.05,0.845247,0.154753
1.05,0.999447,0.000553
1.05,0.6543,0.3457
1.05,0.999264,0.000736
1.05,0.883215,0.116786
1.05,0.576638,0.423362
1.05,0.287608,0.712392
1.05,0.999755,0.000245
1.05,0.958787,0.041213
1.05,0.982547,0.017453
1.05,0.999975,2.5e-05
1.05,0.998202,0.001798
1.05,0.04793,0.95207
1.05,0.387124,0.612876
1.05,0.005538,0.994462
1.05,0.999948,5.2e-05
1.05,0.63462,0.36538
1.05,0.68643,0.31357
1.05,0.999939,6.1e-05
1.05,0.999711,0.000289
1.05,0.027588,0.972412
1.05,0.046048,0.953952
1.05,0.51796,0.48204
1.05,0.027213,0.972787
1.05,0.745881,0.254119
1.05,0.99998,2e-05
1.05,0.889455,0.110545
1.05,0.999312,0.000688
1.05,0.896442,0.103558
1.05,0.999956,4.4e-05
1.05,0.040636,0.959364
1.05,0.991608,0.008392
1.05,0.049218,0.950782
1.05,0.903933,0.096067
1.056,0.999979,2.1e-05
1.056,0.993662,0.006338
1.056,0.953722,0.046278
1.056,0.999802,0.000198
1.056,0.999963,3.7e-05
1.056,0.999965,3.5e-05
1.056,0.629192,0.370808
1.056,0.99974,0.00026
1.056,0.999923,7.7e-05
1.056,0.999135,0.000865
1.056,0.656716,0.343284
1.056,0.067055,0.932945
1.056,0.999909,9.1e-05
1.056,0.231884,0.768116
1.056,0.136317,0.863683
1.056,0.999892,0.000107
1.056,0.998051,0.001949
1.056,0.934056,0.065944
1.056,0.989607,0.010393
1.056,0.989482,0.010518
1.056,0.996772,0.003228
1.056,0.999968,3.2e-05
1.056,0.217707,0.782293
1.056,0.412076,0.587924
1.056,0.999958,4.2e-05
1.056,0.997081,0.002919
1.056,0.999906,9.4e-05
1.056,0.904743,0.095257
1.056,0.999968,3.2e-05
1.056,0.94805,0.05195
1.056,0.999745,0.000255
1.056,0.992504,0.007496
1.056,0.985041,0.014959
1.056,0.999595,0.000405
1.056,0.99995,5e-05
1.056,0.999962,3.8e-05
1.056,0.95616,0.04384
1.056,0.962015,0.037985
1.056,0.999872,0.000128
1.056,0.998242,0.001758
1.056,0.999939,6.1e-05
1.056,0.04103,0.95897
1.056,0.990064,0.009936
1.056,0.999945,5.5e-05
1.056,0.99993,7e-05
1.056,0.99993,7e-05
1.056,0.849216,0.150784
1.056,0.999841,0.000159
1.056,0.933237,0.066763
1.056,0.991343,0.008657
1.056,0.580866,0.419134
1.056,0.999936,6.4e-05
1.056,0.179015,0.820985
1.056,0.806478,0.193522
1.056,0.999318,0.000682
1.056,0.995897,0.004103
1.056,0.826616,0.173383
1.056,0.998681,0.001319
1.056,0.275656,0.724344
1.056,0.999861,0.000139
1.056,0.999554,0.000446
1.056,0.08327,0.91673
1.056,0.997315,0.002685
1.056,0.719754,0.280246
1.056,0.999018,0.000982
1.056,0.999134,0.000866
1.056,0.461513,0.538487
1.056,0.99996,4e-05
1.056,0.999904,9.6e-05
1.056,0.993937,0.006063
1.056,0.999847,0.000153
1.056,0.999647,0.000353
1.056,0.398443,0.601557
1.056,0.999625,0.000375
1.056,0.99996,4e-05
1.056,0.647614,0.352386
1.056,0.999597,0.000403
1.056,0.996729,0.003271
1.056,0.141548,0.858452
1.056,0.674759,0.325241
1.056,0.541752,0.458248
1.056,0.065234,0.934766
1.056,0.999915,8.5e-05
1.056,0.999768,0.000232
1.056,0.97198,0.02802
1.056,0.999133,0.000867
1.056,0.999792,0.000208
1.056,0.894722,0.105278
1.056,0.999809,0.000191
1.056,0.006886,0.993114
1.056,0.987019,0.012981
1.056,0.997054,0.002946
1.056,0.999467,0.000533
1.056,0.999984,1.6e-05
1.056,0.114248,0.885752
1.056,0.370007,0.629993
1.056,0.593297,0.406703
1.056,0.978338,0.021662
1.056,0.999665,0.000335
1.056,0.915341,0.084659
1.062,0.981627,0.018373
1.062,0.997671,0.002329
1.062,0.423137,0.576863
1.062,0.936096,0.063905
1.062,0.998106,0.001894
1.062,0.999974,2.6e-05
1.062,0.709626,0.290374
1.062,0.999976,2.4e-05
1.062,0.997868,0.002132
1.062,0.952825,0.047175
1.062,0.951627,0.048373
1.062,0.961066,0.038934
1.062,0.219009,0.780991
1.062,0.957462,0.042538
1.062,0.155115,0.844885
1.062,0.985151,0.014849
1.062,0.999037,0.000963
1.062,0.99994,6e-05
1.062,0.197125,0.802875
1.062,0.999729,0.000271
1.062,0.95413,0.045869
1.062,0.000304,0.999696
1.062,0.999889,0.000111
1.062,0.602504,0.397496
1.062,0.960622,0.039378
1.062,0.984159,0.015841
1.062,0.986012,0.013988
1.062,0.711924,0.288076
1.062,0.027566,0.972434
1.062,0.999843,0.000157
1.062,0.863106,0.136895
1.062,0.999821,0.000179
1.062,0.990534,0.009466
1.062,0.973479,0.026521
1.062,0.890358,0.109642
1.062,0.761005,0.238995
1.062,0.879001,0.120999
1.062,0.944984,0.055017
1.062,0.99519,0.00481
1.062,0.939884,0.060116
1.062,0.715568,0.284432
1.062,0.529345,0.470655
1.062,0.867222,0.132778
1.062,0.209408,0.790592
1.062,0.004558,0.995442
1.062,0.998055,0.001945
1.062,0.953904,0.046096
1.062,0.999229,0.000771
1.062,0.999904,9.6e-05
1.062,0.995592,0.004408
1.062,0.316341,0.683659
1.062,0.999384,0.000615
1.062,0.077563,0.922437
1.062,0.415132,0.584868
1.062,0.982364,0.017636
1.062,0.088672,0.911328
1.062,0.999556,0.000444
1.062,0.951105,0.048895
1.062,0.998854,0.001145
1.062,0.45155,0.54845
1.062,0.774292,0.225708
1.062,0.999875,0.000125
1.062,0.99993,7e-05
1.062,0.999455,0.000545
1.062,0.999215,0.000785
1.062,0.996318,0.003682
1.062,0.99979,0.00021
1.062,0.999588,0.000412
1.062,0.998887,0.001113
1.062,0.39405,0.60595
1.062,0.893708,0.106292
1.062,0.992701,0.007299
1.062,0.812244,0.187757
1.062,0.001007,0.998993
1.062,0.999962,3.8e-05
1.062,0.999946,5.4e-05
1.062,0.995967,0.004033
1.062,0.217544,0.782456
1.062,0.999378,0.000622
1.062,0.999901,9.9e-05
1.062,0.999931,6.9e-05
1.062,0.982884,0.017116
1.062,0.9999,1e-04
1.062,0.731543,0.268457
1.062,0.235668,0.764332
1.062,0.999944,5.6e-05
1.062,0.998803,0.001197
1.062,0.997437,0.002563
1.062,0.000502,0.999498
1.062,0.997165,0.002835
1.062,0.988515,0.011485
1.062,0.836193,0.163807
1.062,0.344018,0.655982
1.062,0.993723,0.006277
1.062,0.999563,0.000437
1.062,0.359107,0.640893
1.062,0.99959,0.00041
1.062,0.999804,0.000196
1.062,0.988364,0.011636
1.062,0.167046,0.832954
1.068,0.999918,8.2e-05
1.068,0.82061,0.17939
1.068,0.673566,0.326434
1.068,0.41913,0.58087
1.068,0.804531,0.195469
1.068,0.999772,0.000228
1.068,0.462071,0.537928
1.068,0.998964,0.001036
1.068,0.999659,0.000341
1.068,0.930496,0.069504
1.068,0.998037,0.001963
1.068,0.998294,0.001706
1.068,0.97101,0.02899
1.068,0.481129,0.518871
1.068,0.976179,0.023821
1.068,0.600981,0.399019
1.068,0.998589,0.001411
1.068,0.973076,0.026924
1.068,0.826538,0.173462
1.068,0.998897,0.001103
1.068,0.99216,0.00784
1.068,0.996946,0.003054
1.068,0.999833,0.000167
1.068,0.999957,4.3e-05
1.068,0.999191,0.000809
1.068,0.883091,0.116909
1.068,0.999703,0.000297
1.068,0.999847,0.000153
1.068,0.999923,7.7e-05
1.068,0.999944,5.6e-05
1.068,0.444643,0.555357
1.068,0.998553,0.001447
1.068,0.568639,0.431361
1.068,0.046293,0.953707
1.068,0.996661,0.003339
1.068,0.999741,0.000259
1.068,0.986398,0.013602
1.068,0.995606,0.004394
1.068,0.981974,0.018026
1.068,0.003476,0.996524
1.068,0.968762,0.031238
1.068,0.856368,0.143632
1.068,0.981569,0.018431
1.068,0.973207,0.026793
1.068,0.151692,0.848308
1.068,0.996517,0.003483
1.068,0.997854,0.002146
1.068,0.999823,0.000177
1.068,0.949499,0.050501
1.068,0.933972,0.066028
1.068,0.940003,0.059997
1.068,0.996893,0.003107
1.068,0.857463,0.142537
1.068,0.998957,0.001043
1.068,0.999126,0.000874
1.068,0.987417,0.012583
1.068,0.33619,0.66381
1.068,0.305137,0.694863
1.068,0.977051,0.022949
1.068,0.997497,0.002503
1.068,0.99455,0.00545
1.068,0.359038,0.640962
1.068,0.999971,2.9e-05
1.068,0.99995,5e-05
1.068,0.999407,0.000593
1.068,0.989992,0.010008
1.068,0.999864,0.000136
1.068,0.999961,3.9e-05
1.068,0.999986,1.3e-05
1.068,0.814344,0.185656
1.068,0.997182,0.002818
1.068,0.970847,0.029153
1.068,0.981944,0.018056
1.068,0.999885,0.000115
1.068,0.993693,0.006307
1.068,0.008564,0.991436
1.068,0.897759,0.102241
1.068,0.465441,0.534559
1.068,0.951475,0.048525
1.068,0.976261,0.023739
1.068,0.598684,0.401316
1.068,0.998373,0.001627
1.068,0.998684,0.001316
1.068,0.549005,0.450995
1.068,0.039188,0.960812
1.068,0.999622,0.000378
1.068,0.061683,0.938317
1.068,0.998346,0.001654
1.068,0.165587,0.834413
1.068,0.145348,0.854652
1.068,0.828949,0.171051
1.068,0.983974,0.016026
1.068,0.977418,0.022582
1.068,0.091298,0.908702
1.068,0.99983,0.00017
1.068,0.002322,0.997678
1.068,0.999986,1.3e-05
1.068,0.999178,0.000822
1.068,0.999724,0.000276
1.068,0.626471,0.373529
1.074,0.862614,0.137386
1.074,0.996426,0.003574
1.074,0.037996,0.962004
1.074,0.999623,0.000377
1.074,0.873082,0.126918
1.074,0.308884,0.691116
1.074,0.997599,0.002401
1.074,0.990244,0.009756
1.074,0.992814,0.007186
1.074,0.960236,0.039764
1.074,0.999682,0.000318
1.074,0.994956,0.005044
1.074,0.925055,0.074945
1.074,0.998541,0.001459
1.074,0.000815,0.999185
1.074,0.784194,0.215806
1.074,0.73378,0.26622
1.074,0.999896,0.000104
1.074,0.904766,0.095234
1.074,0.875713,0.124287
1.074,0.088777,0.911223
1.074,0.986302,0.013698
1.074,0.993447,0.006553
1.074,0.971874,0.028126
1.074,0.99663,0.00337
1.074,0.421668,0.578332
1.074,0.013516,0.986484
1.074,0.999896,0.000104
1.074,0.988917,0.011083
1.074,0.011406,0.988593
1.074,0.050556,0.949444
1.074,0.999728,0.000271
1.074,0.514349,0.485651
1.074,0.999793,0.000207
1.074,0.434253,0.565747
1.074,0.994464,0.005536
1.074,0.999947,5.3e-05
1.074,0.976032,0.023968
1.074,0.182335,0.817665
1.074,0.934115,0.065885
1.074,0.999679,0.000321
1.074,0.999854,0.000146
1.074,0.999809,0.000191
1.074,0.999809,0.000191
1.074,0.999968,3.2e-05
1.074,0.401382,0.598618
1.074,0.999064,0.000936
1.074,0.999982,1.8e-05
1.074,0.933362,0.066638
1.074,0.296006,0.703994
1.074,0.503639,0.496361
1.074,0.632493,0.367507
1.074,0.97371,0.02629
1.074,0.175076,0.824924
1.074,0.999927,7.3e-05
1.074,0.999724,0.000276
1.074,0.276848,0.723152
1.074,0.999975,2.5e-05
1.074,0.286224,0.713776
1.074,0.010146,0.989854
1.074,0.999969,3.1e-05
1.074,0.720243,0.279757
1.074,0.999392,0.000608
1.074,0.99997,3e-05
1.074,0.952781,0.047219
1.074,0.998962,0.001038
1.074,0.456546,0.543454
1.074,0.089188,0.910812
1.074,0.654472,0.345528
1.074,0.999973,2.7e-05
1.074,0.999968,3.1e-05
1.074,0.06767,0.93233
1.074,0.001548,0.998452
1.074,0.864274,0.135726
1.074,0.395402,0.604598
1.074,0.23965,0.76035
1.074,0.985234,0.014766
1.074,0.065024,0.934976
1.074,0.365875,0.634125
1.074,0.153665,0.846335
1.074,0.999585,0.000415
1.074,0.998296,0.001704
1.074,0.948324,0.051676
1.074,0.999872,0.000128
1.074,0.99957,0.00043
1.074,0.989943,0.010057
1.074,0.99961,0.00039
1.074,0.992855,0.007145
1.074,0.312727,0.687273
1.074,0.996443,0.003557
1.074,0.995462,0.004538
1.074,0.99752,0.00248
1.074,0.064369,0.935631
1.074,0.997947,0.002053
1.074,0.463764,0.536236
1.074,0.990497,0.009503
1.074,0.999978,2.2e-05
1.074,0.928905,0.071095
1.074,0.985158,0.014842
1.074,0.417062,0.582938
1.08,0.88249,0.11751
1.08,0.163256,0.836744
1.08,0.587148,0.412852
1.08,0.055164,0.944836
1.08,0.988983,0.011017
1.08,0.999564,0.000436
1.08,0.124437,0.875563
1.08,0.999318,0.000682
1.08,0.042576,0.957424
1.08,0.999937,6.3e-05
1.08,4.2e-05,0.999958
1.08,0.782271,0.217729
1.08,0.647323,0.352677
1.08,0.847906,0.152094
1.08,0.997914,0.002086
1.08,0.654018,0.345982
1.08,0.991938,0.008062
1.08,0.423711,0.576289
1.08,0.999841,0.000159
1.08,0.999945,5.5e-05
1.08,0.988204,0.011796
1.08,0.999694,0.000306
1.08,0.950459,0.049541
1.08,0.981451,0.018549
1.08,0.999379,0.000621
1.08,0.9991,0.0009
1.08,0.987621,0.012379
1.08,0.998368,0.001632
1.08,0.016279,0.983721
1.08,0.985644,0.014356
1.08,0.984939,0.015061
1.08,0.997566,0.002434
1.08,0.948019,0.051981
1.08,0.146407,0.853592
1.08,0.644452,0.355548
1.08,0.695779,0.304221
1.08,0.999181,0.000819
1.08,0.998495,0.001505
1.08,0.995972,0.004028
1.08,0.999988,1.2e-05
1.08,0.048679,0.951321
1.08,0.123744,0.876256
1.08,0.999289,0.000711
1.08,0.992001,0.007999
1.08,0.355968,0.644032
1.08,0.555745,0.444255
1.08,0.844656,0.155344
1.08,0.99961,0.000389
1.08,0.327021,0.672979
1.08,0.585045,0.414954
1.08,0.991433,0.008567
1.08,0.000251,0.999749
1.08,0.231791,0.768209
1.08,0.23372,0.76628
1.08,0.690244,0.309756
1.08,0.931981,0.068019
1.08,0.991301,0.008699
1.08,0.728208,0.271792
1.08,0.000127,0.999873
1.08,0.999986,1.4e-05
1.08,0.914435,0.085565
1.08,0.904897,0.095103
1.08,0.995364,0.004636
1.08,0.10751,0.89249
1.08,0.999834,0.000166
1.08,0.942197,0.057803
1.08,0.101505,0.898495
1.08,0.012343,0.987657
1.08,0.977746,0.022255
1.08,0.99242,0.00758
1.08,0.999951,4.9e-05
1.08,0.001063,0.998937
1.08,0.985322,0.014678
1.08,0.640775,0.359225
1.08,0.935739,0.064261
1.08,0.001256,0.998744
1.08,0.931715,0.068285
1.08,0.950267,0.049733
1.08,0.998238,0.001762
1.08,0.999949,5.1e-05
1.08,0.914286,0.085714
1.08,0.927474,0.072526
1.08,0.55763,0.44237
1.08,0.999303,0.000697
1.08,0.378289,0.621711
1.08,0.244026,0.755974
1.08,0.997042,0.002958
1.08,0.999034,0.000966
1.08,0.327694,0.672306
1.08,0.000202,0.999798
1.08,0.51001,0.48999
1.08,0.351116,0.648884
1.08,0.989501,0.010499
1.08,0.751279,0.248721
1.08,0.000113,0.999887
1.08,0.999985,1.5e-05
1.08,0.973229,0.026771
1.08,0.999984,1.6e-05
1.08,0.993242,0.006758
1.08,0.999878,0.000122
1.086,0.706503,0.293497
1.086,0.974146,0.025854
1.086,0.716121,0.283879
1.086,0.350469,0.649531
1.086,0.928593,0.071407
1.086,0.774632,0.225368
1.086,0.764158,0.235842
1.086,0.100526,0.899474
1.086,0.932626,0.067373
1.086,0.996885,0.003115
1.086,0.003828,0.996172
1.086,0.999538,0.000462
1.086,0.543198,0.456802
1.086,0.789779,0.210221
1.086,0.970229,0.029771
1.086,0.999832,0.000168
1.086,0.757389,0.242611
1.086,0.001586,0.998414
1.086,0.945818,0.054182
1.086,0.877807,0.122193
1.086,0.524835,0.475165
1.086,0.041981,0.958019
1.086,0.996614,0.003386
1.086,0.934405,0.065595
1.086,0.960759,0.039241
1.086,0.999248,0.000752
1.086,0.712909,0.287091
1.086,0.315616,0.684384
1.086,0.881815,0.118185
1.086,0.994789,0.005211
1.086,0.01392,0.98608
1.086,0.969751,0.030249
1.086,0.647269,0.352731
1.086,0.365072,0.634928
1.086,0.997279,0.002721
1.086,0.435108,0.564892
1.086,0.931245,0.068755
1.086,0.973398,0.026602
1.086,0.955844,0.044156
1.086,0.006883,0.993116
1.086,0.885267,0.114733
1.086,0.108275,0.891726
1.086,0.999837,0.000163
1.086,0.313086,0.686914
1.086,0.945705,0.054295
1.086,0.573156,0.426844
1.086,0.992139,0.007861
1.086,0.90379,0.09621
1.086,0.970399,0.029601
1.086,0.931408,0.068592
1.086,0.35343,0.64657
1.086,0.350013,0.649987
1.086,0.999982,1.8e-05
1.086,0.044523,0.955477
1.086,0.999853,0.000147
1.086,0.998972,0.001028
1.086,0.999712,0.000288
1.086,0.997798,0.002202
1.086,0.983793,0.016207
1.086,0.999504,0.000496
1.086,0.816054,0.183946
1.086,0.986897,0.013103
1.086,0.964831,0.035169
1.086,0.99958,0.00042
1.086,0.998577,0.001423
1.086,0.981649,0.018351
1.086,0.229546,0.770454
1.086,0.999968,3.2e-05
1.086,0.998988,0.001012
1.086,0.105595,0.894405
1.086,0.445651,0.554349
1.086,0.240864,0.759136
1.086,0.999598,0.000402
1.086,0.999162,0.000838
1.086,0.457773,0.542227
1.086,0.295528,0.704472
1.086,0.999986,1.4e-05
1.086,0.999389,0.000611
1.086,0.999938,6.2e-05
1.086,0.906908,0.093092
1.086,0.506857,0.493143
1.086,0.681001,0.318999
1.086,0.883933,0.116067
1.086,0.774902,0.225098
1.086,0.992103,0.007897
1.086,0.999884,0.000116
1.086,0.029306,0.970694
1.086,0.84832,0.15168
1.086,0.999745,0.000255
1.086,0.040621,0.959379
1.086,0.84453,0.15547
1.086,0.349018,0.650982
1.086,0.999989,1.1e-05
1.086,0.999959,4.1e-05
1.086,0.627531,0.372469
1.086,0.701873,0.298127
1.086,0.021821,0.978179
1.086,0.469559,0.530441
1.086,0.991771,0.008229
1.086,0.881223,0.118777
1.092,0.01897,0.98103
1.092,0.999007,0.000993
1.092,0.035692,0.964308
1.092,0.945006,0.054994
1.092,0.998129,0.001871
1.092,0.834235,0.165765
1.092,0.880617,0.119383
1.092,0.966516,0.033484
1.092,0.980613,0.019387
1.092,0.999986,1.4e-05
1.092,0.999134,0.000866
1.092,0.999601,0.000399
1.092,0.99804,0.00196
1.092,0.999902,9.8e-05
1.092,0.622695,0.377305
1.092,0.226609,0.773391
1.092,0.000435,0.999565
1.092,0.22499,0.77501
1.092,0.978518,0.021483
1.092,0.023615,0.976385
1.092,0.999164,0.000836
1.092,0.996408,0.003591
1.092,0.999882,0.000118
1.092,0.998034,0.001966
1.092,0.955404,0.044596
1.092,0.544099,0.455901
1.092,0.549342,0.450658
1.092,0.991442,0.008558
1.092,0.919455,0.080545
1.092,0.995634,0.004366
1.092,0.999656,0.000344
1.092,0.074957,0.925043
1.092,0.997878,0.002122
1.092,0.978712,0.021288
1.092,0.816788,0.183212
1.092,0.812162,0.187838
1.092,0.862956,0.137043
1.092,0.969837,0.030163
1.092,0.367307,0.632693
1.092,0.998502,0.001498
1.092,0.999583,0.000417
1.092,0.571054,0.428946
1.092,0.699682,0.300318
1.092,0.871151,0.128849
1.092,0.288231,0.711769
1.092,0.850122,0.149878
1.092,0.708109,0.291891
1.092,0.747844,0.252156
1.092,0.15839,0.84161
1.092,0.101267,0.898733
1.092,0.964931,0.035069
1.092,0.985804,0.014196
1.092,0.074928,0.925072
1.092,0.998421,0.001579
1.092,0.216549,0.783451
1.092,0.27632,0.72368
1.092,0.992148,0.007852
1.092,0.999533,0.000467
1.092,0.972422,0.027578
1.092,0.917118,0.082882
1.092,0.99978,0.00022
1.092,0.560222,0.439778
1.092,0.000837,0.999163
1.092,0.6871,0.3129
1.092,0.954743,0.045257
1.092,0.941036,0.058964
1.092,0.985904,0.014096
1.092,0.999699,0.000301
1.092,0.998298,0.001702
1.092,0.761395,0.238605
1.092,0.999733,0.000267
1.092,0.988078,0.011922
1.092,0.119499,0.880501
1.092,0.003447,0.996553
1.092,0.000192,0.999808
1.092,0.979543,0.020457
1.092,0.985812,0.014188
1.092,0.001776,0.998224
1.092,0.95729,0.04271
1.092,0.999955,4.5e-05
1.092,0.941208,0.058792
1.092,0.999797,0.000203
1.092,0.24969,0.75031
1.092,0.953038,0.046962
1.092,0.986256,0.013744
1.092,0.998765,0.001235
1.092,0.996493,0.003507
1.092,0.969728,0.030272
1.092,0.999688,0.000312
1.092,0.004089,0.995911
1.092,0.999922,7.8e-05
1.092,0.994485,0.005515
1.092,0.965779,0.034221
1.092,0.259182,0.740818
1.092,0.085697,0.914303
1.092,0.999508,0.000492
1.092,0.788467,0.211533
1.092,0.998412,0.001588
1.092,0.993986,0.006014
1.092,0.309709,0.690291
1.098,0.723214,0.276786
1.098,0.660343,0.339657
1.098,0.901767,0.098233
1.098,0.917228,0.082772
1.098,0.508139,0.491861
1.098,0.903451,0.096549
1.098,0.651542,0.348458
1.098,0.936512,0.063488
1.098,0.93104,0.06896
1.098,0.315178,0.684822
1.098,0.999625,0.000375
1.098,0.890675,0.109325
1.098,0.606854,0.393146
1.098,0.993398,0.006602
1.098,0.898343,0.101657
1.098,0.970355,0.029645
1.098,0.150259,0.849741
1.098,0.474776,0.525224
1.098,0.409137,0.590863
1.098,0.296832,0.703168
1.098,0.285263,0.714737
1.098,0.296456,0.703544
1.098,0.94046,0.05954
1.098,0.995502,0.004498
1.098,0.016665,0.983335
1.098,0.990889,0.009111
1.098,0.998709,0.001291
1.098,0.999981,1.9e-05
1.098,0.975444,0.024556
1.098,0.98359,0.01641
1.098,0.999587,0.000413
1.098,0.083,0.917
1.098,0.9997,0.0003
1.098,0.229263,0.770737
1.098,0.997954,0.002046
1.098,1.3e-05,0.999987
1.098,0.999517,0.000483
1.098,0.990587,0.009413
1.098,0.999583,0.000417
1.098,0.648523,0.351477
1.098,0.358974,0.641026
1.098,0.400289,0.59971
1.098,0.998624,0.001376
1.098,0.996002,0.003998
1.098,0.002261,0.997739
1.098,0.766493,0.233507
1.098,0.000428,0.999572
1.098,0.540384,0.459616
1.098,0.998429,0.001571
1.098,0.006671,0.99333
1.098,0.99912,0.00088
1.098,0.906255,0.093745
1.098,0.996261,0.003739
1.098,0.993028,0.006972
1.098,0.618542,0.381458
1.098,0.052447,0.947553
1.098,0.133825,0.866175
1.098,0.002727,0.997273
1.098,0.996095,0.003905
1.098,0.990378,0.009622
1.098,0.99853,0.00147
1.098,0.990485,0.009515
1.098,0.57414,0.42586
1.098,0.001849,0.998151
1.098,0.914519,0.085481
1.098,0.846271,0.153729
1.098,0.008286,0.991714
1.098,0.987416,0.012585
1.098,0.111129,0.888871
1.098,0.510122,0.489878
1.098,0.947558,0.052442
1.098,0.396089,0.603911
1.098,0.651614,0.348386
1.098,0.956162,0.043838
1.098,0.964512,0.035488
1.098,0.996684,0.003316
1.098,0.002623,0.997377
1.098,0.991772,0.008228
1.098,0.577724,0.422276
1.098,0.988729,0.011271
1.098,0.260206,0.739794
1.098,0.987022,0.012978
1.098,0.762352,0.237648
1.098,0.997056,0.002944
1.098,0.978311,0.021689
1.098,0.027738,0.972262
1.098,0.996777,0.003223
1.098,0.008404,0.991596
1.098,0.993782,0.006218
1.098,0.947228,0.052772
1.098,0.133428,0.866572
1.098,0.899319,0.100681
1.098,0.999808,0.000192
1.098,0.475977,0.524023
1.098,0.142689,0.857311
1.098,0.995971,0.004029
1.098,0.668237,0.331763
1.098,0.119326,0.880674
1.098,0.631776,0.368224
1.098,0.936448,0.063552
1.105,0.133867,0.866133
1.105,0.030612,0.969388
1.105,0.460779,0.539221
1.105,0.928876,0.071124
1.105,0.998202,0.001798
1.105,0.864528,0.135472
1.105,0.071752,0.928248
1.105,0.113513,0.886487
1.105,0.017325,0.982675
1.105,0.994989,0.005011
1.105,0.999774,0.000226
1.105,0.108311,0.89169
1.105,0.981727,0.018273
1.105,0.796361,0.203639
1.105,0.181758,0.818242
1.105,0.932288,0.067712
1.105,0.864502,0.135498
1.105,0.037175,0.962825
1.105,0.999894,0.000106
1.105,0.930856,0.069144
1.105,0.999538,0.000462
1.105,0.699112,0.300888
1.105,0.463148,0.536852
1.105,0.999893,0.000107
1.105,0.079986,0.920014
1.105,0.603888,0.396112
1.105,0.998312,0.001688
1.105,0.999943,5.7e-05
1.105,0.00839,0.99161
1.105,0.844126,0.155874
1.105,0.914124,0.085876
1.105,0.188024,0.811976
1.105,0.667174,0.332826
1.105,0.843567,0.156433
1.105,0.999022,0.000978
1.105,0.9956,0.0044
1.105,0.999819,0.000181
1.105,0.58505,0.41495
1.105,0.7229,0.2771
1.105,0.129377,0.870623
1.105,0.997331,0.002669
1.105,0.000342,0.999658
1.105,0.018348,0.981652
1.105,0.622286,0.377714
1.105,0.99493,0.00507
1.105,0.40762,0.59238
1.105,0.999836,0.000164
1.105,0.350788,0.649211
1.105,0.928808,0.071192
1.105,0.999746,0.000254
1.105,0.216005,0.783994
1.105,0.338711,0.661289
1.105,0.989183,0.010817
1.105,0.999721,0.000279
1.105,0.003113,0.996887
1.105,0.990199,0.009801
1.105,0.908366,0.091634
1.105,0.148371,0.851629
1.105,0.999049,0.000951
1.105,0.999984,1.6e-05
1.105,0.999843,0.000157
1.105,0.999807,0.000193
1.105,0.06867,0.93133
1.105,0.017439,0.982561
1.105,0.032835,0.967165
1.105,0.544337,0.455663
1.105,0.528286,0.471714
1.105,0.787685,0.212315
1.105,0.997813,0.002187
1.105,0.999426,0.000574
1.105,0.999773,0.000227
1.105,0.321994,0.678006
1.105,0.98347,0.01653
1.105,0.995199,0.004801
1.105,0.999722,0.000278
1.105,0.99996,4e-05
1.105,0.998966,0.001035
1.105,0.996322,0.003678
1.105,0.298485,0.701515
1.105,0.997392,0.002608
1.105,0.999948,5.2e-05
1.105,0.97542,0.02458
1.105,0.996692,0.003308
1.105,0.042239,0.957761
1.105,0.875525,0.124475
1.105,0.036982,0.963018
1.105,0.121397,0.878603
1.105,0.992978,0.007022
1.105,0.047459,0.952541
1.105,0.942211,0.057789
1.105,0.076779,0.923221
1.105,0.993906,0.006094
1.105,0.435749,0.564251
1.105,0.105746,0.894254
1.105,0.006895,0.993105
1.105,0.959293,0.040707
1.105,0.7318,0.2682
1.105,0.039257,0.960743
1.105,0.00142,0.99858
1.105,0.902605,0.097395
1.111,0.997376,0.002624
1.111,0.254391,0.745609
1.111,0.983408,0.016592
1.111,0.275604,0.724396
1.111,0.177733,0.822267
1.111,0.999235,0.000765
1.111,0.83259,0.16741
1.111,0.999018,0.000982
1.111,0.999298,0.000702
1.111,0.055926,0.944074
1.111,0.334946,0.665054
1.111,0.655321,0.344679
1.111,0.068711,0.931289
1.111,0.938243,0.061757
1.111,0.995305,0.004695
1.111,0.00016,0.99984
1.111,0.887153,0.112847
1.111,0.991885,0.008115
1.111,0.071639,0.928361
1.111,0.999909,9.1e-05
1.111,0.000187,0.999813
1.111,0.999914,8.6e-05
1.111,0.584639,0.415361
1.111,0.987003,0.012997
1.111,0.999816,0.000184
1.111,0.904123,0.095877
1.111,0.996118,0.003882
1.111,0.636258,0.363742
1.111,0.137789,0.862211
1.111,0.999387,0.000613
1.111,0.541769,0.458231
1.111,0.999968,3.2e-05
1.111,0.914365,0.085635
1.111,0.999759,0.000241
1.111,0.568054,0.431946
1.111,0.975593,0.024407
1.111,0.999816,0.000184
1.111,0.042006,0.957994
1.111,0.000443,0.999557
1.111,0.988761,0.011239
1.111,0.370222,0.629778
1.111,0.000179,0.999821
1.111,0.178262,0.821738
1.111,0.988537,0.011463
1.111,0.997292,0.002708
1.111,0.998892,0.001108
1.111,0.002407,0.997593
1.111,0.182156,0.817844
1.111,0.998285,0.001715
1.111,0.998062,0.001938
1.111,0.914423,0.085577
1.111,0.473015,0.526985
1.111,0.99966,0.00034
1.111,5.9e-05,0.999941
1.111,0.999808,0.000192
1.111,0.999032,0.000968
1.111,0.223295,0.776705
1.111,0.999831,0.000169
1.111,0.210263,0.789737
1.111,0.000354,0.999646
1.111,0.269707,0.730293
1.111,0.000247,0.999753
1.111,0.990205,0.009795
1.111,0.066641,0.933359
1.111,0.311192,0.688808
1.111,0.998882,0.001118
1.111,0.999897,0.000103
1.111,0.984172,0.015828
1.111,0.003407,0.996593
1.111,0.999887,0.000113
1.111,0.916403,0.083597
1.111,0.480735,0.519265
1.111,0.655309,0.344691
1.111,0.850711,0.149289
1.111,0.937574,0.062426
1.111,0.98869,0.011309
1.111,0.004672,0.995328
1.111,0.046926,0.953074
1.111,0.9946,0.0054
1.111,0.54605,0.45395
1.111,0.050504,0.949496
1.111,0.008437,0.991563
1.111,0.835253,0.164747
1.111,0.983066,0.016934
1.111,0.000519,0.999481
1.111,0.999126,0.000874
1.111,0.99956,0.00044
1.111,0.42258,0.57742
1.111,0.766848,0.233152
1.111,0.947165,0.052836
1.111,0.829506,0.170494
1.111,0.145953,0.854047
1.111,0.931571,0.068429
1.111,0.778994,0.221006
1.111,0.999931,6.9e-05
1.111,0.761051,0.238949
1.111,0.502598,0.497402
1.111,0.957641,0.042359
1.111,0.944414,0.055586
1.111,0.99591,0.00409
1.117,0.931611,0.068389
1.117,0.009191,0.990809
1.117,0.997218,0.002782
1.117,0.999944,5.6e-05
1.117,9.6e-05,0.999904
1.117,0.756452,0.243548
1.117,0.998913,0.001087
1.117,0.01132,0.98868
1.117,0.076477,0.923523
1.117,0.316091,0.683909
1.117,0.994512,0.005489
1.117,0.17729,0.82271
1.117,0.681238,0.318762
1.117,0.973441,0.026559
1.117,0.946453,0.053547
1.117,0.152718,0.847282
1.117,0.948003,0.051997
1.117,0.999962,3.8e-05
1.117,0.9934,0.0066
1.117,0.374832,0.625168
1.117,0.994192,0.005808
1.117,0.01334,0.98666
1.117,0.025261,0.974739
1.117,0.69523,0.304771
1.117,0.9908,0.0092
1.117,0.927128,0.072872
1.117,0.493057,0.506943
1.117,0.020052,0.979948
1.117,0.0108,0.9892
1.117,0.997025,0.002975
1.117,0.922499,0.077501
1.117,0.033423,0.966577
1.117,0.994824,0.005176
1.117,0.993859,0.006141
1.117,0.365185,0.634815
1.117,0.999967,3.3e-05
1.117,0.913587,0.086413
1.117,0.852445,0.147555
1.117,0.999614,0.000386
1.117,0.052475,0.947525
1.117,0.893605,0.106395
1.117,0.001279,0.998721
1.117,0.979087,0.020913
1.117,0.945938,0.054062
1.117,0.999477,0.000523
1.117,0.859637,0.140363
1.117,0.000277,0.999723
1.117,0.020881,0.97912
1.117,0.135543,0.864457
1.117,0.996862,0.003138
1.117,0.999756,0.000244
1.117,0.999859,0.000141
1.117,0.922091,0.077909
1.117,0.991675,0.008325
1.117,0.999886,0.000114
1.117,0.300856,0.699144
1.117,0.018855,0.981145
1.117,0.926418,0.073582
1.117,0.423926,0.576074
1.117,0.99752,0.002479
1.117,0.242562,0.757438
1.117,0.908981,0.091019
1.117,0.009576,0.990424
1.117,0.238892,0.761108
1.117,0.786307,0.213693
1.117,0.020979,0.979021
1.117,0.985396,0.014604
1.117,0.819535,0.180465
1.117,0.998527,0.001473
1.117,0.997207,0.002793
1.117,0.059208,0.940792
1.117,0.857896,0.142104
1.117,0.970718,0.029282
1.117,0.039426,0.960574
1.117,0.997779,0.002221
1.117,0.999638,0.000362
1.117,0.974163,0.025837
1.117,0.991789,0.008211
1.117,0.937919,0.062081
1.117,0.006207,0.993793
1.117,0.008758,0.991242
1.117,0.964738,0.035262
1.117,0.103281,0.896719
1.117,0.309589,0.690411
1.117,0.982809,0.017191
1.117,0.000391,0.999609
1.117,0.993415,0.006585
1.117,0.139547,0.860453
1.117,0.206532,0.793468
1.117,0.365079,0.634921
1.117,0.537756,0.462244
1.117,0.999319,0.000681
1.117,0.988821,0.011179
1.117,0.000487,0.999513
1.117,0.908882,0.091118
1.117,0.980048,0.019952
1.117,0.038726,0.961274
1.117,0.103787,0.896213
1.117,0.971999,0.028001
1.117,0.564521,0.435478
1.123,0.989163,0.010837
1.123,0.999395,0.000605
1.123,0.999198,0.000802
1.123,0.996548,0.003452
1.123,0.784884,0.215116
1.123,0.033049,0.966951
1.123,0.96727,0.032729
1.123,0.036953,0.963047
1.123,4.6e-05,0.999954
1.123,0.965143,0.034857
1.123,0.997412,0.002588
1.123,0.999729,0.000271
1.123,0.265814,0.734186
1.123,0.980307,0.019693
1.123,0.999962,3.8e-05
1.123,0.452057,0.547943
1.123,0.17386,0.82614
1.123,0.236987,0.763013
1.123,0.971674,0.028326
1.123,0.008079,0.991921
1.123,0.998677,0.001323
1.123,0.064728,0.935272
1.123,0.857409,0.142591
1.123,0.965218,0.034782
1.123,0.935768,0.064232
1.123,0.475325,0.524675
1.123,0.871568,0.128432
1.123,0.999497,0.000503
1.123,0.777424,0.222576
1.123,0.005676,0.994324
1.123,0.987331,0.012669
1.123,0.99733,0.00267
1.123,0.249601,0.750399
1.123,0.968803,0.031197
1.123,0.656779,0.343221
1.123,0.99812,0.00188
1.123,0.985868,0.014132
1.123,0.038788,0.961212
1.123,0.552274,0.447726
1.123,0.999862,0.000138
1.123,0.591511,0.408489
1.123,0.994003,0.005997
1.123,0.991783,0.008217
1.123,0.625736,0.374264
1.123,0.460842,0.539158
1.123,0.990937,0.009063
1.123,0.994447,0.005553
1.123,0.994296,0.005704
1.123,0.01281,0.98719
1.123,0.213469,0.786531
1.123,0.944569,0.055431
1.123,4.5e-05,0.999955
1.123,0.994004,0.005996
1.123,0.998578,0.001422
1.123,0.106306,0.893694
1.123,0.999083,0.000917
1.123,0.329494,0.670506
1.123,3e-06,0.999998
1.123,0.999287,0.000713
1.123,0.904597,0.095403
1.123,0.7468,0.2532
1.123,0.999423,0.000577
1.123,0.999851,0.000149
1.123,0.894164,0.105836
1.123,0.36197,0.63803
1.123,0.985252,0.014748
1.123,0.962782,0.037218
1.123,0.004082,0.995918
1.123,0.188868,0.811132
1.123,0.956637,0.043363
1.123,0.995132,0.004868
1.123,0.997578,0.002423
1.123,0.967307,0.032693
1.123,0.508469,0.491531
1.123,0.999848,0.000152
1.123,0.999915,8.5e-05
1.123,0.999827,0.000173
1.123,0.948161,0.051839
1.123,0.019681,0.980319
1.123,0.021845,0.978155
1.123,0.256177,0.743823
1.123,0.002454,0.997546
1.123,0.25138,0.74862
1.123,0.225545,0.774455
1.123,0.998314,0.001686
1.123,0.012756,0.987244
1.123,0.134095,0.865905
1.123,0.321062,0.678938
1.123,0.992974,0.007026
1.123,0.998864,0.001136
1.123,0.890751,0.109249
1.123,0.552729,0.447271
1.123,0.910543,0.089457
1.123,0.996407,0.003593
1.123,0.695214,0.304786
1.123,0.000942,0.999058
1.123,0.399957,0.600043
1.123,0.015805,0.984195
1.123,0.992715,0.007285
1.123,0.000355,0.999645
1.129,0.999898,0.000102
1.129,0.074293,0.925707
1.129,0.999985,1.5e-05
1.129,0.738091,0.261909
1.129,0.974471,0.025529
1.129,0.760706,0.239294
1.129,0.981603,0.018397
1.129,0.082633,0.917367
1.129,0.388269,0.611731
1.129,0.072305,0.927695
1.129,0.000446,0.999554
1.129,0.000494,0.999506
1.129,0.987861,0.012139
1.129,0.003417,0.996583
1.129,0.999643,0.000357
1.129,0.995993,0.004007
1.129,0.972793,0.027207
1.129,0.230456,0.769544
1.129,0.998874,0.001126
1.129,0.778258,0.221742
1.129,0.999526,0.000474
1.129,0.133646,0.866354
1.129,0.940084,0.059916
1.129,0.998435,0.001565
1.129,0.625959,0.374041
1.129,0.993391,0.006609
1.129,0.061486,0.938514
1.129,0.162759,0.837242
1.129,0.523958,0.476042
1.129,0.500538,0.499462
1.129,0.994812,0.005188
1.129,0.894848,0.105152
1.129,0.997122,0.002878
1.129,0.007195,0.992805
1.129,0.342249,0.657751
1.129,0.623229,0.376771
1.129,0.977035,0.022965
1.129,0.464137,0.535863
1.129,0.014203,0.985797
1.129,0.973916,0.026084
1.129,0.99398,0.00602
1.129,0.999891,0.000109
1.129,0.978668,0.021332
1.129,0.979774,0.020226
1.129,0.997585,0.002415
1.129,0.000999,0.999001
1.129,0.609751,0.390249
1.129,0.678322,0.321678
1.129,7e-06,0.999993
1.129,0.382288,0.617712
1.129,0.991224,0.008776
1.129,0.959091,0.040909
1.129,0.420295,0.579705
1.129,0.997244,0.002756
1.129,0.385626,0.614374
1.129,0.998643,0.001357
1.129,0.306463,0.693537
1.129,0.000201,0.999799
1.129,0.62823,0.37177
1.129,0.001569,0.998431
1.129,0.973742,0.026258
1.129,0.999841,0.000159
1.129,0.066709,0.933291
1.129,0.997238,0.002762
1.129,1e-06,0.999999
1.129,0.999892,0.000108
1.129,0.543319,0.456681
1.129,0.997391,0.002609
1.129,0.45376,0.54624
1.129,0.875503,0.124497
1.129,0.97406,0.02594
1.129,0.029745,0.970255
1.129,0.999949,5.1e-05
1.129,0.999687,0.000313
1.129,0.999922,7.8e-05
1.129,0.000649,0.999351
1.129,0.994752,0.005248
1.129,2.6e-05,0.999974
1.129,0.200583,0.799417
1.129,0.99905,0.00095
1.129,0.024703,0.975297
1.129,0.011821,0.988179
1.129,0.999918,8.2e-05
1.129,0.972743,0.027257
1.129,0.039601,0.960399
1.129,0.330213,0.669787
1.129,0.869469,0.130531
1.129,0.105628,0.894372
1.129,0.778821,0.221179
1.129,5e-06,0.999995
1.129,0.003135,0.996865
1.129,0.8501,0.1499
1.129,0.024582,0.975418
1.129,0.866237,0.133763
1.129,0.001839,0.998161
1.129,0.064222,0.935778
1.129,0.999899,0.000101
1.129,0.831484,0.168516
1.129,0.994359,0.005641
1.129,0.999435,0.000565
1.135,0.90664,0.09336
1.135,0.32368,0.67632
1.135,0.992205,0.007795
1.135,0.107836,0.892164
1.135,0.999732,0.000268
1.135,0.153864,0.846136
1.135,0.145511,0.854489
1.135,9.3e-05,0.999907
1.135,7e-05,0.99993
1.135,0.619683,0.380317
1.135,0.999442,0.000557
1.135,0.002855,0.997145
1.135,0.006956,0.993044
1.135,0.934062,0.065937
1.135,0.889495,0.110505
1.135,0.164741,0.835259
1.135,0.006959,0.993041
1.135,0.999754,0.000246
1.135,0.002763,0.997237
1.135,0.309729,0.690271
1.135,0.054224,0.945776
1.135,0.414553,0.585448
1.135,0.034672,0.965328
1.135,0.973483,0.026517
1.135,0.997255,0.002746
1.135,0.185624,0.814376
1.135,0.004224,0.995776
1.135,0.96555,0.03445
1.135,0.997921,0.002079
1.135,0.98962,0.01038
1.135,0.849354,0.150646
1.135,0.998107,0.001893
1.135,0.795369,0.204631
1.135,0.999199,0.000801
1.135,0.307585,0.692415
1.135,0.995749,0.004251
1.135,0.989847,0.010153
1.135,0.999873,0.000127
1.135,0.008714,0.991286
1.135,0.997952,0.002048
1.135,0.996866,0.003134
1.135,0.003731,0.996268
1.135,0.99985,0.00015
1.135,0.239944,0.760056
1.135,0.001807,0.998193
1.135,0.999873,0.000127
1.135,0.904559,0.095441
1.135,0.529427,0.470573
1.135,0.697897,0.302103
1.135,0.068471,0.931529
1.135,0.999908,9.2e-05
1.135,0.022027,0.977973
1.135,0.513334,0.486666
1.135,0.999226,0.000774
1.135,0.061677,0.938323
1.135,0.997044,0.002956
1.135,0.966297,0.033703
1.135,0.483805,0.516195
1.135,0.998624,0.001376
1.135,0.998865,0.001135
1.135,0.968307,0.031693
1.135,0.998162,0.001838
1.135,0.999567,0.000433
1.135,0.043173,0.956827
1.135,0.463386,0.536614
1.135,0.885106,0.114894
1.135,0.164781,0.835219
1.135,0.185267,0.814733
1.135,0.022005,0.977995
1.135,0.878772,0.121228
1.135,0.305333,0.694667
1.135,0.998975,0.001025
1.135,0.192413,0.807587
1.135,0.99389,0.00611
1.135,0.076128,0.923872
1.135,0.871065,0.128935
1.135,0.232639,0.767361
1.135,0.998762,0.001238
1.135,0.00732,0.99268
1.135,0.042729,0.957271
1.135,0.987937,0.012063
1.135,0.058152,0.941849
1.135,0.04078,0.95922
1.135,0.010027,0.989973
1.135,0.994169,0.005831
1.135,0.013458,0.986542
1.135,0.034108,0.965892
1.135,0.895777,0.104223
1.135,0.999924,7.6e-05
1.135,0.001365,0.998635
1.135,0.968943,0.031057
1.135,0.758628,0.241372
1.135,0.66307,0.33693
1.135,0.976957,0.023043
1.135,0.29716,0.70284
1.135,0.243328,0.756672
1.135,0.968924,0.031076
1.135,0.342034,0.657966
1.135,0.365872,0.634128
1.135,0.99582,0.004179
1.141,0.003909,0.996091
1.141,0.01751,0.98249
1.141,0.000118,0.999882
1.141,0.996064,0.003936
1.141,0.984539,0.015461
1.141,0.999166,0.000834
1.141,0.989183,0.010817
1.141,0.883259,0.116741
1.141,0.999283,0.000717
1.141,0.569629,0.430371
1.141,0.993793,0.006207
1.141,0.163792,0.836208
1.141,0.506065,0.493935
1.141,0.999717,0.000283
1.141,0.995112,0.004888
1.141,0.847951,0.152049
1.141,0.123237,0.876763
1.141,0.007774,0.992226
1.141,0.009015,0.990985
1.141,0.788553,0.211447
1.141,0.004658,0.995342
1.141,0.097672,0.902328
1.141,0.338344,0.661656
1.141,0.87734,0.12266
1.141,0.21184,0.78816
1.141,0.73857,0.26143
1.141,0.991469,0.008531
1.141,0.277496,0.722504
1.141,0.987172,0.012828
1.141,0.984256,0.015744
1.141,0.273444,0.726556
1.141,0.998953,0.001047
1.141,0.602593,0.397407
1.141,0.307654,0.692346
1.141,0.925179,0.074821
1.141,0.000447,0.999553
1.141,0.997003,0.002997
1.141,0.999852,0.000148
1.141,0.999636,0.000364
1.141,0.999933,6.7e-05
1.141,0.575536,0.424464
1.141,0.284497,0.715503
1.141,0.075483,0.924517
1.141,0.999289,0.000711
1.141,0.004615,0.995385
1.141,0.404933,0.595067
1.141,0.575442,0.424558
1.141,0.0065,0.9935
1.141,0.011627,0.988373
1.141,0.995869,0.004131
1.141,0.860238,0.139762
1.141,0.003481,0.996519
1.141,0.775862,0.224138
1.141,0.757023,0.242977
1.141,0.910523,0.089477
1.141,0.015286,0.984714
1.141,0.098727,0.901273
1.141,0.999396,0.000604
1.141,0.946836,0.053164
1.141,0.998276,0.001724
1.141,0.007917,0.992083
1.141,0.288421,0.711579
1.141,0.99165,0.00835
1.141,0.014804,0.985196
1.141,0.002704,0.997296
1.141,0.998612,0.001388
1.141,0.981628,0.018372
1.141,0.441176,0.558824
1.141,0.072626,0.927374
1.141,0.997888,0.002112
1.141,0.797404,0.202596
1.141,0.37562,0.62438
1.141,0.000131,0.999869
1.141,0.001759,0.998241
1.141,0.990906,0.009094
1.141,0.863964,0.136036
1.141,5e-06,0.999995
1.141,0.711604,0.288396
1.141,0.999838,0.000162
1.141,0.061579,0.938421
1.141,0.509137,0.490863
1.141,0.470528,0.529472
1.141,0.918555,0.081445
1.141,0.079856,0.920144
1.141,0.009729,0.990271
1.141,0.992379,0.007621
1.141,0.579259,0.420741
1.141,0.018435,0.981565
1.141,0.986634,0.013366
1.141,0.005303,0.994697
1.141,0.330735,0.669265
1.141,0.008492,0.991508
1.141,0.196781,0.803219
1.141,0.842655,0.157345
1.141,0.053338,0.946662
1.141,0.971125,0.028875
1.141,0.998641,0.001359
1.141,0.044542,0.955458
1.141,0.03401,0.96599
1.141,0.993857,0.006143
1.147,0.717263,0.282737
1.147,0.94676,0.05324
1.147,0.378251,0.621749
1.147,0.999618,0.000382
1.147,9.5e-05,0.999905
1.147,0.000746,0.999254
1.147,0.004194,0.995806
1.147,2e-06,0.999998
1.147,3.8e-05,0.999962
1.147,0.998445,0.001555
1.147,0.36936,0.63064
1.147,0.008286,0.991714
1.147,0.924004,0.075996
1.147,0.000131,0.999869
1.147,0.99996,4e-05
1.147,0.974596,0.025404
1.147,0.989892,0.010108
1.147,0.999988,1.3e-05
1.147,0.880664,0.119336
1.147,0.959803,0.040197
1.147,0.925284,0.074716
1.147,0.652989,0.347011
1.147,0.999839,0.000161
1.147,0.035627,0.964373
1.147,0.997587,0.002413
1.147,0.063835,0.936164
1.147,0.998442,0.001559
1.147,0.272634,0.727366
1.147,0.00596,0.99404
1.147,4.3e-05,0.999957
1.147,0.010126,0.989874
1.147,0.999225,0.000775
1.147,0.196949,0.803051
1.147,0.652744,0.347256
1.147,0.001115,0.998885
1.147,0.020821,0.979179
1.147,0.999555,0.000445
1.147,0.156626,0.843374
1.147,0.169747,0.830253
1.147,0.999519,0.000481
1.147,0.109834,0.890166
1.147,0.585348,0.414652
1.147,0.11394,0.88606
1.147,0.99761,0.00239
1.147,0.003994,0.996006
1.147,0.22615,0.773851
1.147,0.220869,0.779131
1.147,0.000974,0.999026
1.147,0.751296,0.248704
1.147,0.009311,0.990689
1.147,0.515995,0.484005
1.147,0.48916,0.510841
1.147,0.708304,0.291696
1.147,0.999867,0.000133
1.147,0.955196,0.044803
1.147,0.486625,0.513375
1.147,0.988239,0.011761
1.147,0.963303,0.036697
1.147,0.035215,0.964785
1.147,0.836457,0.163543
1.147,0.129983,0.870017
1.147,0.979526,0.020474
1.147,0.000587,0.999413
1.147,0.996916,0.003084
1.147,0.470706,0.529294
1.147,0.132282,0.867718
1.147,0.994967,0.005033
1.147,0.974632,0.025368
1.147,0.738571,0.261429
1.147,0.009107,0.990893
1.147,0.215911,0.784089
1.147,0.999698,0.000302
1.147,0.000496,0.999504
1.147,0.006171,0.993829
1.147,0.997158,0.002842
1.147,0.165745,0.834255
1.147,0.014309,0.985691
1.147,0.755156,0.244844
1.147,0.769897,0.230103
1.147,0.858394,0.141606
1.147,0.016709,0.983291
1.147,0.84444,0.15556
1.147,0.097858,0.902142
1.147,0.88932,0.11068
1.147,0.609726,0.390274
1.147,0.010768,0.989232
1.147,0.692852,0.307148
1.147,0.98991,0.01009
1.147,0.070657,0.929343
1.147,0.999851,0.000149
1.147,0.999973,2.7e-05
1.147,0.081335,0.918665
1.147,0.060076,0.939924
1.147,0.015745,0.984254
1.147,0.074748,0.925252
1.147,0.999091,0.000909
1.147,0.20301,0.79699
1.147,0.488928,0.511072
1.147,0.990344,0.009656
1.147,0.90169,0.09831
1.153,0.003602,0.996398
1.153,0.541152,0.458848
1.153,0.25841,0.74159
1.153,0.000184,0.999816
1.153,0.672662,0.327338
1.153,0.927252,0.072748
1.153,0.168153,0.831847
1.153,0.85773,0.142269
1.153,0.645584,0.354416
1.153,0.998591,0.001409
1.153,0.866447,0.133553
1.153,0.986087,0.013913
1.153,0.006398,0.993602
1.153,0.390354,0.609646
1.153,0.966206,0.033794
1.153,0.02492,0.97508
1.153,0.385897,0.614104
1.153,0.999449,0.000551
1.153,0.018512,0.981488
1.153,0.004225,0.995775
1.153,0.505714,0.494286
1.153,0.978516,0.021484
1.153,0.990269,0.009731
1.153,0.000523,0.999477
1.153,0.053844,0.946156
1.153,0.999011,0.000989
1.153,0.993177,0.006823
1.153,0.98063,0.01937
1.153,0.592054,0.407946
1.153,0.339773,0.660227
1.153,6.7e-05,0.999933
1.153,0.423223,0.576778
1.153,0.795648,0.204352
1.153,0.116235,0.883765
1.153,0.000464,0.999536
1.153,0.000688,0.999312
1.153,0.970733,0.029267
1.153,0.987122,0.012878
1.153,0.039626,0.960374
1.153,0.047578,0.952422
1.153,0.346821,0.653179
1.153,0.61836,0.38164
1.153,0.983883,0.016117
1.153,0.012356,0.987644
1.153,0.750944,0.249056
1.153,0.000733,0.999267
1.153,8.6e-05,0.999914
1.153,0.991395,0.008605
1.153,0.36182,0.63818
1.153,0.623995,0.376005
1.153,0.984464,0.015536
1.153,0.942755,0.057245
1.153,0.787455,0.212545
1.153,0.022283,0.977717
1.153,0.018083,0.981917
1.153,0.119478,0.880522
1.153,0.000752,0.999248
1.153,0.889579,0.110421
1.153,0.68192,0.31808
1.153,0.997017,0.002983
1.153,0.467002,0.532998
1.153,0.920837,0.079163
1.153,0.050984,0.949016
1.153,0.995127,0.004873
1.153,0.086907,0.913093
1.153,0.999132,0.000868
1.153,0.003455,0.996545
1.153,0.983247,0.016753
1.153,0.172318,0.827682
1.153,0.183901,0.816099
1.153,0.99814,0.00186
1.153,0.204568,0.795432
1.153,7.4e-05,0.999926
1.153,0.11573,0.88427
1.153,0.9879,0.0121
1.153,0.161557,0.838443
1.153,0.432744,0.567256
1.153,0.018029,0.981971
1.153,0.999795,0.000205
1.153,0.997181,0.002819
1.153,0.986059,0.013942
1.153,0.514866,0.485134
1.153,0.011467,0.988533
1.153,0.988005,0.011995
1.153,5.3e-05,0.999947
1.153,0.972664,0.027336
1.153,0.154775,0.845225
1.153,8.6e-05,0.999914
1.153,0.008041,0.991959
1.153,0.678649,0.321351
1.153,0.310276,0.689724
1.153,0.001472,0.998528
1.153,0.17459,0.82541
1.153,0.470799,0.529201
1.153,0.355275,0.644725
1.153,5.9e-05,0.99994
1.153,0.563785,0.436215
1.153,0.045909,0.954091
1.153,0.012609,0.987391
1.153,0.247559,0.752441
1.159,0.167219,0.832781
1.159,0.018327,0.981673
1.159,0.997894,0.002106
1.159,0.069022,0.930978
1.159,0.834356,0.165644
1.159,0.001837,0.998163
1.159,0.96483,0.03517
1.159,0.004696,0.995304
1.159,0.156692,0.843308
1.159,0.981239,0.018761
1.159,0.97637,0.02363
1.159,0.002444,0.997556
1.159,0.996638,0.003362
1.159,0.214291,0.785709
1.159,0.206123,0.793877
1.159,0.005561,0.994439
1.159,3e-06,0.999997
1.159,0.010126,0.989874
1.159,0.084441,0.915559
1.159,0.123697,0.876303
1.159,0.813939,0.186061
1.159,0.9688,0.0312
1.159,0.005451,0.994549
1.159,0.017275,0.982725
1.159,0.021081,0.978919
1.159,0.000326,0.999674
1.159,0.927014,0.072986
1.159,0.013829,0.986171
1.159,0.061862,0.938138
1.159,0.9183,0.081701
1.159,0.105172,0.894828
1.159,0.029405,0.970594
1.159,0.890132,0.109868
1.159,0.552332,0.447668
1.159,0.000338,0.999662
1.159,0.06734,0.93266
1.159,0.758199,0.241801
1.159,0.97657,0.02343
1.159,0.997602,0.002398
1.159,0.952452,0.047548
1.159,0.002103,0.997897
1.159,0.999325,0.000675
1.159,0.98708,0.01292
1.159,0.996432,0.003569
1.159,0.913151,0.086849
1.159,0.382021,0.617979
1.159,0.999589,0.000411
1.159,0.02376,0.97624
1.159,0.876495,0.123505
1.159,0.038931,0.961069
1.159,0.969788,0.030212
1.159,0.945144,0.054856
1.159,0.995066,0.004934
1.159,0.012859,0.987141
1.159,0.002031,0.997969
1.159,0.98189,0.01811
1.159,0.999734,0.000266
1.159,0.422839,0.577161
1.159,0.087327,0.912673
1.159,0.993696,0.006304
1.159,0.272876,0.727124
1.159,0.009872,0.990128
1.159,0.002729,0.997271
1.159,0.019124,0.980876
1.159,0.870771,0.129229
1.159,0.987536,0.012464
1.159,0.812657,0.187343
1.159,0.935692,0.064308
1.159,0.598487,0.401513
1.159,0.000775,0.999225
1.159,0.200889,0.799111
1.159,0.94665,0.05335
1.159,0.66098,0.33902
1.159,0.949537,0.050462
1.159,0.023283,0.976717
1.159,0.00296,0.99704
1.159,0.999001,0.000999
1.159,0.994902,0.005098
1.159,0.969782,0.030218
1.159,0.988055,0.011945
1.159,0.499477,0.500523
1.159,0.135843,0.864157
1.159,0.990004,0.009996
1.159,0.80967,0.19033
1.159,0.242857,0.757143
1.159,0.999986,1.4e-05
1.159,0.00843,0.99157
1.159,0.006323,0.993677
1.159,0.989817,0.010184
1.159,0.814737,0.185263
1.159,0.768788,0.231212
1.159,0.991914,0.008086
1.159,0.540406,0.459594
1.159,0.024562,0.975438
1.159,0.812424,0.187576
1.159,0.891734,0.108266
1.159,0.985455,0.014545
1.159,0.879597,0.120403
1.159,0.429864,0.570136
1.159,0.527581,0.472419
1.165,0.920437,0.079563
1.165,0.945653,0.054347
1.165,0.991021,0.008979
1.165,0.014722,0.985278
1.165,0.971977,0.028023
1.165,0.198341,0.801659
1.165,0.274114,0.725886
1.165,0.000204,0.999796
1.165,0.000111,0.999889
1.165,0.074289,0.925711
1.165,0.000147,0.999853
1.165,0.017239,0.982761
1.165,0.003185,0.996815
1.165,0.877782,0.122218
1.165,0.00215,0.99785
1.165,0.970658,0.029342
1.165,0.629575,0.370425
1.165,0.999761,0.000239
1.165,0.995014,0.004986
1.165,0.431189,0.568811
1.165,0.983427,0.016573
1.165,0.68832,0.31168
1.165,3.7e-05,0.999963
1.165,0.993693,0.006307
1.165,0.988984,0.011016
1.165,4.7e-05,0.999953
1.165,0.999753,0.000247
1.165,0.319111,0.680889
1.165,0.139457,0.860543
1.165,0.123843,0.876157
1.165,0.84777,0.15223
1.165,0.661316,0.338684
1.165,0.996967,0.003033
1.165,0.225841,0.774159
1.165,0.19633,0.80367
1.165,0.001465,0.998535
1.165,0.99571,0.00429
1.165,0.018655,0.981345
1.165,0.000144,0.999856
1.165,1e-06,0.999999
1.165,0.646343,0.353657
1.165,0.987187,0.012813
1.165,0.093856,0.906144
1.165,0.134014,0.865986
1.165,0.008734,0.991266
1.165,0.566579,0.433421
1.165,0.985754,0.014246
1.165,0.000317,0.999683
1.165,0.004234,0.995766
1.165,0.881267,0.118733
1.165,0.992886,0.007114
1.165,0.00013,0.99987
1.165,0.100668,0.899332
1.165,1e-06,0.999999
1.165,0.893282,0.106718
1.165,4e-06,0.999996
1.165,0.034718,0.965282
1.165,0.989265,0.010735
1.165,0.999673,0.000327
1.165,0.122441,0.877559
1.165,0.838499,0.161501
1.165,0.043252,0.956748
1.165,0.999963,3.7e-05
1.165,0.975259,0.024741
1.165,0.935197,0.064803
1.165,0.920792,0.079208
1.165,0.043559,0.956441
1.165,0.909395,0.090605
1.165,0.086047,0.913953
1.165,0.9024,0.0976
1.165,0.785425,0.214575
1.165,0.048915,0.951085
1.165,0.036699,0.9633
1.165,0.000349,0.999651
1.165,0.953644,0.046356
1.165,9.4e-05,0.999906
1.165,0.136337,0.863663
1.165,0.920489,0.079511
1.165,0.973929,0.026071
1.165,0.996672,0.003328
1.165,0.979329,0.020671
1.165,0.00242,0.99758
1.165,0.011124,0.988876
1.165,0.023,0.977
1.165,0.715932,0.284068
1.165,0.733653,0.266347
1.165,0.066479,0.933521
1.165,0.997639,0.002361
1.165,0.973381,0.026619
1.165,0.0,1.0
1.165,0.008419,0.991582
1.165,0.751893,0.248107
1.165,0.769041,0.230959
1.165,0.964531,0.035469
1.165,0.009316,0.990684
1.165,0.059404,0.940596
1.165,0.135029,0.864971
1.165,1e-06,0.999999
1.165,0.016819,0.983181
1.165,0.000374,0.999626
1.171,0.000615,0.999384
1.171,0.997986,0.002015
1.171,0.048623,0.951377
1.171,0.723632,0.276368
1.171,0.113108,0.886892
1.171,0.703889,0.296111
1.171,0.001997,0.998003
1.171,0.465473,0.534527
1.171,0.912275,0.087725
1.171,0.066522,0.933478
1.171,0.003023,0.996977
1.171,0.64729,0.352709
1.171,0.030822,0.969178
1.171,0.697096,0.302904
1.171,0.797585,0.202415
1.171,0.647487,0.352513
1.171,0.75731,0.24269
1.171,0.01866,0.98134
1.171,0.095608,0.904392
1.171,0.001963,0.998037
1.171,0.001231,0.998769
1.171,0.411417,0.588583
1.171,0.98558,0.01442
1.171,0.724099,0.275901
1.171,0.956247,0.043753
1.171,0.040666,0.959334
1.171,0.001329,0.998671
1.171,0.930697,0.069303
1.171,0.179442,0.820558
1.171,0.209462,0.790538
1.171,0.968743,0.031257
1.171,0.999617,0.000382
1.171,0.99948,0.00052
1.171,0.903917,0.096083
1.171,0.993411,0.006589
1.171,0.023125,0.976875
1.171,0.80527,0.19473
1.171,0.090869,0.90913
1.171,0.00956,0.99044
1.171,0.293763,0.706237
1.171,0.761445,0.238555
1.171,0.226239,0.773761
1.171,0.006708,0.993292
1.171,0.399889,0.600111
1.171,0.015271,0.984729
1.171,0.025773,0.974227
1.171,0.928456,0.071544
1.171,0.9793,0.020701
1.171,0.331947,0.668053
1.171,0.995539,0.004461
1.171,8.7e-05,0.999913
1.171,0.00778,0.99222
1.171,0.0,1.0
1.171,0.982638,0.017362
1.171,0.004188,0.995812
1.171,0.794982,0.205018
1.171,0.993235,0.006765
1.171,0.660339,0.339661
1.171,0.004175,0.995825
1.171,4.4e-05,0.999956
1.171,0.974938,0.025062
1.171,0.047729,0.952271
1.171,0.984079,0.015921
1.171,0.106673,0.893327
1.171,0.026667,0.973333
1.171,0.979734,0.020266
1.171,0.873347,0.126653
1.171,0.999842,0.000158
1.171,0.002318,0.997682
1.171,0.999835,0.000165
1.171,0.998765,0.001235
1.171,0.996037,0.003963
1.171,0.003139,0.996861
1.171,0.997068,0.002933
1.171,0.004601,0.995399
1.171,0.992942,0.007058
1.171,0.137806,0.862194
1.171,0.808814,0.191186
1.171,0.092627,0.907373
1.171,0.450197,0.549803
1.171,0.477542,0.522458
1.171,0.000265,0.999735
1.171,0.014247,0.985753
1.171,0.993879,0.006121
1.171,0.66206,0.33794
1.171,0.000788,0.999212
1.171,0.004232,0.995768
1.171,0.103142,0.896858
1.171,0.004074,0.995926
1.171,0.000928,0.999072
1.171,0.221575,0.778425
1.171,0.02946,0.97054
1.171,0.494641,0.505359
1.171,0.016602,0.983398
1.171,0.020415,0.979585
1.171,0.004808,0.995192
1.171,0.001026,0.998975
1.171,0.746969,0.253031
1.171,0.025849,0.974151
1.171,0.865322,0.134677
1.177,0.05,0.95
1.177,0.004434,0.995566
1.177,0.255877,0.744123
1.177,0.169008,0.830992
1.177,0.011807,0.988193
1.177,0.00014,0.99986
1.177,0.738436,0.261564
1.177,0.021047,0.978953
1.177,0.833157,0.166843
1.177,0.997633,0.002367
1.177,0.629307,0.370693
1.177,0.173534,0.826466
1.177,0.001217,0.998783
1.177,0.002234,0.997766
1.177,0.007257,0.992743
1.177,0.005054,0.994946
1.177,0.889844,0.110156
1.177,0.000123,0.999877
1.177,2.4e-05,0.999976
1.177,0.989822,0.010178
1.177,0.018225,0.981775
1.177,0.281306,0.718694
1.177,0.142113,0.857887
1.177,0.370123,0.629877
1.177,0.978216,0.021783
1.177,0.262183,0.737817
1.177,0.00989,0.99011
1.177,0.000104,0.999896
1.177,0.651823,0.348177
1.177,0.806374,0.193626
1.177,0.003339,0.996661
1.177,0.802013,0.197987
1.177,0.34006,0.65994
1.177,0.000445,0.999555
1.177,0.009272,0.990728
1.177,0.911701,0.088299
1.177,0.003669,0.996331
1.177,0.146741,0.853259
1.177,0.785766,0.214234
1.177,0.155289,0.844711
1.177,0.001463,0.998537
1.177,0.570795,0.429205
1.177,0.814457,0.185543
1.177,0.991677,0.008323
1.177,0.623331,0.376669
1.177,0.934964,0.065036
1.177,0.372405,0.627595
1.177,0.039585,0.960415
1.177,0.262675,0.737325
1.177,0.079785,0.920215
1.177,0.136922,0.863078
1.177,0.230004,0.769996
1.177,0.000616,0.999384
1.177,0.065341,0.93466
1.177,0.589633,0.410367
1.177,0.93626,0.06374
1.177,0.149728,0.850272
1.177,5.1e-05,0.999949
1.177,0.012473,0.987527
1.177,0.0,1.0
1.177,0.053979,0.946022
1.177,0.988224,0.011776
1.177,0.999639,0.000361
1.177,0.327439,0.672561
1.177,0.838115,0.161885
1.177,0.765958,0.234042
1.177,6.7e-05,0.999933
1.177,0.923,0.077
1.177,0.005338,0.994662
1.177,0.027075,0.972924
1.177,0.165951,0.834049
1.177,8.7e-05,0.999913
1.177,0.755426,0.244574
1.177,0.000375,0.999625
1.177,6e-06,0.999994
1.177,0.068729,0.931271
1.177,0.064904,0.935096
1.177,0.00108,0.998921
1.177,0.958701,0.041299
1.177,0.970184,0.029816
1.177,0.002217,0.997783
1.177,3.8e-05,0.999962
1.177,0.999696,0.000304
1.177,0.63019,0.36981
1.177,0.008244,0.991756
1.177,0.000241,0.999759
1.177,0.163029,0.836971
1.177,0.690544,0.309456
1.177,0.001683,0.998317
1.177,0.991432,0.008568
1.177,0.039931,0.960069
1.177,0.002833,0.997167
1.177,0.944953,0.055047
1.177,0.997567,0.002433
1.177,0.979059,0.020941
1.177,0.005773,0.994227
1.177,0.373259,0.626741
1.177,0.027753,0.972247
1.177,0.99445,0.005551
1.177,0.002857,0.997143
1.183,0.048196,0.951804
1.183,0.000219,0.99978
1.183,0.940608,0.059391
1.183,0.134122,0.865878
1.183,0.032742,0.967258
1.183,0.006491,0.993509
1.183,0.876051,0.123949
1.183,0.957869,0.042131
1.183,0.189932,0.810068
1.183,0.992632,0.007368
1.183,0.0,1.0
1.183,0.086621,0.913379
1.183,0.861432,0.138568
1.183,0.001376,0.998624
1.183,0.000206,0.999794
1.183,0.998349,0.001651
1.183,0.92925,0.07075
1.183,0.017488,0.982512
1.183,0.075445,0.924555
1.183,0.997105,0.002895
1.183,0.838075,0.161925
1.183,0.200648,0.799352
1.183,0.000123,0.999877
1.183,0.000617,0.999383
1.183,0.027636,0.972364
1.183,0.177702,0.822298
1.183,0.000221,0.999779
1.183,0.535934,0.464066
1.183,8.5e-05,0.999915
1.183,0.954416,0.045585
1.183,0.997013,0.002987
1.183,0.959461,0.040539
1.183,0.843498,0.156502
1.183,0.175991,0.824009
1.183,0.024748,0.975252
1.183,0.007477,0.992523
1.183,0.99987,0.00013
1.183,0.876021,0.123979
1.183,0.02531,0.97469
1.183,0.006694,0.993306
1.183,0.782589,0.217411
1.183,0.997987,0.002013
1.183,0.963067,0.036933
1.183,5.8e-05,0.999942
1.183,0.001983,0.998017
1.183,0.026433,0.973567
1.183,0.979783,0.020217
1.183,0.990918,0.009082
1.183,0.000437,0.999563
1.183,9.9e-05,0.999901
1.183,0.010922,0.989078
1.183,0.034353,0.965647
1.183,0.355204,0.644796
1.183,0.000303,0.999697
1.183,0.039758,0.960242
1.183,0.991295,0.008705
1.183,0.943857,0.056143
1.183,0.008219,0.991781
1.183,0.286296,0.713704
1.183,0.667144,0.332856
1.183,0.473613,0.526387
1.183,0.322103,0.677897
1.183,0.633599,0.366401
1.183,0.080802,0.919198
1.183,0.91364,0.08636
1.183,0.030971,0.969029
1.183,0.897391,0.102609
1.183,0.251357,0.748643
1.183,0.384632,0.615368
1.183,0.004641,0.995359
1.183,0.039409,0.960591
1.183,0.002727,0.997273
1.183,0.833917,0.166083
1.183,0.000624,0.999376
1.183,0.892829,0.107171
1.183,0.009962,0.990038
1.183,0.265208,0.734792
1.183,0.046415,0.953586
1.183,0.661011,0.338989
1.183,0.009126,0.990874
1.183,0.74158,0.25842
1.183,0.000666,0.999334
1.183,1.3e-05,0.999988
1.183,0.002309,0.997691
1.183,0.9694,0.0306
1.183,0.137175,0.862825
1.183,0.112657,0.887343
1.183,0.007599,0.992401
1.183,0.946588,0.053412
1.183,0.006546,0.993454
1.183,0.001783,0.998217
1.183,0.667404,0.332596
1.183,0.405593,0.594407
1.183,0.269093,0.730907
1.183,0.326524,0.673476
1.183,0.568489,0.431511
1.183,0.941171,0.058829
1.183,0.001734,0.998266
1.183,0.922593,0.077407
1.183,0.711597,0.288403
1.189,0.998363,0.001637
1.189,0.988394,0.011606
1.189,0.000331,0.999669
1.189,0.041616,0.958384
1.189,0.99938,0.00062
1.189,0.702835,0.297165
1.189,0.625938,0.374062
1.189,0.989971,0.010029
1.189,0.828036,0.171964
1.189,0.791491,0.208509
1.189,0.023246,0.976754
1.189,0.0273,0.9727
1.189,0.00414,0.99586
1.189,0.817277,0.182723
1.189,0.491857,0.508143
1.189,0.076242,0.923758
1.189,0.016895,0.983106
1.189,0.999958,4.2e-05
1.189,0.9287,0.0713
1.189,0.001022,0.998978
1.189,0.422553,0.577447
1.189,0.343516,0.656484
1.189,0.000428,0.999572
1.189,0.000549,0.999451
1.189,0.998447,0.001553
1.189,0.000981,0.999019
1.189,0.688064,0.311936
1.189,0.136389,0.86361
1.189,0.667823,0.332177
1.189,0.90061,0.09939
1.189,0.002165,0.997835
1.189,0.013835,0.986165
1.189,0.996574,0.003426
1.189,0.07662,0.92338
1.189,0.000137,0.999863
1.189,0.971773,0.028227
1.189,0.002028,0.997972
1.189,0.634577,0.365423
1.189,0.0193,0.9807
1.189,0.010717,0.989283
1.189,0.998769,0.001231
1.189,0.000311,0.999689
1.189,0.998906,0.001095
1.189,0.000232,0.999768
1.189,0.024016,0.975984
1.189,0.030836,0.969164
1.189,0.005143,0.994857
1.189,0.104056,0.895944
1.189,0.211543,0.788457
1.189,0.000247,0.999753
1.189,0.990352,0.009648
1.189,0.002155,0.997845
1.189,0.15901,0.840991
1.189,0.292222,0.707778
1.189,0.00195,0.99805
1.189,0.968579,0.031421
1.189,0.030984,0.969016
1.189,0.000254,0.999746
1.189,0.000212,0.999788
1.189,0.022646,0.977354
1.189,0.004126,0.995874
1.189,0.997974,0.002026
1.189,0.295905,0.704095
1.189,0.000387,0.999613
1.189,0.013323,0.986677
1.189,0.236246,0.763754
1.189,0.008833,0.991168
1.189,0.001565,0.998435
1.189,0.760177,0.239823
1.189,0.069284,0.930716
1.189,0.995769,0.004231
1.189,0.011,0.989
1.189,0.01352,0.98648
1.189,0.999774,0.000226
1.189,0.017528,0.982472
1.189,0.976325,0.023675
1.189,0.819078,0.180922
1.189,0.206492,0.793508
1.189,0.042954,0.957046
1.189,0.026445,0.973555
1.189,0.047305,0.952695
1.189,1.6e-05,0.999984
1.189,0.027332,0.972668
1.189,0.099709,0.900291
1.189,0.997946,0.002054
1.189,0.965867,0.034133
1.189,0.000323,0.999677
1.189,1e-05,0.99999
1.189,0.000581,0.999419
1.189,0.793781,0.206219
1.189,0.808837,0.191163
1.189,0.950738,0.049262
1.189,0.717399,0.282601
1.189,0.032666,0.967334
1.189,0.000966,0.999034
1.189,0.000971,0.999029
1.189,0.995731,0.004269
1.189,0.006003,0.993997
1.189,0.999573,0.000427
1.189,0.088567,0.911433
1.195,0.001921,0.998079
1.195,0.940235,0.059765
1.195,0.128281,0.87172
1.195,0.000225,0.999775
1.195,0.2122,0.7878
1.195,1.8e-05,0.999982
1.195,0.065222,0.934778
1.195,0.729977,0.270023
1.195,0.978016,0.021984
1.195,0.001247,0.998753
1.195,0.984944,0.015056
1.195,0.25485,0.74515
1.195,0.116527,0.883473
1.195,0.009475,0.990525
1.195,0.601786,0.398214
1.195,0.08144,0.91856
1.195,0.777886,0.222114
1.195,0.519858,0.480142
1.195,0.948654,0.051346
1.195,0.407821,0.592179
1.195,0.023081,0.976919
1.195,0.000343,0.999657
1.195,0.015803,0.984197
1.195,0.05821,0.94179
1.195,0.231031,0.768969
1.195,0.464466,0.535534
1.195,0.023839,0.976161
1.195,0.041333,0.958667
1.195,0.166569,0.833431
1.195,0.002675,0.997324
1.195,0.996395,0.003605
1.195,0.015421,0.984578
1.195,0.200273,0.799727
1.195,0.059559,0.940441
1.195,0.361602,0.638398
1.195,0.316568,0.683432
1.195,0.01399,0.98601
1.195,0.00171,0.99829
1.195,0.000218,0.999782
1.195,0.975355,0.024645
1.195,0.462172,0.537828
1.195,9.8e-05,0.999902
1.195,0.099484,0.900516
1.195,0.225895,0.774105
1.195,0.012656,0.987344
1.195,0.817319,0.182681
1.195,0.243524,0.756476
1.195,0.722435,0.277565
1.195,0.00013,0.99987
1.195,0.989357,0.010643
1.195,0.051529,0.948471
1.195,0.000453,0.999547
1.195,0.489784,0.510216
1.195,0.37051,0.62949
1.195,0.498561,0.501439
1.195,0.082901,0.917099
1.195,0.003136,0.996864
1.195,0.181268,0.818732
1.195,0.107549,0.892451
1.195,0.244574,0.755426
1.195,0.001878,0.998122
1.195,0.368701,0.631299
1.195,0.989178,0.010822
1.195,0.792964,0.207036
1.195,0.937065,0.062935
1.195,0.942791,0.057209
1.195,0.916591,0.083409
1.195,0.178154,0.821846
1.195,0.000604,0.999396
1.195,0.991871,0.008129
1.195,0.033352,0.966648
1.195,0.994841,0.005159
1.195,0.961934,0.038066
1.195,5e-05,0.99995
1.195,0.009183,0.990817
1.195,0.577238,0.422762
1.195,0.114057,0.885943
1.195,0.941916,0.058084
1.195,0.722966,0.277034
1.195,0.726003,0.273997
1.195,0.080791,0.919209
1.195,0.998473,0.001527
1.195,0.62475,0.37525
1.195,0.024273,0.975727
1.195,0.934568,0.065432
1.195,0.701495,0.298505
1.195,0.180773,0.819227
1.195,0.001437,0.998563
1.195,7.5e-05,0.999925
1.195,0.380694,0.619306
1.195,0.992197,0.007803
1.195,0.008977,0.991024
1.195,0.945231,0.054769
1.195,0.079371,0.920629
1.195,0.026866,0.973134
1.195,0.828112,0.171888
1.195,0.011732,0.988268
1.195,0.341598,0.658402
1.195,0.00011,0.99989
1.195,0.33665,0.66335
1.202,0.00073,0.99927
1.202,0.999743,0.000257
1.202,0.326396,0.673604
1.202,0.648829,0.351171
1.202,0.007659,0.992341
1.202,0.323627,0.676373
1.202,0.003541,0.996459
1.202,2e-05,0.99998
1.202,0.490606,0.509394
1.202,0.180063,0.819937
1.202,0.862099,0.137901
1.202,0.112397,0.887603
1.202,0.026013,0.973987
1.202,0.00294,0.99706
1.202,5e-05,0.99995
1.202,0.81949,0.18051
1.202,0.984175,0.015825
1.202,0.033814,0.966186
1.202,0.049319,0.950681
1.202,0.899063,0.100937
1.202,0.02069,0.97931
1.202,0.095823,0.904177
1.202,0.000756,0.999244
1.202,0.033303,0.966697
1.202,0.000616,0.999384
1.202,0.792498,0.207502
1.202,0.98748,0.01252
1.202,0.698782,0.301218
1.202,0.323783,0.676217
1.202,0.308158,0.691842
1.202,0.00719,0.99281
1.202,0.000213,0.999787
1.202,0.99083,0.00917
1.202,0.952327,0.047673
1.202,0.000243,0.999757
1.202,0.466622,0.533378
1.202,0.958997,0.041003
1.202,0.032859,0.96714
1.202,0.064171,0.935829
1.202,0.966166,0.033834
1.202,0.006466,0.993534
1.202,0.019248,0.980752
1.202,0.549074,0.450926
1.202,0.000658,0.999342
1.202,0.013207,0.986793
1.202,0.999156,0.000844
1.202,0.003267,0.996733
1.202,0.001348,0.998652
1.202,0.996609,0.003391
1.202,0.927189,0.072811
1.202,0.16027,0.83973
1.202,0.03756,0.96244
1.202,0.296101,0.703899
1.202,0.276515,0.723485
1.202,0.395738,0.604262
1.202,0.925749,0.074251
1.202,0.763469,0.236531
1.202,0.838685,0.161315
1.202,0.757023,0.242977
1.202,0.997292,0.002708
1.202,0.612043,0.387957
1.202,0.001453,0.998547
1.202,0.07484,0.92516
1.202,0.558914,0.441086
1.202,0.007108,0.992892
1.202,0.133935,0.866065
1.202,0.012238,0.987762
1.202,0.022581,0.977419
1.202,0.109066,0.890934
1.202,0.007045,0.992955
1.202,0.051029,0.948971
1.202,0.038704,0.961296
1.202,0.96679,0.03321
1.202,0.153368,0.846632
1.202,0.995423,0.004577
1.202,0.954726,0.045274
1.202,0.000417,0.999583
1.202,0.066661,0.933339
1.202,0.000788,0.999212
1.202,0.234714,0.765286
1.202,0.173782,0.826218
1.202,0.000205,0.999795
1.202,0.000258,0.999742
1.202,0.851942,0.148058
1.202,0.001324,0.998676
1.202,0.271445,0.728555
1.202,0.958332,0.041668
1.202,0.034324,0.965676
1.202,5.8e-05,0.999942
1.202,0.406484,0.593516
1.202,0.043001,0.956998
1.202,0.672481,0.327519
1.202,0.745021,0.254979
1.202,0.000766,0.999234
1.202,1.3e-05,0.999987
1.202,0.563887,0.436113
1.202,0.006293,0.993708
1.202,0.03473,0.96527
1.202,0.001697,0.998303
1.202,0.999137,0.000863
1.208,0.996459,0.003541
1.208,0.052666,0.947334
1.208,0.003498,0.996502
1.208,0.899967,0.100033
1.208,0.004313,0.995687
1.208,0.000141,0.999859
1.208,0.141284,0.858716
1.208,0.999313,0.000687
1.208,0.000216,0.999784
1.208,0.971148,0.028852
1.208,0.000593,0.999407
1.208,1.8e-05,0.999982
1.208,0.936761,0.063239
1.208,0.002352,0.997648
1.208,0.000538,0.999462
1.208,0.014221,0.985779
1.208,0.90542,0.09458
1.208,0.655949,0.344051
1.208,0.011514,0.988486
1.208,0.000126,0.999874
1.208,0.976999,0.023001
1.208,0.046781,0.953219
1.208,0.971726,0.028274
1.208,0.994281,0.005719
1.208,0.000109,0.999891
1.208,0.871074,0.128926
1.208,0.000315,0.999685
1.208,2.4e-05,0.999976
1.208,0.549973,0.450027
1.208,0.021093,0.978907
1.208,0.999014,0.000986
1.208,0.430083,0.569917
1.208,1e-06,0.999999
1.208,9.6e-05,0.999904
1.208,0.004418,0.995582
1.208,0.666596,0.333404
1.208,0.685694,0.314306
1.208,0.027802,0.972198
1.208,0.984378,0.015622
1.208,0.018562,0.981438
1.208,0.969166,0.030834
1.208,0.018877,0.981123
1.208,0.295191,0.704809
1.208,0.000112,0.999888
1.208,0.407504,0.592496
1.208,0.189206,0.810794
1.208,0.985848,0.014152
1.208,0.328662,0.671338
1.208,0.003545,0.996455
1.208,0.177422,0.822578
1.208,0.981041,0.018959
1.208,0.036064,0.963936
1.208,7e-06,0.999993
1.208,0.923033,0.076967
1.208,0.004871,0.995129
1.208,0.008562,0.991438
1.208,0.002093,0.997907
1.208,0.077827,0.922173
1.208,0.012603,0.987397
1.208,0.021011,0.978988
1.208,0.505719,0.494281
1.208,0.999774,0.000226
1.208,0.000312,0.999688
1.208,0.234377,0.765623
1.208,0.0004,0.9996
1.208,0.017179,0.982821
1.208,0.031087,0.968913
1.208,0.027921,0.972079
1.208,0.533973,0.466027
1.208,0.00841,0.99159
1.208,0.003241,0.996759
1.208,0.834549,0.165451
1.208,0.010653,0.989347
1.208,7.2e-05,0.999928
1.208,0.039782,0.960218
1.208,8e-06,0.999992
1.208,0.793821,0.206179
1.208,0.98348,0.01652
1.208,0.653023,0.346977
1.208,0.685842,0.314158
1.208,0.011824,0.988176
1.208,0.9065,0.0935
1.208,0.419067,0.580933
1.208,0.007212,0.992788
1.208,0.001095,0.998905
1.208,0.920065,0.079935
1.208,0.995698,0.004302
1.208,0.094633,0.905367
1.208,0.000579,0.99942
1.208,0.108932,0.891068
1.208,0.838039,0.161961
1.208,3.1e-05,0.999969
1.208,0.92223,0.07777
1.208,0.023702,0.976298
1.208,7.8e-05,0.999922
1.208,0.42287,0.57713
1.208,0.999875,0.000125
1.208,0.987273,0.012727
1.208,0.016535,0.983465
1.208,0.00128,0.99872
1.214,0.053512,0.946488
1.214,0.272255,0.727745
1.214,0.976563,0.023437
1.214,0.94883,0.05117
1.214,0.08758,0.91242
1.214,0.000939,0.999062
1.214,0.911458,0.088542
1.214,0.000341,0.999659
1.214,0.229941,0.770059
1.214,0.979256,0.020744
1.214,3.2e-05,0.999968
1.214,0.002799,0.9972
1.214,0.075253,0.924747
1.214,0.016299,0.983702
1.214,0.984961,0.015039
1.214,0.995432,0.004567
1.214,0.094614,0.905386
1.214,0.117381,0.882619
1.214,2e-06,0.999998
1.214,0.00139,0.99861
1.214,0.984208,0.015792
1.214,0.28972,0.71028
1.214,0.198835,0.801165
1.214,0.000599,0.999401
1.214,0.0016,0.9984
1.214,0.606635,0.393365
1.214,0.957428,0.042572
1.214,0.002773,0.997227
1.214,0.001063,0.998937
1.214,0.806693,0.193307
1.214,0.899428,0.100572
1.214,0.012758,0.987242
1.214,0.814021,0.185979
1.214,0.000802,0.999198
1.214,0.197367,0.802633
1.214,0.251943,0.748057
1.214,0.004249,0.995751
1.214,0.023329,0.976671
1.214,5.1e-05,0.999949
1.214,0.704192,0.295808
1.214,0.001515,0.998485
1.214,0.621319,0.378681
1.214,0.001868,0.998132
1.214,0.006091,0.993909
1.214,0.112364,0.887636
1.214,0.000866,0.999134
1.214,0.070581,0.929419
1.214,9.7e-05,0.999903
1.214,0.016988,0.983012
1.214,0.949235,0.050765
1.214,0.15938,0.840619
1.214,0.988648,0.011353
1.214,0.698948,0.301052
1.214,0.99853,0.00147
1.214,0.000332,0.999668
1.214,0.000748,0.999252
1.214,0.000806,0.999194
1.214,3.1e-05,0.999969
1.214,0.925655,0.074345
1.214,0.944156,0.055844
1.214,0.000113,0.999887
1.214,0.002763,0.997237
1.214,0.873738,0.126262
1.214,0.464607,0.535393
1.214,0.999574,0.000426
1.214,0.9697,0.0303
1.214,1.5e-05,0.999985
1.214,0.074532,0.925468
1.214,0.119489,0.880511
1.214,0.003569,0.996431
1.214,0.243532,0.756468
1.214,0.006829,0.993171
1.214,0.654758,0.345242
1.214,0.001317,0.998683
1.214,7.4e-05,0.999926
1.214,0.979191,0.020809
1.214,0.997929,0.002071
1.214,0.109733,0.890267
1.214,0.985587,0.014413
1.214,0.007086,0.992914
1.214,0.945159,0.054841
1.214,0.000156,0.999844
1.214,0.004134,0.995866
1.214,0.004051,0.995949
1.214,0.040615,0.959385
1.214,0.951609,0.048391
1.214,0.05417,0.94583
1.214,0.000449,0.999552
1.214,0.966295,0.033705
1.214,0.158468,0.841532
1.214,0.938646,0.061354
1.214,0.996801,0.003199
1.214,0.208323,0.791677
1.214,0.017264,0.982736
1.214,0.002344,0.997656
1.214,0.998122,0.001878
1.214,0.005739,0.994261
1.214,0.408699,0.591301
1.214,0.00094,0.99906
1.214,0.634277,0.365723
1.22,0.985118,0.014881
1.22,0.000224,0.999776
1.22,0.936135,0.063865
1.22,0.000286,0.999714
1.22,0.127128,0.872872
1.22,5e-06,0.999995
1.22,0.68411,0.31589
1.22,0.547745,0.452255
1.22,0.001487,0.998513
1.22,0.081035,0.918965
1.22,2.1e-05,0.999979
1.22,0.756182,0.243818
1.22,0.001091,0.998909
1.22,0.308592,0.691408
1.22,0.00011,0.99989
1.22,0.197907,0.802093
1.22,0.989103,0.010897
1.22,0.898835,0.101165
1.22,0.619342,0.380658
1.22,0.122136,0.877864
1.22,0.014496,0.985504
1.22,0.952882,0.047118
1.22,0.697391,0.302609
1.22,0.115319,0.884681
1.22,0.010807,0.989193
1.22,3.8e-05,0.999962
1.22,0.030028,0.969972
1.22,0.036988,0.963012
1.22,0.007389,0.992611
1.22,0.000265,0.999735
1.22,0.010633,0.989367
1.22,0.981053,0.018947
1.22,3.5e-05,0.999965
1.22,1e-06,0.999999
1.22,0.957841,0.042159
1.22,0.26358,0.73642
1.22,0.998989,0.001011
1.22,0.785414,0.214586
1.22,0.999096,0.000904
1.22,0.004491,0.995509
1.22,0.042783,0.957217
1.22,8.8e-05,0.999912
1.22,0.188128,0.811873
1.22,0.00069,0.99931
1.22,0.019308,0.980692
1.22,0.241429,0.758571
1.22,0.264433,0.735567
1.22,0.003508,0.996492
1.22,0.771371,0.228629
1.22,0.068634,0.931366
1.22,0.081917,0.918083
1.22,0.241945,0.758055
1.22,0.000386,0.999614
1.22,0.051274,0.948725
1.22,0.000164,0.999836
1.22,0.091846,0.908154
1.22,0.109466,0.890534
1.22,0.927955,0.072045
1.22,0.00088,0.99912
1.22,0.322072,0.677928
1.22,0.026881,0.973119
1.22,0.990884,0.009116
1.22,7.8e-05,0.999922
1.22,0.001348,0.998652
1.22,0.289646,0.710354
1.22,0.02254,0.97746
1.22,0.001216,0.998784
1.22,0.175958,0.824043
1.22,0.049254,0.950746
1.22,0.336864,0.663136
1.22,0.007429,0.992571
1.22,0.047397,0.952603
1.22,0.280335,0.719665
1.22,0.499751,0.500249
1.22,0.000817,0.999183
1.22,0.018756,0.981244
1.22,0.004415,0.995585
1.22,0.067675,0.932325
1.22,0.99843,0.00157
1.22,0.000182,0.999818
1.22,0.812528,0.187472
1.22,0.003219,0.996781
1.22,0.079789,0.920211
1.22,0.997433,0.002567
1.22,0.000778,0.999222
1.22,0.001925,0.998075
1.22,0.000284,0.999716
1.22,0.001666,0.998334
1.22,0.195423,0.804577
1.22,0.00027,0.99973
1.22,0.996917,0.003083
1.22,7.6e-05,0.999924
1.22,0.171233,0.828767
1.22,0.175597,0.824403
1.22,2e-06,0.999998
1.22,0.035216,0.964784
1.22,0.963162,0.036838
1.22,0.988083,0.011917
1.22,0.10741,0.89259
1.22,0.000304,0.999696
1.226,0.778393,0.221607
1.226,0.004415,0.995585
1.226,0.006233,0.993767
1.226,0.000453,0.999547
1.226,0.996068,0.003932
1.226,0.002257,0.997743
1.226,1.5e-05,0.999985
1.226,0.976122,0.023878
1.226,0.814323,0.185677
1.226,7.7e-05,0.999923
1.226,0.013025,0.986975
1.226,6e-05,0.99994
1.226,8e-06,0.999992
1.226,0.267773,0.732227
1.226,5.1e-05,0.999949
1.226,0.88598,0.11402
1.226,0.031973,0.968027
1.226,0.0,1.0
1.226,4.3e-05,0.999957
1.226,0.098443,0.901557
1.226,0.072868,0.927132
1.226,0.00549,0.99451
1.226,0.002903,0.997097
1.226,8.7e-05,0.999913
1.226,0.000113,0.999887
1.226,0.967491,0.032509
1.226,9.7e-05,0.999903
1.226,0.943974,0.056027
1.226,1e-06,0.999999
1.226,0.340024,0.659976
1.226,0.002074,0.997926
1.226,0.990117,0.009883
1.226,0.98696,0.01304
1.226,0.004363,0.995637
1.226,0.000265,0.999735
1.226,0.008675,0.991325
1.226,0.257927,0.742073
1.226,0.071256,0.928744
1.226,0.002657,0.997344
1.226,0.496916,0.503084
1.226,1.2e-05,0.999988
1.226,7e-06,0.999993
1.226,0.013901,0.986099
1.226,0.086403,0.913597
1.226,0.432674,0.567326
1.226,0.001528,0.998472
1.226,0.002344,0.997656
1.226,0.027999,0.972001
1.226,0.002456,0.997544
1.226,0.002537,0.997463
1.226,0.030203,0.969797
1.226,0.000252,0.999748
1.226,0.03023,0.96977
1.226,0.000104,0.999896
1.226,0.048798,0.951202
1.226,0.040931,0.959069
1.226,0.712829,0.287171
1.226,3.2e-05,0.999968
1.226,0.013491,0.986509
1.226,0.000288,0.999712
1.226,0.003854,0.996146
1.226,0.993794,0.006206
1.226,0.211058,0.788942
1.226,4e-05,0.99996
1.226,0.097895,0.902105
1.226,0.051718,0.948282
1.226,0.299287,0.700713
1.226,0.398841,0.601159
1.226,0.020831,0.979169
1.226,0.000782,0.999218
1.226,0.080317,0.919683
1.226,0.006407,0.993593
1.226,0.00476,0.99524
1.226,0.277899,0.722101
1.226,0.008934,0.991066
1.226,0.007889,0.992111
1.226,3.6e-05,0.999964
1.226,0.136125,0.863875
1.226,0.009337,0.990663
1.226,0.190171,0.809829
1.226,0.864661,0.135339
1.226,0.932511,0.067489
1.226,0.99684,0.003161
1.226,0.00082,0.99918
1.226,5e-05,0.99995
1.226,0.025039,0.974961
1.226,0.000734,0.999266
1.226,0.001915,0.998085
1.226,0.02761,0.97239
1.226,0.800617,0.199383
1.226,0.011835,0.988166
1.226,0.000706,0.999294
1.226,0.336637,0.663363
1.226,0.986413,0.013587
1.226,0.560218,0.439782
1.226,0.001869,0.998131
1.226,0.015457,0.984543
1.226,0.033528,0.966472
1.226,0.041903,0.958097
1.226,0.131026,0.868974
1.232,0.220146,0.779854
1.232,0.004342,0.995658
1.232,0.046378,0.953622
1.232,0.024063,0.975937
1.232,0.000173,0.999827
1.232,0.142898,0.857102
1.232,9.8e-05,0.999902
1.232,0.089389,0.910611
1.232,0.999749,0.000251
1.232,0.017459,0.982541
1.232,0.5632,0.4368
1.232,2.4e-05,0.999976
1.232,0.159048,0.840952
1.232,0.016238,0.983762
1.232,0.975156,0.024844
1.232,0.010217,0.989783
1.232,0.001704,0.998296
1.232,0.770675,0.229325
1.232,0.142072,0.857928
1.232,6e-06,0.999994
1.232,0.484711,0.515289
1.232,0.013441,0.986559
1.232,0.002879,0.997121
1.232,0.001713,0.998287
1.232,0.864251,0.135749
1.232,0.036072,0.963928
1.232,0.258371,0.741629
1.232,0.442868,0.557132
1.232,0.00121,0.99879
1.232,9e-06,0.999991
1.232,0.000323,0.999677
1.232,0.04079,0.95921
1.232,0.911752,0.088248
1.232,0.01541,0.98459
1.232,0.715685,0.284315
1.232,0.000779,0.999221
1.232,2.1e-05,0.999979
1.232,0.350365,0.649635
1.232,0.000942,0.999058
1.232,0.033461,0.966539
1.232,0.012966,0.987034
1.232,0.444812,0.555188
1.232,0.001952,0.998048
1.232,0.000318,0.999682
1.232,0.000228,0.999772
1.232,0.67856,0.32144
1.232,2.9e-05,0.999971
1.232,6e-06,0.999994
1.232,0.586286,0.413714
1.232,0.053031,0.946969
1.232,0.95094,0.049061
1.232,3.1e-05,0.999969
1.232,8.1e-05,0.999919
1.232,0.019929,0.980071
1.232,0.000344,0.999656
1.232,0.030647,0.969353
1.232,0.000585,0.999415
1.232,0.5711,0.4289
1.232,2.1e-05,0.999979
1.232,4.3e-05,0.999957
1.232,0.119724,0.880276
1.232,0.000213,0.999787
1.232,0.038943,0.961057
1.232,0.015095,0.984905
1.232,0.771852,0.228148
1.232,0.925327,0.074673
1.232,0.000175,0.999825
1.232,0.005322,0.994678
1.232,0.542028,0.457972
1.232,0.013809,0.986191
1.232,0.073899,0.926101
1.232,0.949477,0.050523
1.232,0.000909,0.999091
1.232,0.083444,0.916556
1.232,0.438368,0.561632
1.232,0.002158,0.997842
1.232,0.058921,0.941079
1.232,0.464024,0.535976
1.232,0.090546,0.909454
1.232,0.066151,0.933849
1.232,0.000244,0.999756
1.232,0.015659,0.984341
1.232,0.289736,0.710264
1.232,0.000151,0.999849
1.232,0.021494,0.978506
1.232,0.000687,0.999313
1.232,0.994181,0.005819
1.232,0.483815,0.516185
1.232,0.021879,0.978121
1.232,0.233676,0.766324
1.232,0.024957,0.975043
1.232,9e-06,0.999991
1.232,0.01841,0.98159
1.232,0.004099,0.995901
1.232,0.0867,0.9133
1.232,0.183423,0.816577
1.232,0.258293,0.741707
1.232,0.214035,0.785965
1.232,0.059001,0.940999
1.232,0.000367,0.999633
1.238,0.658352,0.341648
1.238,0.824007,0.175993
1.238,0.00301,0.99699
1.238,0.00818,0.99182
1.238,0.201462,0.798538
1.238,0.362053,0.637948
1.238,2.5e-05,0.999975
1.238,0.997897,0.002103
1.238,0.804103,0.195897
1.238,0.004004,0.995996
1.238,0.117137,0.882863
1.238,7.1e-05,0.999929
1.238,0.001251,0.998749
1.238,0.813944,0.186056
1.238,0.001586,0.998414
1.238,0.008246,0.991754
1.238,5.4e-05,0.999946
1.238,0.015352,0.984648
1.238,0.0,1.0
1.238,0.959022,0.040978
1.238,0.040487,0.959513
1.238,0.000165,0.999835
1.238,0.897443,0.102557
1.238,0.007703,0.992298
1.238,0.022835,0.977165
1.238,0.554627,0.445373
1.238,0.129864,0.870136
1.238,0.000359,0.999641
1.238,0.439546,0.560454
1.238,0.869062,0.130938
1.238,0.000389,0.999611
1.238,0.000146,0.999854
1.238,0.019739,0.980261
1.238,0.001684,0.998316
1.238,0.490705,0.509295
1.238,0.00011,0.99989
1.238,0.001332,0.998668
1.238,0.59318,0.40682
1.238,0.000683,0.999317
1.238,0.032912,0.967088
1.238,5e-06,0.999995
1.238,0.24176,0.75824
1.238,0.42183,0.57817
1.238,0.997305,0.002695
1.238,0.118271,0.881729
1.238,0.931269,0.068731
1.238,0.005596,0.994404
1.238,7.1e-05,0.999929
1.238,0.933149,0.066851
1.238,0.000813,0.999187
1.238,0.112116,0.887884
1.238,4.5e-05,0.999955
1.238,0.000109,0.999891
1.238,0.550329,0.449671
1.238,0.137349,0.862651
1.238,0.077524,0.922476
1.238,0.630674,0.369326
1.238,5.5e-05,0.999945
1.238,0.830224,0.169776
1.238,1.2e-05,0.999988
1.238,0.002152,0.997848
1.238,0.972745,0.027255
1.238,0.340405,0.659595
1.238,0.071725,0.928275
1.238,0.002746,0.997254
1.238,1.8e-05,0.999982
1.238,0.454731,0.545269
1.238,7e-06,0.999993
1.238,2.8e-05,0.999972
1.238,0.040116,0.959884
1.238,0.0289,0.9711
1.238,0.004694,0.995306
1.238,0.204155,0.795845
1.238,0.017689,0.982311
1.238,0.000114,0.999886
1.238,9e-06,0.999991
1.238,0.155451,0.844549
1.238,0.997442,0.002558
1.238,0.967979,0.032021
1.238,0.000494,0.999506
1.238,0.004582,0.995418
1.238,1.2e-05,0.999988
1.238,0.000567,0.999433
1.238,0.002052,0.997948
1.238,0.028608,0.971392
1.238,0.000438,0.999562
1.238,0.0,1.0
1.238,0.035356,0.964644
1.238,0.946363,0.053637
1.238,0.089638,0.910362
1.238,0.355299,0.644701
1.238,0.024765,0.975235
1.238,0.000311,0.999689
1.238,0.00456,0.99544
1.238,0.296203,0.703797
1.238,0.004499,0.9955
1.238,0.001626,0.998374
1.238,0.083749,0.916251
1.238,0.000181,0.999819
1.238,3.7e-05,0.999963
1.244,0.019545,0.980455
1.244,0.00077,0.99923
1.244,2e-06,0.999998
1.244,0.385889,0.614111
1.244,0.963893,0.036107
1.244,0.000918,0.999082
1.244,0.020212,0.979788
1.244,0.972883,0.027117
1.244,0.102414,0.897586
1.244,0.003696,0.996304
1.244,0.000455,0.999545
1.244,0.019323,0.980677
1.244,0.172843,0.827157
1.244,0.656269,0.343731
1.244,0.001496,0.998504
1.244,0.001246,0.998754
1.244,0.005106,0.994894
1.244,0.004211,0.995789
1.244,0.037908,0.962092
1.244,0.012662,0.987338
1.244,0.019675,0.980325
1.244,0.392104,0.607896
1.244,0.768711,0.231289
1.244,0.006427,0.993573
1.244,0.00283,0.99717
1.244,0.500274,0.499726
1.244,0.912454,0.087546
1.244,0.581755,0.418245
1.244,1e-05,0.99999
1.244,0.0003,0.9997
1.244,0.003711,0.996289
1.244,3e-06,0.999997
1.244,2.6e-05,0.999974
1.244,0.072006,0.927994
1.244,0.724397,0.275603
1.244,0.24585,0.75415
1.244,0.025547,0.974453
1.244,0.002645,0.997355
1.244,0.019489,0.980511
1.244,0.322946,0.677054
1.244,0.907849,0.092151
1.244,0.05073,0.94927
1.244,0.249809,0.750191
1.244,0.504021,0.495979
1.244,0.230088,0.769912
1.244,6.8e-05,0.999932
1.244,0.248844,0.751156
1.244,0.72985,0.27015
1.244,0.002227,0.997772
1.244,0.00861,0.99139
1.244,0.586234,0.413766
1.244,0.003307,0.996693
1.244,0.159889,0.840111
1.244,0.18215,0.81785
1.244,0.000669,0.999331
1.244,0.006179,0.993821
1.244,0.312543,0.687457
1.244,0.969441,0.030559
1.244,0.000375,0.999625
1.244,0.18011,0.81989
1.244,0.000129,0.999871
1.244,0.565336,0.434664
1.244,0.012221,0.987779
1.244,3e-06,0.999997
1.244,0.000743,0.999257
1.244,2e-05,0.99998
1.244,0.270868,0.729132
1.244,0.000694,0.999306
1.244,0.000451,0.999548
1.244,0.313723,0.686277
1.244,0.000196,0.999804
1.244,0.015398,0.984602
1.244,0.87802,0.12198
1.244,0.005521,0.994479
1.244,0.970133,0.029867
1.244,0.028813,0.971187
1.244,0.022643,0.977357
1.244,0.000642,0.999358
1.244,0.000386,0.999614
1.244,0.120802,0.879198
1.244,0.161986,0.838014
1.244,0.026865,0.973134
1.244,0.000234,0.999766
1.244,0.239572,0.760428
1.244,0.005945,0.994055
1.244,0.000193,0.999807
1.244,0.1059,0.8941
1.244,0.142533,0.857467
1.244,0.000146,0.999854
1.244,0.855717,0.144283
1.244,0.975826,0.024174
1.244,0.02145,0.97855
1.244,0.986485,0.013515
1.244,1.7e-05,0.999983
1.244,0.230783,0.769217
1.244,0.729276,0.270724
1.244,0.081986,0.918014
1.244,0.055094,0.944906
1.244,0.115434,0.884566
1.244,0.02152,0.97848
1.25,0.001161,0.998839
1.25,9e-06,0.999991
1.25,0.870182,0.129818
1.25,0.002658,0.997342
1.25,0.162959,0.837041
1.25,0.003385,0.996616
1.25,0.000273,0.999727
1.25,2.9e-05,0.999971
1.25,0.30151,0.69849
1.25,0.010688,0.989312
1.25,0.697088,0.302912
1.25,0.00761,0.99239
1.25,0.000594,0.999406
1.25,0.062252,0.937748
1.25,0.129901,0.870099
1.25,0.001583,0.998417
1.25,0.001516,0.998484
1.25,2.3e-05,0.999977
1.25,3.6e-05,0.999964
1.25,0.998952,0.001048
1.25,0.701073,0.298927
1.25,0.000976,0.999024
1.25,0.940933,0.059067
1.25,0.038169,0.961831
1.25,0.006419,0.993581
1.25,0.960758,0.039243
1.25,2.2e-05,0.999979
1.25,0.498818,0.501182
1.25,0.00916,0.99084
1.25,0.891845,0.108155
1.25,0.004949,0.995051
1.25,0.000214,0.999786
1.25,0.865425,0.134575
1.25,0.411026,0.588974
1.25,0.001926,0.998074
1.25,0.00543,0.99457
1.25,0.021701,0.978299
1.25,0.169739,0.830261
1.25,0.264118,0.735882
1.25,0.0,1.0
1.25,0.086185,0.913815
1.25,0.00184,0.99816
1.25,0.000735,0.999266
1.25,0.999396,0.000604
1.25,0.001224,0.998776
1.25,0.002043,0.997957
1.25,0.040219,0.959781
1.25,0.00955,0.99045
1.25,0.038705,0.961295
1.25,0.034059,0.965941
1.25,0.000679,0.999321
1.25,0.000784,0.999216
1.25,0.573082,0.426918
1.25,0.001351,0.998649
1.25,8.5e-05,0.999915
1.25,0.031271,0.968729
1.25,2.9e-05,0.999971
1.25,0.288508,0.711492
1.25,0.000204,0.999796
1.25,0.992981,0.007019
1.25,0.034929,0.965071
1.25,0.905611,0.094389
1.25,0.004073,0.995927
1.25,0.773761,0.226239
1.25,3e-06,0.999997
1.25,6e-06,0.999994
1.25,0.591448,0.408552
1.25,9.6e-05,0.999904
1.25,0.023749,0.976251
1.25,0.148828,0.851172
1.25,0.020458,0.979542
1.25,8e-05,0.99992
1.25,0.232507,0.767493
1.25,0.821524,0.178476
1.25,0.040587,0.959413
1.25,0.199527,0.800473
1.25,0.95709,0.04291
1.25,5.1e-05,0.999949
1.25,0.121419,0.878581
1.25,0.727598,0.272402
1.25,0.228737,0.771263
1.25,0.027895,0.972105
1.25,0.208901,0.791099
1.25,0.488294,0.511706
1.25,0.004544,0.995456
1.25,0.999942,5.8e-05
1.25,0.507165,0.492835
1.25,9.3e-05,0.999907
1.25,0.101753,0.898247
1.25,0.014989,0.985011
1.25,8.6e-05,0.999914
1.25,0.904175,0.095825
1.25,0.012679,0.987321
1.25,0.146459,0.853541
1.25,0.965057,0.034943
1.25,0.115173,0.884826
1.25,0.00084,0.99916
1.25,0.089078,0.910922
1.25,0.003484,0.996516
1.25,0.064145,0.935855
1.256,0.002698,0.997302
1.256,0.999943,5.7e-05
1.256,0.01376,0.98624
1.256,0.992178,0.007822
1.256,8e-06,0.999992
1.256,0.045513,0.954487
1.256,0.000391,0.999609
1.256,0.800556,0.199444
1.256,0.079982,0.920018
1.256,0.189988,0.810012
1.256,0.027019,0.972981
1.256,0.01607,0.98393
1.256,0.016638,0.983362
1.256,4.4e-05,0.999956
1.256,9e-05,0.99991
1.256,0.000154,0.999846
1.256,0.006714,0.993286
1.256,0.259405,0.740595
1.256,0.002054,0.997946
1.256,3e-06,0.999997
1.256,0.001122,0.998878
1.256,0.017614,0.982386
1.256,0.796138,0.203862
1.256,0.002914,0.997086
1.256,0.236607,0.763393
1.256,0.931298,0.068702
1.256,0.007722,0.992278
1.256,8e-05,0.99992
1.256,0.002707,0.997293
1.256,0.71004,0.28996
1.256,2e-06,0.999998
1.256,0.000375,0.999625
1.256,0.668168,0.331832
1.256,0.091591,0.908409
1.256,7e-06,0.999993
1.256,6.3e-05,0.999937
1.256,0.015219,0.984781
1.256,0.184697,0.815303
1.256,0.005254,0.994746
1.256,1.2e-05,0.999988
1.256,0.00019,0.99981
1.256,0.129475,0.870525
1.256,1.6e-05,0.999984
1.256,0.915646,0.084354
1.256,5.5e-05,0.999945
1.256,0.842858,0.157142
1.256,0.005161,0.994839
1.256,0.908984,0.091016
1.256,0.621321,0.378679
1.256,0.997781,0.002219
1.256,0.000831,0.999169
1.256,0.888858,0.111142
1.256,0.000221,0.999779
1.256,0.004741,0.995259
1.256,0.001956,0.998044
1.256,0.082765,0.917235
1.256,0.003763,0.996237
1.256,0.000318,0.999682
1.256,1.8e-05,0.999982
1.256,0.002496,0.997504
1.256,0.000274,0.999726
1.256,0.865315,0.134685
1.256,3.6e-05,0.999964
1.256,0.029607,0.970393
1.256,0.006901,0.993099
1.256,0.017537,0.982463
1.256,0.002675,0.997325
1.256,0.000562,0.999438
1.256,0.001713,0.998287
1.256,0.009358,0.990642
1.256,0.811058,0.188942
1.256,0.00045,0.99955
1.256,2.2e-05,0.999978
1.256,0.021375,0.978624
1.256,0.484967,0.515033
1.256,0.010657,0.989343
1.256,0.999227,0.000773
1.256,0.958764,0.041236
1.256,5e-05,0.99995
1.256,0.02359,0.97641
1.256,0.927975,0.072025
1.256,0.462891,0.53711
1.256,0.947145,0.052855
1.256,0.000966,0.999034
1.256,0.002268,0.997732
1.256,0.000545,0.999455
1.256,0.026983,0.973017
1.256,0.879339,0.120661
1.256,1.7e-05,0.999983
1.256,0.000445,0.999555
1.256,0.671371,0.328629
1.256,0.001517,0.998483
1.256,0.000357,0.999643
1.256,0.024859,0.975141
1.256,6.2e-05,0.999938
1.256,0.036778,0.963222
1.256,0.000962,0.999038
1.256,9.5e-05,0.999905
1.256,0.001658,0.998342
1.256,0.082938,0.917062
1.262,1.1e-05,0.999989
1.262,0.000238,0.999762
1.262,0.000852,0.999148
1.262,0.947938,0.052062
1.262,0.015085,0.984915
1.262,0.00184,0.99816
1.262,0.005243,0.994757
1.262,0.001425,0.998575
1.262,0.000206,0.999794
1.262,0.995888,0.004112
1.262,0.045226,0.954774
1.262,2e-06,0.999998
1.262,0.999904,9.6e-05
1.262,9.1e-05,0.999909
1.262,0.210355,0.789645
1.262,0.000246,0.999754
1.262,0.00235,0.99765
1.262,0.003747,0.996253
1.262,0.133859,0.866141
1.262,0.000251,0.999749
1.262,0.000366,0.999634
1.262,0.001819,0.998181
1.262,0.002928,0.997072
1.262,0.99327,0.00673
1.262,0.04615,0.95385
1.262,0.004754,0.995246
1.262,3.1e-05,0.999969
1.262,0.00063,0.99937
1.262,0.006591,0.993409
1.262,0.000423,0.999577
1.262,0.00024,0.99976
1.262,0.04205,0.95795
1.262,0.000712,0.999288
1.262,9e-05,0.99991
1.262,0.000265,0.999735
1.262,0.00299,0.99701
1.262,0.000163,0.999837
1.262,0.004274,0.995726
1.262,0.012649,0.987351
1.262,0.004756,0.995244
1.262,0.000312,0.999688
1.262,9.3e-05,0.999907
1.262,1.7e-05,0.999983
1.262,0.529396,0.470604
1.262,2e-06,0.999998
1.262,0.239961,0.760039
1.262,0.0,1.0
1.262,0.031311,0.968689
1.262,4.7e-05,0.999953
1.262,0.021904,0.978096
1.262,0.036844,0.963156
1.262,0.016361,0.983639
1.262,0.168766,0.831234
1.262,0.626162,0.373838
1.262,0.000214,0.999786
1.262,0.00019,0.99981
1.262,9e-06,0.999991
1.262,0.007472,0.992528
1.262,1.7e-05,0.999983
1.262,0.038789,0.961211
1.262,0.0,1.0
1.262,0.001805,0.998195
1.262,0.992589,0.007411
1.262,0.043974,0.956026
1.262,0.014867,0.985133
1.262,0.09785,0.90215
1.262,0.001186,0.998814
1.262,0.263287,0.736713
1.262,0.056265,0.943735
1.262,0.001769,0.998231
1.262,0.030471,0.969529
1.262,0.001606,0.998394
1.262,0.000586,0.999414
1.262,0.448926,0.551074
1.262,9e-05,0.99991
1.262,0.364147,0.635853
1.262,0.000219,0.999781
1.262,0.18724,0.812761
1.262,0.01033,0.98967
1.262,0.006766,0.993234
1.262,0.016372,0.983628
1.262,0.000124,0.999876
1.262,0.067816,0.932184
1.262,0.0042,0.9958
1.262,6.5e-05,0.999936
1.262,0.000261,0.999739
1.262,0.001964,0.998036
1.262,0.000906,0.999094
1.262,0.004472,0.995528
1.262,0.01601,0.98399
1.262,0.020597,0.979403
1.262,0.143432,0.856568
1.262,0.074656,0.925344
1.262,0.913011,0.086989
1.262,0.000507,0.999493
1.262,4.8e-05,0.999952
1.262,2.2e-05,0.999978
1.262,9e-06,0.999991
1.262,0.000939,0.999061
1.262,0.000205,0.999795
1.268,0.993429,0.006571
1.268,0.022219,0.977781
1.268,0.015157,0.984843
1.268,0.025623,0.974377
1.268,0.210569,0.789431
1.268,9e-06,0.999991
1.268,4.8e-05,0.999952
1.268,0.001355,0.998645
1.268,0.047603,0.952397
1.268,0.017612,0.982388
1.268,0.875958,0.124042
1.268,0.126213,0.873786
1.268,0.0,1.0
1.268,0.247538,0.752462
1.268,0.004064,0.995936
1.268,0.218392,0.781608
1.268,0.000306,0.999694
1.268,0.008104,0.991896
1.268,0.000342,0.999658
1.268,1e-04,0.9999
1.268,0.273171,0.726829
1.268,0.003105,0.996895
1.268,2e-06,0.999998
1.268,0.000839,0.999161
1.268,0.676803,0.323197
1.268,0.316991,0.683009
1.268,0.183048,0.816952
1.268,0.686826,0.313174
1.268,0.986895,0.013105
1.268,0.006815,0.993184
1.268,0.016052,0.983948
1.268,0.001734,0.998266
1.268,0.00163,0.99837
1.268,0.00772,0.99228
1.268,0.789206,0.210794
1.268,0.610717,0.389283
1.268,0.0,1.0
1.268,0.428956,0.571044
1.268,3e-06,0.999997
1.268,0.569225,0.430775
1.268,0.585993,0.414007
1.268,5e-05,0.99995
1.268,0.000833,0.999167
1.268,0.003084,0.996916
1.268,0.027814,0.972186
1.268,0.159568,0.840432
1.268,0.003369,0.996631
1.268,0.042969,0.957031
1.268,0.00019,0.99981
1.268,2.2e-05,0.999978
1.268,0.0,1.0
1.268,0.038876,0.961124
1.268,0.033299,0.966701
1.268,8.3e-05,0.999917
1.268,0.000206,0.999794
1.268,0.000795,0.999205
1.268,0.001835,0.998165
1.268,0.94316,0.05684
1.268,0.003758,0.996242
1.268,0.80466,0.19534
1.268,0.042982,0.957018
1.268,0.711691,0.288309
1.268,0.00338,0.99662
1.268,3.9e-05,0.999961
1.268,0.820105,0.179895
1.268,0.806517,0.193483
1.268,0.218885,0.781115
1.268,0.024994,0.975006
1.268,0.666601,0.333399
1.268,0.01465,0.98535
1.268,0.003496,0.996504
1.268,0.000485,0.999515
1.268,2e-06,0.999998
1.268,8.5e-05,0.999915
1.268,0.610689,0.389311
1.268,0.004239,0.995761
1.268,0.573553,0.426447
1.268,0.227374,0.772626
1.268,0.032617,0.967383
1.268,0.00919,0.99081
1.268,0.004383,0.995617
1.268,0.002994,0.997006
1.268,0.017316,0.982684
1.268,0.009148,0.990852
1.268,0.00195,0.99805
1.268,4.2e-05,0.999958
1.268,0.005933,0.994067
1.268,0.000205,0.999795
1.268,0.080187,0.919814
1.268,0.001452,0.998548
1.268,8e-06,0.999992
1.268,0.13696,0.86304
1.268,0.002247,0.997753
1.268,0.070184,0.929816
1.268,1.7e-05,0.999983
1.268,0.004495,0.995505
1.268,4.5e-05,0.999955
1.268,0.047739,0.952261
1.268,9e-06,0.999991
1.268,0.007242,0.992758
1.274,0.719692,0.280308
1.274,2e-06,0.999998
1.274,0.028518,0.971482
1.274,0.895247,0.104753
1.274,9e-06,0.999991
1.274,0.030508,0.969492
1.274,0.546664,0.453336
1.274,0.006037,0.993963
1.274,0.769266,0.230734
1.274,0.164358,0.835642
1.274,0.000511,0.999489
1.274,0.969096,0.030904
1.274,0.036843,0.963158
1.274,0.311635,0.688365
1.274,0.042745,0.957255
1.274,0.023793,0.976207
1.274,0.013443,0.986557
1.274,0.825287,0.174713
1.274,0.000158,0.999842
1.274,8e-06,0.999992
1.274,0.982462,0.017538
1.274,0.639829,0.360171
1.274,1e-05,0.99999
1.274,0.001492,0.998508
1.274,0.000341,0.999659
1.274,0.023755,0.976245
1.274,0.000234,0.999766
1.274,0.000563,0.999437
1.274,0.089584,0.910416
1.274,0.023549,0.976451
1.274,1.5e-05,0.999985
1.274,0.020661,0.979339
1.274,0.000473,0.999527
1.274,0.988617,0.011383
1.274,0.003728,0.996272
1.274,9.9e-05,0.999901
1.274,0.009964,0.990036
1.274,0.003822,0.996178
1.274,5e-06,0.999995
1.274,0.002309,0.997691
1.274,0.000264,0.999736
1.274,0.732038,0.267961
1.274,2.7e-05,0.999973
1.274,0.026455,0.973545
1.274,0.461872,0.538128
1.274,7.5e-05,0.999925
1.274,0.928424,0.071576
1.274,0.000536,0.999464
1.274,0.001621,0.998379
1.274,0.009347,0.990653
1.274,4e-06,0.999996
1.274,0.670387,0.329613
1.274,0.32455,0.67545
1.274,0.00029,0.99971
1.274,0.080401,0.919599
1.274,0.000116,0.999884
1.274,0.057199,0.942801
1.274,1.4e-05,0.999986
1.274,0.757026,0.242974
1.274,0.000193,0.999807
1.274,0.874906,0.125094
1.274,0.822661,0.177339
1.274,0.009771,0.990229
1.274,0.001304,0.998696
1.274,0.208725,0.791275
1.274,0.003589,0.996411
1.274,0.007282,0.992718
1.274,0.010676,0.989324
1.274,0.002031,0.997969
1.274,0.900754,0.099246
1.274,0.00011,0.99989
1.274,0.418269,0.581731
1.274,4e-06,0.999996
1.274,3.8e-05,0.999962
1.274,0.000232,0.999768
1.274,0.041069,0.958931
1.274,0.09789,0.90211
1.274,0.980862,0.019138
1.274,0.072474,0.927526
1.274,0.133857,0.866143
1.274,0.076492,0.923508
1.274,4.3e-05,0.999957
1.274,0.010703,0.989297
1.274,0.033776,0.966224
1.274,0.00039,0.99961
1.274,0.000847,0.999153
1.274,0.000804,0.999196
1.274,7e-05,0.99993
1.274,5.9e-05,0.999941
1.274,0.969648,0.030352
1.274,0.449243,0.550757
1.274,3.5e-05,0.999965
1.274,0.042579,0.957421
1.274,0.570047,0.429953
1.274,0.000158,0.999842
1.274,4e-06,0.999996
1.274,0.0,1.0
1.274,0.015181,0.984819
1.274,0.008526,0.991474
1.274,8.7e-05,0.999912
1.28,0.00639,0.99361
1.28,2e-06,0.999998
1.28,0.008025,0.991975
1.28,0.089267,0.910733
1.28,0.004219,0.995781
1.28,0.899876,0.100124
1.28,0.999684,0.000316
1.28,0.000122,0.999878
1.28,0.000447,0.999553
1.28,1e-06,0.999999
1.28,0.000629,0.99937
1.28,0.081326,0.918674
1.28,0.0,1.0
1.28,9.4e-05,0.999906
1.28,0.005645,0.994355
1.28,0.480563,0.519437
1.28,0.003656,0.996344
1.28,0.000546,0.999454
1.28,0.045878,0.954122
1.28,2.7e-05,0.999973
1.28,0.001082,0.998918
1.28,0.017289,0.982711
1.28,0.053979,0.946021
1.28,0.024604,0.975396
1.28,9.5e-05,0.999905
1.28,0.004524,0.995476
1.28,2.8e-05,0.999972
1.28,0.00036,0.99964
1.28,2e-06,0.999998
1.28,5e-05,0.99995
1.28,0.894163,0.105837
1.28,0.019897,0.980103
1.28,2.3e-05,0.999977
1.28,0.008102,0.991898
1.28,4.9e-05,0.999951
1.28,0.000121,0.999879
1.28,6e-06,0.999994
1.28,0.029147,0.970853
1.28,0.033755,0.966245
1.28,0.00013,0.99987
1.28,0.030212,0.969788
1.28,0.000446,0.999554
1.28,0.001584,0.998416
1.28,0.992539,0.007461
1.28,0.036684,0.963316
1.28,0.012604,0.987396
1.28,0.000878,0.999122
1.28,0.000586,0.999414
1.28,0.136151,0.863849
1.28,0.011403,0.988597
1.28,0.000915,0.999085
1.28,0.001946,0.998054
1.28,0.019343,0.980657
1.28,0.00113,0.99887
1.28,0.091865,0.908135
1.28,2.8e-05,0.999972
1.28,0.008297,0.991702
1.28,0.999697,0.000303
1.28,1e-06,0.999999
1.28,0.0179,0.9821
1.28,0.307466,0.692534
1.28,0.026166,0.973834
1.28,1e-06,0.999999
1.28,0.045281,0.954719
1.28,0.0,1.0
1.28,0.987,0.013
1.28,4.7e-05,0.999953
1.28,0.001502,0.998498
1.28,6.2e-05,0.999938
1.28,0.037036,0.962964
1.28,0.499253,0.500748
1.28,0.021223,0.978776
1.28,0.145217,0.854783
1.28,0.499873,0.500127
1.28,9.7e-05,0.999903
1.28,2.7e-05,0.999973
1.28,0.530863,0.469137
1.28,0.012786,0.987214
1.28,0.251569,0.748431
1.28,5.8e-05,0.999942
1.28,0.000605,0.999395
1.28,0.973306,0.026694
1.28,0.001471,0.998529
1.28,0.048496,0.951504
1.28,0.98152,0.01848
1.28,0.002024,0.997976
1.28,0.351493,0.648507
1.28,6e-06,0.999994
1.28,5.9e-05,0.99994
1.28,0.000173,0.999827
1.28,0.000172,0.999828
1.28,0.001895,0.998105
1.28,0.000286,0.999714
1.28,0.000603,0.999397
1.28,7.2e-05,0.999928
1.28,0.007953,0.992047
1.28,0.839525,0.160475
1.28,0.000977,0.999023
1.28,0.16711,0.83289
1.28,0.0,1.0
1.286,0.325792,0.674208
1.286,0.002627,0.997373
1.286,0.881955,0.118045
1.286,0.030291,0.969709
1.286,0.474967,0.525033
1.286,0.611975,0.388025
1.286,3e-05,0.99997
1.286,0.092156,0.907844
1.286,0.027294,0.972706
1.286,1.3e-05,0.999987
1.286,0.83622,0.16378
1.286,0.080256,0.919744
1.286,0.00327,0.99673
1.286,3.8e-05,0.999962
1.286,6e-06,0.999994
1.286,0.059473,0.940528
1.286,0.028505,0.971496
1.286,0.000617,0.999383
1.286,0.999921,7.9e-05
1.286,0.000552,0.999448
1.286,1.7e-05,0.999983
1.286,0.000416,0.999584
1.286,0.008494,0.991506
1.286,0.986382,0.013618
1.286,0.048966,0.951034
1.286,1e-06,0.999999
1.286,0.213258,0.786742
1.286,0.00302,0.99698
1.286,0.069865,0.930135
1.286,0.360192,0.639808
1.286,5e-06,0.999995
1.286,0.045651,0.954349
1.286,0.000881,0.999119
1.286,0.011329,0.988671
1.286,1.1e-05,0.999989
1.286,0.499245,0.500755
1.286,7.3e-05,0.999927
1.286,0.007938,0.992062
1.286,0.003788,0.996212
1.286,1e-06,0.999999
1.286,0.001727,0.998273
1.286,0.008548,0.991452
1.286,0.000672,0.999328
1.286,0.011426,0.988574
1.286,0.00594,0.99406
1.286,0.005014,0.994986
1.286,0.007376,0.992624
1.286,0.00304,0.99696
1.286,4e-06,0.999996
1.286,0.000262,0.999738
1.286,3e-06,0.999998
1.286,0.425714,0.574286
1.286,0.004734,0.995266
1.286,0.000683,0.999317
1.286,0.953228,0.046772
1.286,0.011095,0.988905
1.286,7e-06,0.999993
1.286,0.000905,0.999095
1.286,3e-06,0.999997
1.286,0.00059,0.99941
1.286,0.000568,0.999432
1.286,0.000441,0.999559
1.286,0.000528,0.999473
1.286,1e-06,1.0
1.286,0.128404,0.871596
1.286,0.049595,0.950405
1.286,0.00329,0.99671
1.286,0.029352,0.970648
1.286,0.001175,0.998825
1.286,0.0065,0.9935
1.286,0.285228,0.714772
1.286,3.4e-05,0.999966
1.286,0.004109,0.995891
1.286,0.0,1.0
1.286,0.481765,0.518235
1.286,2.3e-05,0.999976
1.286,0.002597,0.997403
1.286,0.992876,0.007124
1.286,0.003026,0.996974
1.286,0.264772,0.735228
1.286,0.969956,0.030044
1.286,0.00497,0.99503
1.286,1.4e-05,0.999986
1.286,0.000207,0.999793
1.286,0.000375,0.999625
1.286,0.086146,0.913854
1.286,7.8e-05,0.999922
1.286,0.175828,0.824172
1.286,0.061875,0.938124
1.286,0.000179,0.999821
1.286,0.005868,0.994132
1.286,0.000136,0.999864
1.286,0.001697,0.998303
1.286,0.044942,0.955058
1.286,0.002144,0.997856
1.286,0.050876,0.949124
1.286,0.32395,0.67605
1.286,1.1e-05,0.999989
1.286,0.007719,0.992281
1.286,0.006067,0.993933
1.292,0.00042,0.99958
1.292,0.00135,0.99865
1.292,0.142292,0.857708
1.292,0.083507,0.916492
1.292,0.0003,0.9997
1.292,0.000144,0.999856
1.292,0.007031,0.992969
1.292,0.000463,0.999537
1.292,3e-05,0.99997
1.292,6.2e-05,0.999938
1.292,0.072915,0.927086
1.292,0.005728,0.994272
1.292,0.002165,0.997835
1.292,0.016793,0.983207
1.292,0.007043,0.992958
1.292,0.025863,0.974137
1.292,3e-06,0.999997
1.292,0.230854,0.769146
1.292,0.580521,0.419479
1.292,0.000193,0.999807
1.292,0.000221,0.999779
1.292,0.00902,0.99098
1.292,0.365656,0.634344
1.292,0.005702,0.994298
1.292,0.053787,0.946213
1.292,0.555578,0.444422
1.292,0.010341,0.989659
1.292,0.021738,0.978262
1.292,0.000341,0.999659
1.292,1.9e-05,0.999981
1.292,0.018945,0.981055
1.292,0.020098,0.979902
1.292,1.9e-05,0.999981
1.292,0.003211,0.996789
1.292,4.7e-05,0.999953
1.292,0.005234,0.994766
1.292,2.1e-05,0.999979
1.292,0.006828,0.993172
1.292,0.11163,0.88837
1.292,0.005169,0.994831
1.292,0.342207,0.657793
1.292,0.010539,0.989461
1.292,3e-06,0.999997
1.292,0.993211,0.006789
1.292,6e-06,0.999994
1.292,0.000763,0.999237
1.292,1e-06,0.999999
1.292,0.005531,0.994469
1.292,0.00012,0.99988
1.292,0.000208,0.999792
1.292,0.000326,0.999674
1.292,2e-06,0.999998
1.292,4.6e-05,0.999954
1.292,0.000904,0.999096
1.292,0.056115,0.943885
1.292,0.044988,0.955012
1.292,3e-06,0.999997
1.292,0.004334,0.995666
1.292,0.023611,0.976388
1.292,0.119103,0.880897
1.292,0.000359,0.999641
1.292,0.517049,0.482951
1.292,0.358946,0.641054
1.292,0.997197,0.002803
1.292,0.522126,0.477874
1.292,0.01051,0.98949
1.292,0.382159,0.617841
1.292,0.002599,0.997401
1.292,0.000504,0.999496
1.292,0.000452,0.999548
1.292,0.492323,0.507678
1.292,1.8e-05,0.999982
1.292,0.0657,0.9343
1.292,0.003806,0.996194
1.292,0.182172,0.817828
1.292,0.080297,0.919703
1.292,0.131518,0.868482
1.292,0.2912,0.7088
1.292,7e-06,0.999993
1.292,0.022977,0.977022
1.292,1e-06,0.999999
1.292,0.006366,0.993634
1.292,5e-06,0.999995
1.292,0.000296,0.999704
1.292,0.004689,0.995311
1.292,2.5e-05,0.999975
1.292,0.000178,0.999822
1.292,0.000331,0.999669
1.292,0.007398,0.992602
1.292,0.37945,0.62055
1.292,1e-06,0.999999
1.292,0.000696,0.999304
1.292,0.659153,0.340847
1.292,0.063254,0.936746
1.292,0.001357,0.998643
1.292,0.967181,0.032819
1.292,0.440088,0.559912
1.292,0.000128,0.999872
1.292,0.000134,0.999866
1.292,0.000187,0.999813
1.298,0.605227,0.394773
1.298,0.006514,0.993486
1.298,1.9e-05,0.999981
1.298,1e-06,0.999999
1.298,0.000179,0.999821
1.298,0.005983,0.994017
1.298,0.385715,0.614285
1.298,0.001199,0.998801
1.298,0.973521,0.026479
1.298,0.002852,0.997148
1.298,0.000494,0.999506
1.298,0.00542,0.99458
1.298,0.603853,0.396147
1.298,0.000303,0.999697
1.298,0.000934,0.999066
1.298,2e-06,0.999998
1.298,4.7e-05,0.999953
1.298,0.019286,0.980714
1.298,0.007145,0.992855
1.298,0.000926,0.999074
1.298,0.140226,0.859774
1.298,0.001049,0.998951
1.298,0.000175,0.999825
1.298,0.000141,0.999859
1.298,0.050913,0.949087
1.298,0.546875,0.453125
1.298,0.0,1.0
1.298,2.8e-05,0.999972
1.298,1.1e-05,0.999989
1.298,0.01743,0.98257
1.298,0.726458,0.273542
1.298,0.016264,0.983736
1.298,0.000508,0.999492
1.298,5e-06,0.999995
1.298,9.8e-05,0.999902
1.298,1e-06,0.999999
1.298,0.010967,0.989033
1.298,1.4e-05,0.999985
1.298,0.007503,0.992497
1.298,0.00408,0.995919
1.298,0.040539,0.95946
1.298,0.023028,0.976972
1.298,1e-06,0.999999
1.298,0.000311,0.999689
1.298,0.056446,0.943554
1.298,0.0,1.0
1.298,0.000691,0.999309
1.298,0.024595,0.975405
1.298,0.005523,0.994476
1.298,0.036782,0.963218
1.298,0.829957,0.170043
1.298,3.4e-05,0.999966
1.298,0.000428,0.999572
1.298,0.004235,0.995765
1.298,0.093254,0.906746
1.298,0.201327,0.798673
1.298,0.284823,0.715177
1.298,2.2e-05,0.999978
1.298,0.000828,0.999172
1.298,5.4e-05,0.999946
1.298,0.000391,0.999609
1.298,0.703657,0.296343
1.298,0.33684,0.66316
1.298,2e-06,0.999998
1.298,0.000373,0.999627
1.298,0.000612,0.999388
1.298,0.000232,0.999768
1.298,0.001363,0.998637
1.298,1e-05,0.99999
1.298,0.019201,0.980799
1.298,0.007712,0.992288
1.298,2e-06,0.999998
1.298,0.001346,0.998654
1.298,0.000177,0.999823
1.298,0.808059,0.191941
1.298,0.0086,0.9914
1.298,1.5e-05,0.999985
1.298,0.000593,0.999407
1.298,3.7e-05,0.999963
1.298,0.985937,0.014063
1.298,0.004316,0.995684
1.298,0.495811,0.504189
1.298,0.000833,0.999167
1.298,1.5e-05,0.999985
1.298,0.005096,0.994904
1.298,0.000288,0.999712
1.298,0.001734,0.998266
1.298,0.00048,0.99952
1.298,0.089483,0.910517
1.298,3.6e-05,0.999964
1.298,0.000145,0.999855
1.298,0.056787,0.943213
1.298,0.006938,0.993062
1.298,2.3e-05,0.999977
1.298,0.00639,0.99361
1.298,0.016437,0.983563
1.298,2e-05,0.99998
1.298,0.63856,0.36144
1.298,0.35974,0.64026
1.298,0.014026,0.985974
1.305,1.2e-05,0.999988
1.305,0.001245,0.998755
1.305,0.21953,0.78047
1.305,0.000136,0.999864
1.305,3e-06,0.999997
1.305,0.07901,0.92099
1.305,0.001699,0.998301
1.305,0.370095,0.629905
1.305,0.000146,0.999854
1.305,0.001983,0.998016
1.305,0.000984,0.999016
1.305,0.001306,0.998694
1.305,1e-06,0.999999
1.305,0.000913,0.999087
1.305,0.001066,0.998934
1.305,0.824299,0.175701
1.305,0.909655,0.090345
1.305,2e-05,0.99998
1.305,0.007332,0.992668
1.305,0.000133,0.999867
1.305,0.003736,0.996264
1.305,0.003765,0.996235
1.305,0.013047,0.986953
1.305,0.108868,0.891132
1.305,0.008477,0.991523
1.305,0.206482,0.793518
1.305,0.017777,0.982223
1.305,0.000951,0.999049
1.305,0.005739,0.994261
1.305,5.7e-05,0.999943
1.305,0.000202,0.999798
1.305,0.000126,0.999874
1.305,0.017813,0.982188
1.305,0.000673,0.999327
1.305,0.023592,0.976408
1.305,0.138777,0.861223
1.305,0.000105,0.999895
1.305,4.2e-05,0.999958
1.305,4e-06,0.999996
1.305,0.978263,0.021737
1.305,3e-06,0.999997
1.305,0.002048,0.997952
1.305,5.7e-05,0.999943
1.305,0.026121,0.973879
1.305,0.000369,0.999631
1.305,0.006841,0.993159
1.305,2e-05,0.99998
1.305,2e-06,0.999998
1.305,0.631298,0.368702
1.305,0.944327,0.055673
1.305,0.000488,0.999512
1.305,6.7e-05,0.999933
1.305,1e-05,0.99999
1.305,3.4e-05,0.999966
1.305,1e-06,0.999999
1.305,6e-06,0.999994
1.305,0.104771,0.895229
1.305,0.000269,0.999731
1.305,0.004049,0.995951
1.305,0.403415,0.596585
1.305,0.002199,0.997801
1.305,9e-06,0.999991
1.305,0.005649,0.994351
1.305,0.518537,0.481463
1.305,0.603449,0.396551
1.305,1.6e-05,0.999984
1.305,0.010218,0.989782
1.305,0.005219,0.994781
1.305,3.4e-05,0.999966
1.305,4.2e-05,0.999958
1.305,0.003933,0.996067
1.305,0.001156,0.998844
1.305,0.003564,0.996436
1.305,0.0,1.0
1.305,0.003562,0.996438
1.305,0.00058,0.99942
1.305,0.011223,0.988777
1.305,5.7e-05,0.999943
1.305,0.003438,0.996562
1.305,0.003791,0.996209
1.305,0.065846,0.934154
1.305,0.001048,0.998952
1.305,0.000613,0.999387
1.305,0.000673,0.999327
1.305,0.000232,0.999768
1.305,0.983919,0.016081
1.305,0.004171,0.995829
1.305,0.000609,0.999391
1.305,0.00037,0.99963
1.305,0.112199,0.887801
1.305,0.008496,0.991504
1.305,0.000126,0.999874
1.305,0.017098,0.982902
1.305,1e-06,0.999999
1.305,0.035395,0.964604
1.305,0.004469,0.995531
1.305,0.003063,0.996937
1.305,1e-06,0.999999
1.305,0.002467,0.997533
1.305,0.168974,0.831026
1.311,0.000203,0.999797
1.311,2e-06,0.999998
1.311,0.004701,0.995299
1.311,2e-06,0.999998
1.311,0.000409,0.999591
1.311,0.003166,0.996834
1.311,0.187637,0.812363
1.311,0.442431,0.557569
1.311,0.005375,0.994625
1.311,0.001515,0.998485
1.311,0.023469,0.976531
1.311,0.100807,0.899193
1.311,0.003653,0.996347
1.311,0.000152,0.999848
1.311,0.027393,0.972607
1.311,0.936998,0.063002
1.311,0.006252,0.993748
1.311,2e-06,0.999998
1.311,1.2e-05,0.999988
1.311,0.002227,0.997773
1.311,0.000927,0.999073
1.311,0.000101,0.999899
1.311,0.001603,0.998397
1.311,0.002348,0.997652
1.311,0.0,1.0
1.311,0.002567,0.997433
1.311,0.908091,0.091909
1.311,1.2e-05,0.999988
1.311,0.001651,0.998349
1.311,0.138608,0.861392
1.311,4e-06,0.999996
1.311,0.00249,0.99751
1.311,0.000992,0.999008
1.311,0.00108,0.99892
1.311,0.015589,0.984411
1.311,9e-06,0.999991
1.311,7e-06,0.999993
1.311,0.119026,0.880974
1.311,1.1e-05,0.999989
1.311,1.9e-05,0.999982
1.311,0.0,1.0
1.311,0.019292,0.980708
1.311,0.000271,0.999729
1.311,0.000133,0.999867
1.311,0.02905,0.97095
1.311,0.389909,0.610091
1.311,0.994094,0.005906
1.311,0.137199,0.862801
1.311,7.7e-05,0.999922
1.311,0.165134,0.834866
1.311,4e-06,0.999996
1.311,1.2e-05,0.999988
1.311,0.76055,0.23945
1.311,0.000731,0.999269
1.311,0.002139,0.997861
1.311,0.000981,0.999019
1.311,0.000377,0.999623
1.311,0.000478,0.999522
1.311,0.0,1.0
1.311,0.004247,0.995753
1.311,0.090019,0.909981
1.311,0.005408,0.994592
1.311,0.811512,0.188488
1.311,0.000598,0.999402
1.311,0.0104,0.9896
1.311,0.082076,0.917924
1.311,0.055505,0.944495
1.311,4.9e-05,0.999951
1.311,1.5e-05,0.999985
1.311,0.001289,0.998711
1.311,0.000899,0.999101
1.311,0.346629,0.653371
1.311,0.000128,0.999872
1.311,0.003848,0.996152
1.311,0.102889,0.897111
1.311,0.3722,0.6278
1.311,0.000167,0.999833
1.311,0.00014,0.99986
1.311,0.144428,0.855572
1.311,9e-06,0.999991
1.311,1e-06,1.0
1.311,8e-06,0.999992
1.311,0.399432,0.600568
1.311,0.615218,0.384781
1.311,0.000211,0.999789
1.311,0.184148,0.815852
1.311,0.006287,0.993713
1.311,0.02437,0.97563
1.311,0.119974,0.880026
1.311,0.002735,0.997265
1.311,0.004388,0.995612
1.311,0.178575,0.821425
1.311,0.001489,0.998511
1.311,5e-05,0.99995
1.311,0.930122,0.069878
1.311,1e-05,0.99999
1.311,0.995205,0.004795
1.311,0.226941,0.773059
1.311,0.025608,0.974392
1.311,2e-06,0.999998
1.317,0.000866,0.999134
1.317,0.000228,0.999772
1.317,0.003572,0.996428
1.317,0.854642,0.145358
1.317,1.5e-05,0.999985
1.317,0.05118,0.94882
1.317,0.006566,0.993434
1.317,0.00069,0.99931
1.317,7e-06,0.999993
1.317,3.9e-05,0.999961
1.317,0.00796,0.99204
1.317,0.009258,0.990742
1.317,0.003269,0.996731
1.317,0.94694,0.05306
1.317,0.00015,0.99985
1.317,0.001374,0.998626
1.317,0.0,1.0
1.317,0.040163,0.959837
1.317,1e-06,0.999999
1.317,4.5e-05,0.999955
1.317,0.043816,0.956184
1.317,3.9e-05,0.999961
1.317,0.010276,0.989724
1.317,0.182226,0.817774
1.317,0.0,1.0
1.317,0.039295,0.960705
1.317,0.006546,0.993454
1.317,0.470979,0.529021
1.317,8e-06,0.999992
1.317,0.000678,0.999322
1.317,0.002482,0.997518
1.317,0.006214,0.993786
1.317,2.8e-05,0.999972
1.317,0.001542,0.998458
1.317,0.262559,0.737441
1.317,0.000394,0.999606
1.317,0.034852,0.965148
1.317,2e-06,0.999998
1.317,5e-06,0.999996
1.317,5.4e-05,0.999946
1.317,0.003943,0.996057
1.317,3e-06,0.999997
1.317,0.005597,0.994403
1.317,0.136644,0.863356
1.317,0.003551,0.996449
1.317,0.004204,0.995796
1.317,0.000168,0.999832
1.317,0.928351,0.071649
1.317,0.0,1.0
1.317,0.106884,0.893116
1.317,0.007635,0.992365
1.317,0.515057,0.484943
1.317,3.2e-05,0.999968
1.317,0.399316,0.600684
1.317,0.042843,0.957157
1.317,0.00521,0.99479
1.317,0.20806,0.79194
1.317,0.000294,0.999706
1.317,0.003991,0.996008
1.317,0.00419,0.99581
1.317,0.03216,0.96784
1.317,0.999913,8.7e-05
1.317,1.4e-05,0.999986
1.317,2e-05,0.99998
1.317,0.000285,0.999715
1.317,0.000678,0.999322
1.317,0.231368,0.768632
1.317,0.901474,0.098526
1.317,0.0,1.0
1.317,1.2e-05,0.999988
1.317,6.9e-05,0.999931
1.317,0.003469,0.996531
1.317,0.053629,0.946371
1.317,0.000581,0.999419
1.317,0.010285,0.989715
1.317,3.8e-05,0.999962
1.317,7e-06,0.999993
1.317,0.000233,0.999767
1.317,0.000118,0.999882
1.317,2.1e-05,0.999979
1.317,0.000121,0.999879
1.317,0.000144,0.999856
1.317,8.4e-05,0.999916
1.317,0.961316,0.038684
1.317,0.000109,0.999891
1.317,5.1e-05,0.999949
1.317,6.1e-05,0.999939
1.317,0.001044,0.998956
1.317,0.05768,0.94232
1.317,0.103998,0.896002
1.317,0.000236,0.999764
1.317,2.1e-05,0.999979
1.317,1.6e-05,0.999984
1.317,1e-06,0.999999
1.317,0.031666,0.968334
1.317,0.132137,0.867863
1.317,0.000996,0.999004
1.317,0.916209,0.083791
1.317,0.099634,0.900366
1.317,6e-06,0.999994
1.323,0.105794,0.894206
1.323,0.004714,0.995286
1.323,0.003274,0.996726
1.323,0.000501,0.999499
1.323,4e-05,0.99996
1.323,0.012593,0.987407
1.323,0.372788,0.627212
1.323,0.185903,0.814097
1.323,0.009124,0.990876
1.323,0.033564,0.966436
1.323,2.3e-05,0.999976
1.323,1e-06,0.999999
1.323,0.049128,0.950872
1.323,5.5e-05,0.999946
1.323,7e-06,0.999993
1.323,0.002242,0.997758
1.323,0.116065,0.883935
1.323,0.00045,0.99955
1.323,5.1e-05,0.999949
1.323,0.015807,0.984193
1.323,0.000285,0.999715
1.323,2.2e-05,0.999978
1.323,0.001154,0.998846
1.323,0.370984,0.629016
1.323,3.5e-05,0.999965
1.323,0.002931,0.997069
1.323,0.039757,0.960243
1.323,0.0,1.0
1.323,0.169219,0.830781
1.323,0.000411,0.99959
1.323,0.000121,0.999879
1.323,0.0265,0.9735
1.323,0.309047,0.690953
1.323,0.021437,0.978563
1.323,0.756853,0.243147
1.323,0.0,1.0
1.323,0.17653,0.82347
1.323,0.004707,0.995293
1.323,0.00162,0.99838
1.323,0.000511,0.999489
1.323,0.009442,0.990558
1.323,0.11254,0.88746
1.323,0.000384,0.999616
1.323,1e-06,0.999999
1.323,1.5e-05,0.999985
1.323,1.6e-05,0.999984
1.323,0.00026,0.99974
1.323,0.000485,0.999515
1.323,0.007274,0.992726
1.323,0.056191,0.943809
1.323,0.101794,0.898206
1.323,0.035376,0.964624
1.323,0.002852,0.997148
1.323,1.3e-05,0.999987
1.323,0.508188,0.491812
1.323,0.002024,0.997976
1.323,7e-06,0.999993
1.323,0.41094,0.58906
1.323,0.005835,0.994165
1.323,0.154043,0.845957
1.323,0.901555,0.098445
1.323,1.4e-05,0.999986
1.323,0.343962,0.656038
1.323,0.002715,0.997285
1.323,0.000267,0.999733
1.323,0.003655,0.996345
1.323,0.00019,0.99981
1.323,0.011615,0.988385
1.323,0.00014,0.99986
1.323,0.003606,0.996394
1.323,0.092085,0.907915
1.323,0.32148,0.67852
1.323,0.000341,0.999659
1.323,0.006621,0.993379
1.323,1e-05,0.99999
1.323,0.6253,0.3747
1.323,6e-06,0.999994
1.323,2e-06,0.999998
1.323,1.9e-05,0.999981
1.323,0.000107,0.999893
1.323,0.001219,0.998782
1.323,0.004048,0.995952
1.323,0.001064,0.998936
1.323,0.000283,0.999717
1.323,0.001322,0.998678
1.323,0.048605,0.951395
1.323,0.0,1.0
1.323,3e-06,0.999997
1.323,0.037584,0.962416
1.323,0.013812,0.986188
1.323,0.007945,0.992055
1.323,6.1e-05,0.999939
1.323,0.116247,0.883753
1.323,2.2e-05,0.999978
1.323,0.003982,0.996018
1.323,0.002977,0.997023
1.323,0.028879,0.971121
1.323,0.83324,0.16676
1.323,0.247058,0.752942
1.323,0.008681,0.991319
1.329,0.00052,0.99948
1.329,1.5e-05,0.999985
1.329,0.00842,0.99158
1.329,0.552382,0.447618
1.329,0.000528,0.999472
1.329,0.004305,0.995695
1.329,0.101399,0.8986
1.329,0.000442,0.999558
1.329,0.000143,0.999857
1.329,0.269311,0.730689
1.329,0.000189,0.999811
1.329,7e-06,0.999993
1.329,0.000131,0.999869
1.329,9.5e-05,0.999904
1.329,0.027796,0.972204
1.329,0.000235,0.999765
1.329,4.9e-05,0.999951
1.329,0.001061,0.998939
1.329,1.1e-05,0.999989
1.329,0.051036,0.948964
1.329,7e-06,0.999993
1.329,0.001452,0.998548
1.329,0.000189,0.999811
1.329,0.010963,0.989037
1.329,0.0034,0.9966
1.329,0.000398,0.999602
1.329,0.01148,0.98852
1.329,0.005086,0.994914
1.329,0.001265,0.998735
1.329,0.000531,0.999469
1.329,6.6e-05,0.999934
1.329,0.000782,0.999218
1.329,1e-06,0.999999
1.329,1e-05,0.99999
1.329,0.012849,0.987151
1.329,0.022876,0.977124
1.329,0.004621,0.995379
1.329,1e-06,0.999999
1.329,0.104712,0.895288
1.329,0.00153,0.99847
1.329,0.8566,0.1434
1.329,0.001714,0.998286
1.329,2e-06,0.999998
1.329,2e-06,0.999998
1.329,0.02531,0.97469
1.329,0.000483,0.999517
1.329,9e-05,0.99991
1.329,0.002484,0.997516
1.329,2.6e-05,0.999974
1.329,1e-06,0.999999
1.329,0.000238,0.999762
1.329,0.002363,0.997637
1.329,6.8e-05,0.999932
1.329,0.212827,0.787173
1.329,0.205478,0.794522
1.329,0.008649,0.991351
1.329,0.000784,0.999216
1.329,4e-06,0.999996
1.329,0.000226,0.999774
1.329,0.279143,0.720857
1.329,0.002331,0.997669
1.329,0.001168,0.998832
1.329,0.000207,0.999793
1.329,0.085739,0.914261
1.329,0.000129,0.999871
1.329,0.001915,0.998085
1.329,0.001413,0.998587
1.329,0.000258,0.999742
1.329,0.013696,0.986304
1.329,0.000859,0.999141
1.329,0.000108,0.999892
1.329,0.002542,0.997458
1.329,0.000106,0.999894
1.329,1.4e-05,0.999986
1.329,0.075108,0.924892
1.329,0.011574,0.988426
1.329,0.712062,0.287938
1.329,0.474958,0.525042
1.329,0.016729,0.983271
1.329,2e-06,0.999998
1.329,0.00299,0.99701
1.329,0.941823,0.058177
1.329,0.000132,0.999868
1.329,0.074722,0.925278
1.329,0.001857,0.998143
1.329,0.889326,0.110674
1.329,0.011966,0.988034
1.329,0.039488,0.960512
1.329,0.00025,0.99975
1.329,0.00041,0.99959
1.329,0.0,1.0
1.329,0.001046,0.998954
1.329,0.000147,0.999853
1.329,0.105394,0.894606
1.329,0.273309,0.726691
1.329,2.7e-05,0.999973
1.329,3e-06,0.999997
1.329,0.010252,0.989748
1.329,0.022097,0.977903
1.329,0.912171,0.087829
1.335,0.000113,0.999887
1.335,0.041518,0.958482
1.335,4e-06,0.999996
1.335,1.4e-05,0.999986
1.335,6e-06,0.999994
1.335,7.8e-05,0.999922
1.335,0.000255,0.999745
1.335,0.00153,0.99847
1.335,0.000963,0.999037
1.335,0.000394,0.999606
1.335,0.000183,0.999817
1.335,0.016081,0.983919
1.335,0.494648,0.505352
1.335,2e-06,0.999998
1.335,1e-05,0.99999
1.335,6.6e-05,0.999934
1.335,0.043218,0.956782
1.335,0.000223,0.999777
1.335,0.000838,0.999162
1.335,0.034246,0.965754
1.335,2e-06,0.999998
1.335,0.000114,0.999886
1.335,0.000265,0.999735
1.335,2e-06,0.999998
1.335,1.5e-05,0.999984
1.335,0.395006,0.604993
1.335,0.02738,0.97262
1.335,0.929746,0.070254
1.335,6.4e-05,0.999936
1.335,0.000614,0.999386
1.335,4e-05,0.99996
1.335,0.000436,0.999564
1.335,1.6e-05,0.999984
1.335,0.00358,0.99642
1.335,0.000923,0.999077
1.335,0.000193,0.999807
1.335,0.008332,0.991668
1.335,0.000891,0.999109
1.335,0.031362,0.968638
1.335,0.000494,0.999506
1.335,0.012344,0.987656
1.335,1.3e-05,0.999987
1.335,0.001094,0.998906
1.335,0.997044,0.002956
1.335,0.000784,0.999216
1.335,0.422766,0.577234
1.335,0.000981,0.99902
1.335,0.000365,0.999635
1.335,6.7e-05,0.999933
1.335,1e-06,0.999999
1.335,0.0,1.0
1.335,0.000803,0.999197
1.335,0.247104,0.752896
1.335,1e-06,0.999999
1.335,0.107274,0.892726
1.335,0.024292,0.975708
1.335,2.6e-05,0.999974
1.335,0.004278,0.995722
1.335,5.9e-05,0.999941
1.335,2.4e-05,0.999976
1.335,0.017514,0.982486
1.335,0.010001,0.989999
1.335,7.1e-05,0.999929
1.335,3e-06,0.999997
1.335,0.003381,0.996619
1.335,0.0121,0.9879
1.335,0.000853,0.999147
1.335,0.005549,0.994451
1.335,0.000103,0.999898
1.335,0.342188,0.657812
1.335,0.073621,0.92638
1.335,0.000238,0.999762
1.335,0.000412,0.999588
1.335,0.002736,0.997264
1.335,0.000321,0.999679
1.335,0.000325,0.999675
1.335,0.965936,0.034064
1.335,0.000812,0.999188
1.335,2.2e-05,0.999978
1.335,0.000208,0.999792
1.335,9e-06,0.999991
1.335,0.675439,0.324561
1.335,0.000258,0.999742
1.335,1e-05,0.99999
1.335,0.000155,0.999846
1.335,0.457754,0.542246
1.335,0.000189,0.999811
1.335,0.052094,0.947906
1.335,4.2e-05,0.999958
1.335,0.000882,0.999118
1.335,0.000478,0.999522
1.335,1e-06,0.999999
1.335,0.24194,0.75806
1.335,2.4e-05,0.999976
1.335,0.00874,0.99126
1.335,0.000128,0.999872
1.335,0.137579,0.862421
1.335,8.5e-05,0.999915
1.335,0.000288,0.999712
1.335,0.0,1.0
1.341,0.894494,0.105506
1.341,1.7e-05,0.999983
1.341,0.360643,0.639357
1.341,0.00115,0.99885
1.341,4e-06,0.999996
1.341,0.000628,0.999372
1.341,3.9e-05,0.999961
1.341,1e-06,1.0
1.341,0.469556,0.530444
1.341,0.002424,0.997576
1.341,2.3e-05,0.999977
1.341,0.002191,0.997809
1.341,3e-06,0.999997
1.341,0.272181,0.727819
1.341,4.1e-05,0.999959
1.341,0.006296,0.993704
1.341,0.00503,0.99497
1.341,3e-06,0.999997
1.341,0.011407,0.988593
1.341,0.589035,0.410965
1.341,0.057132,0.942868
1.341,0.000952,0.999048
1.341,0.000965,0.999035
1.341,0.286227,0.713773
1.341,9e-06,0.999991
1.341,0.004771,0.995229
1.341,0.678926,0.321074
1.341,0.000933,0.999067
1.341,0.002972,0.997028
1.341,0.38174,0.61826
1.341,0.000636,0.999364
1.341,0.144654,0.855346
1.341,1.6e-05,0.999984
1.341,0.399686,0.600314
1.341,0.0,1.0
1.341,1e-05,0.99999
1.341,0.0,1.0
1.341,0.00042,0.99958
1.341,0.0,1.0
1.341,7.6e-05,0.999924
1.341,0.000112,0.999888
1.341,0.028864,0.971136
1.341,0.046876,0.953124
1.341,0.062355,0.937645
1.341,0.000697,0.999303
1.341,0.266917,0.733083
1.341,9e-06,0.999991
1.341,0.023345,0.976655
1.341,5.1e-05,0.999949
1.341,0.187123,0.812877
1.341,0.000111,0.999889
1.341,0.000559,0.999441
1.341,0.002277,0.997723
1.341,3.1e-05,0.999969
1.341,3.5e-05,0.999965
1.341,0.000105,0.999895
1.341,9e-06,0.999991
1.341,1e-06,0.999999
1.341,0.00696,0.99304
1.341,0.020799,0.979201
1.341,0.001638,0.998362
1.341,1e-06,0.999999
1.341,0.923554,0.076446
1.341,0.000665,0.999335
1.341,0.036471,0.963529
1.341,0.124393,0.875607
1.341,0.012459,0.987541
1.341,0.001535,0.998465
1.341,0.961093,0.038907
1.341,0.0,1.0
1.341,0.011263,0.988737
1.341,0.015987,0.984013
1.341,0.000815,0.999185
1.341,1e-06,0.999999
1.341,0.00036,0.99964
1.341,0.000352,0.999648
1.341,0.000107,0.999893
1.341,0.001687,0.998313
1.341,0.728434,0.271566
1.341,0.000151,0.999849
1.341,0.005949,0.994051
1.341,0.001261,0.998739
1.341,0.001883,0.998117
1.341,0.01012,0.98988
1.341,1.8e-05,0.999982
1.341,0.864606,0.135394
1.341,0.000842,0.999158
1.341,0.254221,0.745779
1.341,0.000593,0.999407
1.341,0.001769,0.998231
1.341,0.92406,0.07594
1.341,0.007207,0.992793
1.341,1e-06,0.999999
1.341,0.015238,0.984762
1.341,6.2e-05,0.999938
1.341,8.7e-05,0.999912
1.341,6.2e-05,0.999938
1.341,8.2e-05,0.999918
1.341,0.002262,0.997738
1.341,0.002651,0.997349
1.347,0.000584,0.999416
1.347,0.000605,0.999395
1.347,0.183737,0.816263
1.347,0.0,1.0
1.347,0.001473,0.998527
1.347,0.04063,0.95937
1.347,0.000181,0.999819
1.347,0.0,1.0
1.347,1e-05,0.99999
1.347,0.000102,0.999898
1.347,0.007115,0.992885
1.347,0.000329,0.999671
1.347,0.032418,0.967582
1.347,6e-06,0.999994
1.347,0.183873,0.816127
1.347,0.000303,0.999697
1.347,2e-06,0.999998
1.347,0.042773,0.957227
1.347,0.000811,0.999189
1.347,0.003478,0.996522
1.347,0.98437,0.01563
1.347,0.001789,0.998211
1.347,0.000387,0.999613
1.347,0.0,1.0
1.347,0.00017,0.99983
1.347,1e-06,0.999999
1.347,0.029701,0.970299
1.347,0.000215,0.999785
1.347,0.025649,0.974351
1.347,0.000282,0.999718
1.347,0.003125,0.996875
1.347,0.036042,0.963958
1.347,0.005916,0.994084
1.347,0.0,1.0
1.347,0.001655,0.998345
1.347,6e-06,0.999994
1.347,0.000877,0.999123
1.347,0.00054,0.99946
1.347,8e-05,0.99992
1.347,0.002144,0.997856
1.347,4.4e-05,0.999956
1.347,1.9e-05,0.999981
1.347,1.3e-05,0.999987
1.347,0.82525,0.174749
1.347,1.5e-05,0.999985
1.347,0.000553,0.999447
1.347,6e-06,0.999994
1.347,0.049974,0.950026
1.347,0.010055,0.989945
1.347,7e-05,0.99993
1.347,6.4e-05,0.999936
1.347,2.9e-05,0.999971
1.347,1e-06,0.999999
1.347,0.006096,0.993904
1.347,0.005419,0.994581
1.347,0.000859,0.999141
1.347,0.000153,0.999847
1.347,2.5e-05,0.999975
1.347,0.000409,0.999591
1.347,0.000296,0.999704
1.347,2.9e-05,0.999971
1.347,4e-06,0.999996
1.347,1e-06,0.999999
1.347,0.918677,0.081323
1.347,0.03554,0.96446
1.347,0.000537,0.999463
1.347,0.273306,0.726694
1.347,0.0,1.0
1.347,8.8e-05,0.999912
1.347,0.001896,0.998104
1.347,0.006545,0.993455
1.347,0.000935,0.999065
1.347,9e-05,0.99991
1.347,1e-06,0.999999
1.347,2e-06,0.999998
1.347,0.3881,0.6119
1.347,2e-06,0.999998
1.347,0.803002,0.196998
1.347,0.442076,0.557924
1.347,1.2e-05,0.999988
1.347,2.5e-05,0.999975
1.347,8e-06,0.999992
1.347,0.00314,0.99686
1.347,0.056752,0.943248
1.347,0.000312,0.999688
1.347,4e-06,0.999996
1.347,0.041899,0.958101
1.347,0.000107,0.999893
1.347,7.5e-05,0.999925
1.347,0.77692,0.22308
1.347,0.009443,0.990557
1.347,0.007247,0.992753
1.347,0.095927,0.904073
1.347,0.975914,0.024086
1.347,0.010361,0.98964
1.347,6e-06,0.999994
1.347,9e-06,0.999991
1.347,0.020371,0.979629
1.347,1.1e-05,0.999989
1.347,0.001178,0.998822
1.353,0.000414,0.999586
1.353,2.4e-05,0.999976
1.353,0.0,1.0
1.353,0.070103,0.929897
1.353,6e-06,0.999994
1.353,0.056976,0.943024
1.353,4e-05,0.99996
1.353,0.000188,0.999812
1.353,1e-06,0.999999
1.353,0.006694,0.993306
1.353,2e-06,0.999998
1.353,0.001523,0.998477
1.353,0.026153,0.973847
1.353,0.010586,0.989414
1.353,3e-06,0.999997
1.353,0.007032,0.992968
1.353,0.017353,0.982647
1.353,2e-06,0.999998
1.353,0.001131,0.99887
1.353,0.494151,0.505849
1.353,0.001852,0.998148
1.353,4e-06,0.999996
1.353,0.006047,0.993953
1.353,0.015793,0.984207
1.353,0.007065,0.992935
1.353,0.000155,0.999845
1.353,0.0,1.0
1.353,8.8e-05,0.999912
1.353,3e-06,0.999997
1.353,1.1e-05,0.999989
1.353,0.000622,0.999378
1.353,4e-06,0.999996
1.353,0.002157,0.997843
1.353,3e-06,0.999997
1.353,2e-06,0.999998
1.353,0.0,1.0
1.353,0.000168,0.999832
1.353,3.3e-05,0.999967
1.353,0.683866,0.316134
1.353,0.000842,0.999158
1.353,0.000201,0.999799
1.353,0.004692,0.995308
1.353,0.010458,0.989542
1.353,0.039453,0.960547
1.353,0.0,1.0
1.353,0.001734,0.998266
1.353,7e-06,0.999993
1.353,0.0,1.0
1.353,0.060505,0.939495
1.353,6e-06,0.999994
1.353,0.000695,0.999305
1.353,0.574055,0.425945
1.353,7e-06,0.999993
1.353,1e-06,0.999999
1.353,0.000138,0.999862
1.353,0.015226,0.984774
1.353,4.1e-05,0.999959
1.353,1.6e-05,0.999984
1.353,1e-06,0.999999
1.353,0.035092,0.964908
1.353,3.5e-05,0.999965
1.353,0.007431,0.992569
1.353,0.006178,0.993822
1.353,1.1e-05,0.999989
1.353,1.9e-05,0.999981
1.353,5.8e-05,0.999942
1.353,0.00013,0.999869
1.353,1.3e-05,0.999987
1.353,0.000216,0.999784
1.353,0.000473,0.999527
1.353,0.016006,0.983994
1.353,2e-06,0.999998
1.353,6.6e-05,0.999934
1.353,9e-06,0.999991
1.353,0.007416,0.992584
1.353,0.000481,0.999519
1.353,0.000628,0.999372
1.353,0.000215,0.999785
1.353,0.001206,0.998794
1.353,0.157811,0.842189
1.353,0.000956,0.999044
1.353,0.565317,0.434683
1.353,0.711174,0.288826
1.353,2e-06,0.999998
1.353,0.3624,0.6376
1.353,0.036163,0.963837
1.353,0.016462,0.983538
1.353,1.7e-05,0.999983
1.353,0.0,1.0
1.353,2e-06,0.999998
1.353,0.014108,0.985892
1.353,0.00034,0.99966
1.353,0.000644,0.999356
1.353,0.047119,0.952881
1.353,0.00061,0.99939
1.353,6.3e-05,0.999937
1.353,0.00075,0.99925
1.353,0.000709,0.999291
1.353,0.004308,0.995692
1.353,5.4e-05,0.999946
1.359,2.9e-05,0.999971
1.359,0.290127,0.709873
1.359,0.000541,0.999459
1.359,0.001207,0.998793
1.359,9e-05,0.99991
1.359,0.00462,0.99538
1.359,1.2e-05,0.999988
1.359,0.0,1.0
1.359,6e-06,0.999994
1.359,0.000549,0.999451
1.359,0.0003,0.9997
1.359,0.00043,0.99957
1.359,0.000458,0.999542
1.359,0.002058,0.997942
1.359,0.010359,0.989641
1.359,0.006621,0.993379
1.359,0.0,1.0
1.359,0.000168,0.999832
1.359,0.034866,0.965134
1.359,2.7e-05,0.999973
1.359,4e-06,0.999996
1.359,1.5e-05,0.999985
1.359,0.000635,0.999365
1.359,0.000971,0.999029
1.359,1.1e-05,0.99999
1.359,0.002477,0.997523
1.359,6.2e-05,0.999938
1.359,0.000299,0.999701
1.359,0.0,1.0
1.359,0.001467,0.998533
1.359,8.5e-05,0.999915
1.359,8e-05,0.99992
1.359,0.003584,0.996416
1.359,3e-06,0.999997
1.359,1.9e-05,0.999981
1.359,0.002495,0.997505
1.359,0.000653,0.999347
1.359,0.000516,0.999484
1.359,1e-06,0.999999
1.359,0.000522,0.999478
1.359,9e-06,0.999991
1.359,0.00034,0.99966
1.359,8.5e-05,0.999915
1.359,6.6e-05,0.999934
1.359,0.000887,0.999113
1.359,8e-06,0.999992
1.359,0.00062,0.99938
1.359,0.19431,0.80569
1.359,0.000156,0.999844
1.359,2.6e-05,0.999974
1.359,0.000746,0.999254
1.359,6e-06,0.999994
1.359,0.00524,0.99476
1.359,9e-06,0.999991
1.359,1e-06,0.999999
1.359,0.006533,0.993467
1.359,1e-06,0.999999
1.359,0.003917,0.996083
1.359,0.0006,0.9994
1.359,0.002392,0.997608
1.359,0.000824,0.999176
1.359,9e-06,0.999991
1.359,6.1e-05,0.999939
1.359,9.7e-05,0.999903
1.359,0.000231,0.999769
1.359,6.6e-05,0.999934
1.359,6.3e-05,0.999937
1.359,0.001893,0.998107
1.359,1e-06,0.999999
1.359,0.025792,0.974208
1.359,8e-06,0.999992
1.359,2e-06,0.999998
1.359,1.1e-05,0.999989
1.359,3e-06,0.999997
1.359,0.000318,0.999682
1.359,0.000461,0.999539
1.359,9e-05,0.99991
1.359,1.7e-05,0.999983
1.359,1e-06,0.999999
1.359,1.7e-05,0.999983
1.359,6e-06,0.999994
1.359,3e-06,0.999997
1.359,0.572877,0.427123
1.359,3.8e-05,0.999962
1.359,0.176613,0.823387
1.359,1.9e-05,0.999981
1.359,4.1e-05,0.999959
1.359,0.532759,0.467241
1.359,1.5e-05,0.999985
1.359,0.00105,0.99895
1.359,0.011495,0.988505
1.359,5e-06,0.999995
1.359,0.002802,0.997198
1.359,2.5e-05,0.999975
1.359,3e-06,0.999997
1.359,2.6e-05,0.999974
1.359,6.2e-05,0.999938
1.359,0.000459,0.999541
1.359,0.001121,0.998879
1.359,1e-06,0.999999
1.365,0.001581,0.998419
1.365,1e-06,0.999999
1.365,0.574603,0.425397
1.365,0.00083,0.99917
1.365,0.000792,0.999208
1.365,0.000496,0.999504
1.365,9.5e-05,0.999905
1.365,1.1e-05,0.999989
1.365,9e-06,0.999991
1.365,0.028317,0.971683
1.365,0.001416,0.998584
1.365,0.000198,0.999802
1.365,0.000123,0.999877
1.365,4e-06,0.999996
1.365,0.000223,0.999777
1.365,0.000492,0.999508
1.365,6.5e-05,0.999935
1.365,0.957166,0.042834
1.365,1.1e-05,0.999989
1.365,0.007428,0.992572
1.365,7e-05,0.99993
1.365,0.001223,0.998777
1.365,0.0,1.0
1.365,6.1e-05,0.999939
1.365,9e-06,0.999991
1.365,0.001371,0.998629
1.365,0.000948,0.999052
1.365,1e-06,0.999999
1.365,0.363825,0.636175
1.365,0.000415,0.999585
1.365,0.00084,0.99916
1.365,0.977793,0.022207
1.365,0.132647,0.867353
1.365,0.02599,0.97401
1.365,0.000343,0.999657
1.365,0.003912,0.996088
1.365,0.00379,0.99621
1.365,0.000129,0.999871
1.365,0.208073,0.791927
1.365,4.4e-05,0.999956
1.365,3.1e-05,0.999969
1.365,0.012758,0.987242
1.365,2e-06,0.999998
1.365,0.000273,0.999727
1.365,0.000149,0.999851
1.365,6e-06,0.999994
1.365,0.000286,0.999714
1.365,8e-06,0.999992
1.365,0.33519,0.66481
1.365,0.000591,0.999409
1.365,1.5e-05,0.999985
1.365,0.005358,0.994642
1.365,0.000291,0.999709
1.365,1e-06,0.999999
1.365,0.117966,0.882034
1.365,0.000328,0.999672
1.365,2e-06,0.999998
1.365,0.005492,0.994508
1.365,1e-06,0.999999
1.365,0.000625,0.999375
1.365,5e-06,0.999995
1.365,2e-06,0.999998
1.365,0.000702,0.999298
1.365,0.001694,0.998306
1.365,2e-06,0.999998
1.365,0.021853,0.978147
1.365,5e-06,0.999995
1.365,0.002043,0.997956
1.365,0.010018,0.989982
1.365,0.001048,0.998952
1.365,0.283821,0.716179
1.365,0.00679,0.99321
1.365,0.009101,0.990899
1.365,0.032839,0.967161
1.365,9e-05,0.99991
1.365,0.000257,0.999743
1.365,0.000315,0.999685
1.365,0.000133,0.999866
1.365,0.000456,0.999544
1.365,2.9e-05,0.999971
1.365,0.00024,0.99976
1.365,1e-06,0.999999
1.365,7.7e-05,0.999923
1.365,5e-06,0.999995
1.365,0.003255,0.996744
1.365,0.000231,0.999769
1.365,0.000385,0.999615
1.365,0.136595,0.863405
1.365,1e-06,0.999999
1.365,6e-06,0.999994
1.365,0.001369,0.998631
1.365,0.000235,0.999765
1.365,0.000802,0.999198
1.365,0.001404,0.998596
1.365,0.005141,0.994859
1.365,0.000578,0.999422
1.365,2e-06,0.999998
1.365,1.1e-05,0.999989
1.365,4e-06,0.999996
1.365,0.026658,0.973342
1.371,4.7e-05,0.999953
1.371,0.014962,0.985038
1.371,0.000257,0.999743
1.371,0.000254,0.999746
1.371,0.0,1.0
1.371,3e-05,0.99997
1.371,0.000123,0.999877
1.371,8e-06,0.999992
1.371,5e-05,0.99995
1.371,0.008267,0.991733
1.371,0.0,1.0
1.371,0.001746,0.998254
1.371,0.031085,0.968915
1.371,3e-06,0.999997
1.371,0.000222,0.999778
1.371,2.8e-05,0.999972
1.371,3e-05,0.99997
1.371,0.052574,0.947426
1.371,4.4e-05,0.999956
1.371,0.108058,0.891942
1.371,5e-06,0.999996
1.371,9.5e-05,0.999905
1.371,2e-05,0.99998
1.371,0.0,1.0
1.371,2e-06,0.999998
1.371,1e-05,0.99999
1.371,3.8e-05,0.999962
1.371,0.001884,0.998116
1.371,9e-05,0.99991
1.371,0.120998,0.879002
1.371,9e-06,0.999991
1.371,1.2e-05,0.999988
1.371,0.003094,0.996906
1.371,1.2e-05,0.999988
1.371,0.021657,0.978343
1.371,2.3e-05,0.999977
1.371,0.049172,0.950828
1.371,0.000741,0.999259
1.371,0.103263,0.896737
1.371,0.0,1.0
1.371,0.001118,0.998882
1.371,0.000237,0.999763
1.371,0.0,1.0
1.371,0.000403,0.999597
1.371,1e-06,0.999999
1.371,0.001339,0.998661
1.371,0.006663,0.993338
1.371,0.056363,0.943637
1.371,2e-06,0.999998
1.371,0.000235,0.999765
1.371,0.002325,0.997674
1.371,5e-06,0.999996
1.371,0.136676,0.863324
1.371,0.000118,0.999882
1.371,1e-06,0.999999
1.371,0.006856,0.993144
1.371,0.807649,0.192351
1.371,0.590382,0.409618
1.371,6e-06,0.999994
1.371,3.3e-05,0.999967
1.371,0.017142,0.982858
1.371,0.001107,0.998893
1.371,0.000165,0.999835
1.371,0.0007,0.9993
1.371,5e-06,0.999995
1.371,8e-06,0.999992
1.371,0.000464,0.999536
1.371,7.2e-05,0.999928
1.371,0.121401,0.878599
1.371,0.000297,0.999703
1.371,3e-05,0.99997
1.371,0.021068,0.978932
1.371,5.7e-05,0.999943
1.371,0.00019,0.99981
1.371,0.000296,0.999704
1.371,0.000109,0.999891
1.371,0.601248,0.398752
1.371,0.00275,0.99725
1.371,0.001927,0.998073
1.371,0.033226,0.966774
1.371,0.000845,0.999155
1.371,0.010011,0.989989
1.371,7e-05,0.99993
1.371,3e-06,0.999997
1.371,4e-06,0.999996
1.371,1e-06,0.999999
1.371,0.029991,0.970009
1.371,0.003454,0.996546
1.371,0.0,1.0
1.371,7e-06,0.999993
1.371,0.003456,0.996544
1.371,0.007356,0.992644
1.371,0.008084,0.991916
1.371,1.1e-05,0.999989
1.371,0.00012,0.99988
1.371,0.0,1.0
1.371,0.337154,0.662846
1.371,2.5e-05,0.999975
1.371,0.103209,0.896791
1.371,0.000751,0.999249
1.377,1e-06,0.999999
1.377,0.0,1.0
1.377,1e-06,0.999999
1.377,4.9e-05,0.999951
1.377,0.000188,0.999812
1.377,0.05904,0.94096
1.377,6.1e-05,0.999939
1.377,5e-05,0.99995
1.377,5.2e-05,0.999948
1.377,1.1e-05,0.999989
1.377,0.000122,0.999878
1.377,8.1e-05,0.999919
1.377,0.000218,0.999782
1.377,0.001753,0.998247
1.377,0.01726,0.98274
1.377,0.083278,0.916722
1.377,0.000508,0.999492
1.377,4.1e-05,0.99996
1.377,0.009091,0.990909
1.377,0.011157,0.988843
1.377,0.043453,0.956547
1.377,0.031266,0.968734
1.377,0.002433,0.997567
1.377,4e-06,0.999996
1.377,0.000917,0.999084
1.377,0.799364,0.200636
1.377,0.00108,0.99892
1.377,0.0031,0.9969
1.377,0.312404,0.687596
1.377,1e-06,0.999999
1.377,2.9e-05,0.999971
1.377,0.000275,0.999725
1.377,1e-06,0.999999
1.377,1e-06,0.999999
1.377,0.175049,0.824951
1.377,0.000153,0.999847
1.377,0.007595,0.992405
1.377,0.000102,0.999898
1.377,0.923495,0.076505
1.377,0.561198,0.438802
1.377,0.0,1.0
1.377,5.6e-05,0.999944
1.377,2e-06,0.999998
1.377,0.054339,0.945661
1.377,0.418378,0.581622
1.377,0.008918,0.991082
1.377,0.132382,0.867618
1.377,9e-05,0.99991
1.377,0.005331,0.994669
1.377,0.001275,0.998725
1.377,0.000323,0.999678
1.377,5e-06,0.999995
1.377,0.000446,0.999554
1.377,0.028424,0.971576
1.377,7e-06,0.999993
1.377,3.7e-05,0.999963
1.377,1e-06,0.999999
1.377,2.2e-05,0.999978
1.377,0.000136,0.999864
1.377,1e-05,0.99999
1.377,0.910967,0.089033
1.377,0.000124,0.999876
1.377,0.000302,0.999698
1.377,0.000926,0.999074
1.377,0.0,1.0
1.377,8.6e-05,0.999914
1.377,5e-06,0.999995
1.377,1e-05,0.99999
1.377,7.3e-05,0.999927
1.377,0.007527,0.992473
1.377,1e-06,0.999999
1.377,0.000103,0.999897
1.377,0.972066,0.027934
1.377,0.0,1.0
1.377,1e-06,0.999999
1.377,1e-06,0.999999
1.377,0.0,1.0
1.377,1e-06,0.999999
1.377,2e-06,0.999998
1.377,0.247755,0.752245
1.377,0.008762,0.991238
1.377,0.018191,0.981809
1.377,5.8e-05,0.999942
1.377,0.002774,0.997226
1.377,5.7e-05,0.999944
1.377,1.2e-05,0.999988
1.377,0.095808,0.904192
1.377,0.004655,0.995345
1.377,3e-06,0.999997
1.377,0.000172,0.999828
1.377,0.355013,0.644987
1.377,0.001143,0.998857
1.377,8.5e-05,0.999915
1.377,0.003063,0.996937
1.377,3.4e-05,0.999966
1.377,5.3e-05,0.999947
1.377,2e-06,0.999998
1.377,0.003641,0.996359
1.377,1e-06,1.0
1.377,2.4e-05,0.999976
1.383,0.001341,0.998659
1.383,1.9e-05,0.999981
1.383,0.014596,0.985404
1.383,0.0,1.0
1.383,2e-06,0.999998
1.383,0.923362,0.076638
1.383,0.000276,0.999724
1.383,0.768984,0.231016
1.383,0.0,1.0
1.383,5e-06,0.999995
1.383,0.000117,0.999883
1.383,2e-06,0.999998
1.383,0.00013,0.99987
1.383,1.1e-05,0.999989
1.383,4e-06,0.999996
1.383,0.002587,0.997413
1.383,0.010666,0.989334
1.383,6.4e-05,0.999936
1.383,0.084379,0.915621
1.383,0.000402,0.999598
1.383,3e-06,0.999997
1.383,0.000195,0.999805
1.383,4.5e-05,0.999955
1.383,0.0,1.0
1.383,0.000969,0.999031
1.383,7.8e-05,0.999922
1.383,0.002337,0.997663
1.383,0.001122,0.998877
1.383,3.4e-05,0.999966
1.383,0.073009,0.926991
1.383,5e-06,0.999995
1.383,8e-06,0.999992
1.383,1e-06,0.999999
1.383,1.1e-05,0.999989
1.383,6.5e-05,0.999935
1.383,2e-06,0.999998
1.383,0.0,1.0
1.383,0.000472,0.999528
1.383,8e-06,0.999992
1.383,0.00156,0.99844
1.383,0.000682,0.999318
1.383,0.0,1.0
1.383,4e-06,0.999996
1.383,0.104933,0.895067
1.383,0.000269,0.999731
1.383,0.000275,0.999725
1.383,0.000224,0.999777
1.383,1e-06,1.0
1.383,0.000112,0.999888
1.383,1.1e-05,0.999989
1.383,0.000226,0.999774
1.383,2.8e-05,0.999972
1.383,0.00045,0.99955
1.383,0.001493,0.998506
1.383,0.848136,0.151864
1.383,7.7e-05,0.999922
1.383,5.1e-05,0.999948
1.383,6e-06,0.999994
1.383,7.3e-05,0.999927
1.383,0.000126,0.999874
1.383,1e-05,0.99999
1.383,0.0,1.0
1.383,9e-06,0.999991
1.383,5.2e-05,0.999948
1.383,3.4e-05,0.999966
1.383,0.006131,0.993869
1.383,0.003536,0.996464
1.383,0.42328,0.57672
1.383,0.000466,0.999534
1.383,2.7e-05,0.999973
1.383,0.022735,0.977265
1.383,0.011186,0.988814
1.383,1.2e-05,0.999988
1.383,3.8e-05,0.999962
1.383,0.000336,0.999664
1.383,1e-04,0.9999
1.383,0.019951,0.980049
1.383,1e-06,0.999999
1.383,4e-06,0.999996
1.383,2.4e-05,0.999976
1.383,0.004616,0.995384
1.383,5e-06,0.999995
1.383,2.2e-05,0.999978
1.383,0.0,1.0
1.383,7.6e-05,0.999924
1.383,6.1e-05,0.999939
1.383,0.000951,0.999049
1.383,6.3e-05,0.999937
1.383,0.079415,0.920585
1.383,2e-06,0.999998
1.383,0.001556,0.998444
1.383,0.391805,0.608195
1.383,1e-06,0.999999
1.383,1.4e-05,0.999986
1.383,0.052242,0.947758
1.383,0.000628,0.999372
1.383,0.0,1.0
1.383,2e-06,0.999998
1.383,0.007839,0.992161
1.383,0.000258,0.999742
1.389,1e-06,0.999999
1.389,0.002122,0.997878
1.389,5e-06,0.999995
1.389,1e-05,0.99999
1.389,6e-05,0.99994
1.389,1e-06,0.999999
1.389,1e-06,0.999999
1.389,0.001125,0.998875
1.389,0.004633,0.995367
1.389,3e-06,0.999997
1.389,2e-06,0.999998
1.389,0.006455,0.993545
1.389,2e-06,0.999998
1.389,0.160462,0.839538
1.389,0.0,1.0
1.389,0.013175,0.986825
1.389,0.002372,0.997628
1.389,1.7e-05,0.999983
1.389,6e-06,0.999994
1.389,0.164684,0.835316
1.389,0.004906,0.995094
1.389,1.5e-05,0.999985
1.389,0.000114,0.999886
1.389,3e-06,0.999997
1.389,0.000347,0.999653
1.389,1e-06,0.999999
1.389,0.008776,0.991224
1.389,5e-06,0.999995
1.389,1e-04,0.9999
1.389,5e-06,0.999995
1.389,0.005733,0.994267
1.389,3.5e-05,0.999965
1.389,9e-06,0.999991
1.389,0.001293,0.998707
1.389,4.4e-05,0.999956
1.389,0.001904,0.998096
1.389,1e-06,0.999999
1.389,0.016225,0.983775
1.389,1.6e-05,0.999984
1.389,0.058315,0.941685
1.389,4e-06,0.999996
1.389,0.005335,0.994665
1.389,9e-06,0.999991
1.389,2e-06,0.999998
1.389,9.8e-05,0.999902
1.389,0.004187,0.995813
1.389,2e-06,0.999998
1.389,0.000187,0.999813
1.389,0.034643,0.965357
1.389,4e-06,0.999997
1.389,0.000122,0.999878
1.389,0.074415,0.925585
1.389,0.000201,0.999799
1.389,6.1e-05,0.999939
1.389,4.4e-05,0.999956
1.389,0.000183,0.999817
1.389,0.0,1.0
1.389,0.00073,0.99927
1.389,0.004158,0.995842
1.389,0.001223,0.998777
1.389,7.9e-05,0.999921
1.389,0.0,1.0
1.389,0.011202,0.988798
1.389,2e-06,0.999998
1.389,0.025285,0.974715
1.389,0.007436,0.992564
1.389,0.002226,0.997774
1.389,0.000111,0.999889
1.389,0.000134,0.999866
1.389,1e-06,0.999999
1.389,0.000419,0.999581
1.389,0.011542,0.988458
1.389,1e-06,0.999999
1.389,0.000228,0.999772
1.389,6e-06,0.999994
1.389,5.2e-05,0.999948
1.389,3e-06,0.999997
1.389,4e-06,0.999996
1.389,8.1e-05,0.999919
1.389,0.001417,0.998583
1.389,0.001394,0.998606
1.389,2.8e-05,0.999972
1.389,3e-06,0.999997
1.389,0.000995,0.999005
1.389,1.9e-05,0.999981
1.389,0.014779,0.985221
1.389,0.001777,0.998223
1.389,0.016351,0.983649
1.389,0.000174,0.999826
1.389,1.8e-05,0.999982
1.389,0.356866,0.643134
1.389,0.03538,0.96462
1.389,0.000294,0.999706
1.389,0.025301,0.974699
1.389,0.0,1.0
1.389,0.000292,0.999708
1.389,0.000298,0.999702
1.389,0.456556,0.543444
1.389,0.000316,0.999684
1.389,0.078387,0.921613
1.395,2.1e-05,0.999979
1.395,1.4e-05,0.999986
1.395,7e-06,0.999993
1.395,0.0,1.0
1.395,1.4e-05,0.999986
1.395,1.3e-05,0.999987
1.395,6.8e-05,0.999932
1.395,0.000227,0.999773
1.395,0.001912,0.998088
1.395,0.000278,0.999722
1.395,0.009537,0.990462
1.395,0.015119,0.984881
1.395,6.7e-05,0.999933
1.395,6.1e-05,0.999939
1.395,0.0,1.0
1.395,1e-06,0.999999
1.395,2.8e-05,0.999972
1.395,0.000281,0.999719
1.395,4e-06,0.999996
1.395,3.2e-05,0.999968
1.395,1e-06,0.999999
1.395,0.043965,0.956035
1.395,5.1e-05,0.999949
1.395,0.000529,0.999471
1.395,0.000187,0.999813
1.395,0.386446,0.613554
1.395,2.9e-05,0.999971
1.395,0.4122,0.5878
1.395,2.1e-05,0.999979
1.395,0.003015,0.996985
1.395,2e-06,0.999998
1.395,2.8e-05,0.999972
1.395,0.001072,0.998928
1.395,5.9e-05,0.999941
1.395,0.008101,0.991899
1.395,3.6e-05,0.999964
1.395,5.1e-05,0.999949
1.395,3.7e-05,0.999963
1.395,1.7e-05,0.999983
1.395,7.9e-05,0.999921
1.395,0.0,1.0
1.395,4.6e-05,0.999954
1.395,0.059463,0.940537
1.395,4e-06,0.999996
1.395,0.865278,0.134722
1.395,0.006247,0.993753
1.395,0.0,1.0
1.395,1.4e-05,0.999986
1.395,3e-06,0.999997
1.395,0.000372,0.999628
1.395,0.028861,0.971139
1.395,0.042662,0.957338
1.395,0.008705,0.991295
1.395,0.000281,0.999719
1.395,1.4e-05,0.999986
1.395,0.000318,0.999682
1.395,0.000222,0.999778
1.395,0.011035,0.988965
1.395,0.001004,0.998996
1.395,6e-06,0.999994
1.395,0.205284,0.794716
1.395,0.000147,0.999853
1.395,0.01591,0.98409
1.395,7e-06,0.999993
1.395,0.005288,0.994712
1.395,2.5e-05,0.999974
1.395,7.3e-05,0.999927
1.395,1.2e-05,0.999988
1.395,0.0,1.0
1.395,4e-06,0.999996
1.395,0.764709,0.235291
1.395,9e-06,0.999991
1.395,0.000137,0.999863
1.395,0.008695,0.991305
1.395,5.1e-05,0.999949
1.395,0.002952,0.997048
1.395,0.589724,0.410276
1.395,2.5e-05,0.999975
1.395,3.6e-05,0.999964
1.395,2.2e-05,0.999978
1.395,3e-06,0.999997
1.395,0.000808,0.999192
1.395,0.010737,0.989263
1.395,0.0,1.0
1.395,7.8e-05,0.999922
1.395,1.4e-05,0.999986
1.395,6e-06,0.999994
1.395,0.002349,0.997651
1.395,1e-06,0.999999
1.395,0.278324,0.721676
1.395,1.4e-05,0.999986
1.395,0.000178,0.999822
1.395,0.001209,0.998791
1.395,0.000221,0.999779
1.395,0.007381,0.992619
1.395,5.2e-05,0.999948
1.395,0.001317,0.998683
1.395,0.000269,0.999731
1.395,3e-06,0.999997
1.395,2e-06,0.999998
1.402,0.00096,0.99904
1.402,0.0,1.0
1.402,1.1e-05,0.99999
1.402,0.007084,0.992916
1.402,1e-06,1.0
1.402,0.000143,0.999857
1.402,1e-05,0.99999
1.402,1e-06,0.999999
1.402,3e-06,0.999998
1.402,1e-06,0.999999
1.402,0.042854,0.957146
1.402,0.000265,0.999735
1.402,1e-05,0.99999
1.402,1e-06,0.999999
1.402,0.001044,0.998956
1.402,3.9e-05,0.999961
1.402,0.004079,0.995921
1.402,0.008236,0.991764
1.402,1e-06,0.999999
1.402,0.24669,0.75331
1.402,3e-06,0.999997
1.402,1e-06,0.999999
1.402,0.001022,0.998978
1.402,2.5e-05,0.999975
1.402,4e-06,0.999996
1.402,0.0006,0.9994
1.402,2.6e-05,0.999974
1.402,2e-06,0.999998
1.402,3.3e-05,0.999967
1.402,0.00105,0.99895
1.402,0.000863,0.999137
1.402,0.003522,0.996478
1.402,5e-06,0.999995
1.402,4e-06,0.999996
1.402,0.001967,0.998033
1.402,5e-06,0.999995
1.402,0.052445,0.947555
1.402,0.000619,0.999381
1.402,0.000519,0.999482
1.402,0.001631,0.998369
1.402,2.9e-05,0.999971
1.402,0.019724,0.980276
1.402,0.000204,0.999796
1.402,0.000195,0.999805
1.402,0.000143,0.999857
1.402,0.000381,0.999619
1.402,0.573659,0.426341
1.402,2e-06,0.999998
1.402,0.000357,0.999643
1.402,0.000786,0.999214
1.402,3e-06,0.999997
1.402,5.5e-05,0.999945
1.402,7.9e-05,0.999921
1.402,1e-06,0.999999
1.402,0.001179,0.998821
1.402,0.000183,0.999817
1.402,6.2e-05,0.999938
1.402,5e-06,0.999996
1.402,0.004529,0.995471
1.402,0.00476,0.99524
1.402,0.000243,0.999757
1.402,0.00636,0.99364
1.402,5.8e-05,0.999942
1.402,0.0,1.0
1.402,7e-06,0.999993
1.402,1e-06,0.999999
1.402,3e-05,0.99997
1.402,0.000148,0.999852
1.402,0.121975,0.878025
1.402,0.000593,0.999407
1.402,0.000667,0.999333
1.402,0.160929,0.839071
1.402,0.004266,0.995734
1.402,3.2e-05,0.999968
1.402,0.0,1.0
1.402,2.6e-05,0.999974
1.402,6e-06,0.999994
1.402,6.9e-05,0.999931
1.402,0.000593,0.999407
1.402,0.0,1.0
1.402,1e-05,0.99999
1.402,0.000786,0.999214
1.402,4e-06,0.999996
1.402,1.6e-05,0.999984
1.402,0.002766,0.997234
1.402,0.026368,0.973632
1.402,1.7e-05,0.999983
1.402,4.1e-05,0.999958
1.402,0.003176,0.996824
1.402,0.006566,0.993434
1.402,0.000502,0.999498
1.402,0.00101,0.99899
1.402,0.009008,0.990992
1.402,0.008696,0.991304
1.402,2e-06,0.999998
1.402,0.012513,0.987487
1.402,0.001989,0.998011
1.402,0.01058,0.98942
1.402,0.0,1.0
1.402,1e-06,0.999999
1.408,0.070257,0.929743
1.408,0.603297,0.396703
1.408,0.024978,0.975022
1.408,0.20624,0.79376
1.408,0.000696,0.999304
1.408,0.01466,0.985341
1.408,0.481324,0.518676
1.408,0.0,1.0
1.408,3.1e-05,0.999969
1.408,1.9e-05,0.999981
1.408,1e-06,0.999999
1.408,0.000717,0.999283
1.408,0.008735,0.991265
1.408,3e-06,0.999998
1.408,1e-06,0.999999
1.408,0.038361,0.961639
1.408,0.0,1.0
1.408,0.029105,0.970895
1.408,0.0,1.0
1.408,0.0,1.0
1.408,1e-05,0.99999
1.408,1.1e-05,0.999989
1.408,0.045649,0.954351
1.408,0.0,1.0
1.408,1.8e-05,0.999982
1.408,0.038935,0.961065
1.408,0.0,1.0
1.408,5.4e-05,0.999946
1.408,4e-06,0.999996
1.408,4e-06,0.999996
1.408,0.00515,0.99485
1.408,1.9e-05,0.999981
1.408,0.003856,0.996144
1.408,0.000849,0.999151
1.408,9.2e-05,0.999908
1.408,0.000437,0.999563
1.408,0.0,1.0
1.408,1.4e-05,0.999986
1.408,6.6e-05,0.999934
1.408,0.361974,0.638026
1.408,0.0,1.0
1.408,0.024578,0.975422
1.408,0.547445,0.452555
1.408,0.005662,0.994338
1.408,0.000489,0.999511
1.408,9e-06,0.999991
1.408,0.0,1.0
1.408,0.00079,0.99921
1.408,0.810686,0.189314
1.408,0.759162,0.240838
1.408,0.000166,0.999834
1.408,0.000237,0.999763
1.408,0.007689,0.992311
1.408,3e-06,0.999997
1.408,0.000977,0.999023
1.408,0.001864,0.998136
1.408,0.475397,0.524603
1.408,8.8e-05,0.999912
1.408,7.5e-05,0.999925
1.408,4e-06,0.999996
1.408,2e-05,0.99998
1.408,0.013628,0.986372
1.408,0.009844,0.990156
1.408,0.000456,0.999544
1.408,9e-06,0.999991
1.408,3e-05,0.99997
1.408,0.000191,0.999809
1.408,0.000465,0.999535
1.408,4e-06,0.999996
1.408,0.000479,0.999521
1.408,2.4e-05,0.999976
1.408,3.6e-05,0.999964
1.408,0.0003,0.9997
1.408,0.000145,0.999855
1.408,0.0,1.0
1.408,0.015348,0.984652
1.408,2.8e-05,0.999972
1.408,3e-05,0.99997
1.408,0.00491,0.99509
1.408,0.007349,0.992651
1.408,0.030237,0.969763
1.408,1e-06,0.999999
1.408,7.1e-05,0.999929
1.408,1.4e-05,0.999986
1.408,0.014755,0.985245
1.408,0.026463,0.973537
1.408,0.269737,0.730263
1.408,0.002733,0.997267
1.408,0.000639,0.999361
1.408,0.0,1.0
1.408,0.0,1.0
1.408,2e-05,0.99998
1.408,1e-06,0.999999
1.408,1e-06,0.999999
1.408,0.051296,0.948704
1.408,0.213314,0.786686
1.408,0.021539,0.978461
1.408,0.027944,0.972056
1.408,5e-06,0.999995
1.408,5e-05,0.99995
1.414,0.000435,0.999565
1.414,0.000184,0.999816
1.414,0.004194,0.995806
1.414,1.8e-05,0.999982
1.414,0.000333,0.999667
1.414,0.000568,0.999432
1.414,5.3e-05,0.999947
1.414,0.006024,0.993976
1.414,8.6e-05,0.999914
1.414,2e-06,0.999998
1.414,0.000353,0.999647
1.414,9.9e-05,0.999901
1.414,0.061154,0.938846
1.414,8e-06,0.999992
1.414,0.017606,0.982394
1.414,0.000264,0.999736
1.414,1e-06,0.999999
1.414,0.000667,0.999333
1.414,4.2e-05,0.999958
1.414,8.5e-05,0.999915
1.414,0.0,1.0
1.414,7e-06,0.999993
1.414,0.0,1.0
1.414,1.4e-05,0.999986
1.414,3e-06,0.999997
1.414,0.000132,0.999868
1.414,0.0,1.0
1.414,0.430148,0.569852
1.414,0.012937,0.987063
1.414,4e-06,0.999996
1.414,0.000648,0.999352
1.414,0.000357,0.999643
1.414,0.089572,0.910428
1.414,3e-06,0.999997
1.414,0.043227,0.956773
1.414,0.001635,0.998365
1.414,3e-06,0.999997
1.414,8e-06,0.999992
1.414,0.000119,0.999881
1.414,0.000714,0.999286
1.414,0.00015,0.99985
1.414,5e-06,0.999995
1.414,6e-06,0.999994
1.414,1.1e-05,0.999989
1.414,0.002249,0.997751
1.414,0.000204,0.999796
1.414,2.2e-05,0.999978
1.414,0.000474,0.999526
1.414,0.005606,0.994394
1.414,0.000628,0.999372
1.414,1e-06,0.999999
1.414,2.1e-05,0.999979
1.414,0.000812,0.999188
1.414,1.2e-05,0.999988
1.414,0.001562,0.998438
1.414,7e-06,0.999993
1.414,4e-06,0.999996
1.414,0.00013,0.99987
1.414,0.000317,0.999684
1.414,7e-06,0.999993
1.414,0.001127,0.998873
1.414,0.060733,0.939267
1.414,7.3e-05,0.999927
1.414,1.5e-05,0.999985
1.414,1.4e-05,0.999986
1.414,5e-06,0.999995
1.414,6e-06,0.999994
1.414,0.000388,0.999612
1.414,4e-06,0.999996
1.414,1.6e-05,0.999984
1.414,4e-06,0.999996
1.414,2e-06,0.999998
1.414,8e-06,0.999992
1.414,0.499845,0.500155
1.414,8.4e-05,0.999916
1.414,3e-06,0.999997
1.414,0.0,1.0
1.414,0.0,1.0
1.414,0.00173,0.99827
1.414,0.000269,0.999731
1.414,0.0,1.0
1.414,0.0,1.0
1.414,0.000225,0.999775
1.414,1e-06,0.999999
1.414,0.000707,0.999293
1.414,3e-06,0.999997
1.414,0.000219,0.999781
1.414,0.009045,0.990955
1.414,2e-05,0.99998
1.414,0.0,1.0
1.414,3e-06,0.999997
1.414,0.006402,0.993598
1.414,5.2e-05,0.999948
1.414,9e-06,0.999991
1.414,0.000123,0.999877
1.414,1.5e-05,0.999985
1.414,0.000173,0.999827
1.414,0.021708,0.978292
1.414,3e-06,0.999997
1.414,0.0,1.0
1.42,0.002648,0.997352
1.42,3e-06,0.999997
1.42,0.000285,0.999715
1.42,0.01239,0.98761
1.42,3e-06,0.999997
1.42,1e-06,0.999999
1.42,4e-06,0.999996
1.42,0.002299,0.997701
1.42,0.000212,0.999788
1.42,0.001114,0.998886
1.42,0.001804,0.998196
1.42,0.000112,0.999888
1.42,6e-06,0.999994
1.42,0.003271,0.996729
1.42,0.0,1.0
1.42,0.001277,0.998723
1.42,0.0051,0.9949
1.42,2.3e-05,0.999978
1.42,5.6e-05,0.999944
1.42,0.001148,0.998852
1.42,0.031185,0.968815
1.42,0.001208,0.998792
1.42,2e-06,0.999998
1.42,1.4e-05,0.999986
1.42,3.8e-05,0.999962
1.42,0.000249,0.999751
1.42,0.022636,0.977364
1.42,5e-06,0.999994
1.42,1.7e-05,0.999983
1.42,0.0,1.0
1.42,1e-06,0.999999
1.42,5.9e-05,0.99994
1.42,0.000163,0.999837
1.42,5.3e-05,0.999948
1.42,5.5e-05,0.999945
1.42,6.4e-05,0.999936
1.42,0.002372,0.997628
1.42,1e-06,0.999999
1.42,0.0,1.0
1.42,0.0,1.0
1.42,8e-06,0.999992
1.42,0.006329,0.993671
1.42,0.0,1.0
1.42,1e-06,0.999999
1.42,0.000307,0.999694
1.42,1e-05,0.99999
1.42,0.139133,0.860867
1.42,0.0,1.0
1.42,0.003633,0.996366
1.42,0.006956,0.993044
1.42,0.000773,0.999227
1.42,0.000303,0.999697
1.42,0.000361,0.999639
1.42,0.0,1.0
1.42,0.000173,0.999827
1.42,2e-06,0.999998
1.42,4e-06,0.999996
1.42,8e-06,0.999992
1.42,3e-06,0.999997
1.42,3e-06,0.999997
1.42,0.001506,0.998494
1.42,0.125239,0.874761
1.42,0.232781,0.767219
1.42,0.0,1.0
1.42,0.00096,0.99904
1.42,0.000364,0.999636
1.42,0.000585,0.999415
1.42,3e-06,0.999997
1.42,3.3e-05,0.999967
1.42,1.4e-05,0.999986
1.42,1e-06,1.0
1.42,3.8e-05,0.999962
1.42,0.0,1.0
1.42,1e-06,0.999999
1.42,4e-06,0.999996
1.42,5.3e-05,0.999947
1.42,1.2e-05,0.999988
1.42,8e-06,0.999992
1.42,8e-06,0.999992
1.42,2e-05,0.99998
1.42,0.000104,0.999896
1.42,3e-06,0.999997
1.42,0.0,1.0
1.42,6e-06,0.999994
1.42,0.039353,0.960647
1.42,0.000204,0.999796
1.42,7e-06,0.999993
1.42,5e-06,0.999996
1.42,0.0,1.0
1.42,0.000656,0.999344
1.42,4.4e-05,0.999956
1.42,0.000479,0.999521
1.42,0.15562,0.84438
1.42,3e-06,0.999997
1.42,3e-06,0.999997
1.42,0.002485,0.997515
1.42,7e-06,0.999992
1.42,0.004103,0.995897
1.42,0.005563,0.994437
1.42,1e-06,0.999999
1.426,3.1e-05,0.999969
1.426,8e-05,0.99992
1.426,9.4e-05,0.999906
1.426,3e-06,0.999997
1.426,0.00149,0.99851
1.426,1e-06,0.999999
1.426,0.000155,0.999845
1.426,0.023529,0.976471
1.426,2.3e-05,0.999978
1.426,1e-06,0.999999
1.426,0.003071,0.996929
1.426,1e-06,0.999999
1.426,4.9e-05,0.99995
1.426,1.8e-05,0.999982
1.426,5e-06,0.999995
1.426,1e-06,0.999999
1.426,5e-06,0.999995
1.426,0.008058,0.991942
1.426,0.0,1.0
1.426,0.151713,0.848287
1.426,1e-06,1.0
1.426,0.000308,0.999692
1.426,0.001722,0.998278
1.426,4.4e-05,0.999956
1.426,0.0,1.0
1.426,2.5e-05,0.999975
1.426,0.0,1.0
1.426,0.113402,0.886598
1.426,1.5e-05,0.999985
1.426,1.8e-05,0.999982
1.426,0.001182,0.998818
1.426,0.000444,0.999556
1.426,4e-06,0.999996
1.426,0.0,1.0
1.426,0.001057,0.998943
1.426,4e-06,0.999996
1.426,1e-06,0.999999
1.426,1e-06,0.999999
1.426,0.017706,0.982294
1.426,5.6e-05,0.999944
1.426,5e-06,0.999995
1.426,6e-06,0.999994
1.426,6e-06,0.999994
1.426,0.022049,0.977951
1.426,0.0,1.0
1.426,0.0,1.0
1.426,0.000231,0.999769
1.426,0.002031,0.997969
1.426,0.000209,0.999791
1.426,4e-06,0.999996
1.426,4.5e-05,0.999955
1.426,0.000314,0.999686
1.426,0.015157,0.984843
1.426,3e-06,0.999997
1.426,0.001153,0.998846
1.426,1e-06,0.999999
1.426,8.8e-05,0.999912
1.426,0.007565,0.992435
1.426,0.143153,0.856847
1.426,2e-06,0.999998
1.426,7e-06,0.999993
1.426,2e-06,0.999998
1.426,0.001042,0.998958
1.426,0.081755,0.918245
1.426,3e-06,0.999997
1.426,6e-06,0.999994
1.426,4e-06,0.999996
1.426,0.0,1.0
1.426,0.00016,0.99984
1.426,0.000378,0.999622
1.426,0.123253,0.876747
1.426,0.012374,0.987626
1.426,1.8e-05,0.999982
1.426,0.005293,0.994707
1.426,5e-06,0.999995
1.426,0.000189,0.999811
1.426,2.8e-05,0.999972
1.426,0.002967,0.997032
1.426,2.1e-05,0.999979
1.426,1.7e-05,0.999983
1.426,0.017256,0.982744
1.426,1e-06,0.999999
1.426,0.001714,0.998286
1.426,0.002744,0.997256
1.426,0.0,1.0
1.426,0.0,1.0
1.426,2.7e-05,0.999973
1.426,1e-06,0.999999
1.426,0.0,1.0
1.426,0.000192,0.999808
1.426,7e-06,0.999993
1.426,7e-06,0.999993
1.426,5.7e-05,0.999943
1.426,6e-06,0.999994
1.426,5.1e-05,0.999949
1.426,1e-06,0.999999
1.426,0.000301,0.999699
1.426,0.002747,0.997253
1.426,1.2e-05,0.999988
1.426,0.003118,0.996882
1.432,0.966052,0.033948
1.432,0.001267,0.998733
1.432,0.000893,0.999107
1.432,3.8e-05,0.999962
1.432,0.01202,0.98798
1.432,0.075309,0.924691
1.432,0.000294,0.999706
1.432,2.4e-05,0.999976
1.432,0.000106,0.999894
1.432,0.0,1.0
1.432,0.001979,0.99802
1.432,0.000207,0.999793
1.432,1e-06,0.999999
1.432,0.007675,0.992325
1.432,3e-06,0.999998
1.432,4e-06,0.999996
1.432,2.3e-05,0.999977
1.432,1e-06,0.999999
1.432,0.0,1.0
1.432,0.853398,0.146603
1.432,0.000193,0.999807
1.432,1e-06,0.999999
1.432,1e-06,0.999999
1.432,0.072646,0.927354
1.432,8e-06,0.999992
1.432,6e-06,0.999994
1.432,1e-06,0.999999
1.432,0.033739,0.966261
1.432,0.0,1.0
1.432,1e-06,1.0
1.432,2e-06,0.999998
1.432,0.002535,0.997465
1.432,0.000243,0.999757
1.432,6e-06,0.999994
1.432,0.000154,0.999846
1.432,6.9e-05,0.999931
1.432,3e-06,0.999997
1.432,0.0,1.0
1.432,4e-06,0.999996
1.432,0.015756,0.984244
1.432,6.4e-05,0.999936
1.432,4e-06,0.999996
1.432,0.093274,0.906726
1.432,1e-06,0.999999
1.432,5e-06,0.999995
1.432,0.000134,0.999866
1.432,0.000386,0.999614
1.432,0.0,1.0
1.432,1.4e-05,0.999986
1.432,1.5e-05,0.999985
1.432,3e-06,0.999997
1.432,1.6e-05,0.999984
1.432,0.3453,0.6547
1.432,1.1e-05,0.999989
1.432,2.1e-05,0.999979
1.432,0.0,1.0
1.432,0.000515,0.999485
1.432,1.3e-05,0.999987
1.432,6e-06,0.999994
1.432,1.8e-05,0.999982
1.432,0.000105,0.999895
1.432,1e-06,0.999999
1.432,0.000868,0.999132
1.432,5e-06,0.999995
1.432,0.013663,0.986338
1.432,1e-06,0.999999
1.432,3.3e-05,0.999967
1.432,6e-06,0.999994
1.432,0.001059,0.998941
1.432,9.2e-05,0.999908
1.432,3.1e-05,0.999969
1.432,0.001796,0.998204
1.432,0.006795,0.993205
1.432,7.3e-05,0.999927
1.432,0.000121,0.999879
1.432,4.9e-05,0.999951
1.432,0.007737,0.992263
1.432,0.000233,0.999767
1.432,0.038884,0.961116
1.432,0.177047,0.822953
1.432,1.7e-05,0.999983
1.432,0.05771,0.94229
1.432,0.001506,0.998494
1.432,0.001944,0.998056
1.432,0.137452,0.862547
1.432,9.9e-05,0.999901
1.432,0.00017,0.99983
1.432,4.5e-05,0.999955
1.432,2.2e-05,0.999978
1.432,2.8e-05,0.999972
1.432,4e-06,0.999996
1.432,0.058213,0.941787
1.432,0.0,1.0
1.432,3.1e-05,0.999969
1.432,0.000728,0.999272
1.432,1e-06,0.999999
1.432,3.2e-05,0.999968
1.432,0.036233,0.963767
1.432,0.0,1.0
1.432,1e-06,0.999999
1.438,2.1e-05,0.999979
1.438,7.2e-05,0.999928
1.438,0.004728,0.995272
1.438,3e-06,0.999997
1.438,0.000146,0.999854
1.438,0.019119,0.980881
1.438,0.0,1.0
1.438,1.9e-05,0.999981
1.438,0.0,1.0
1.438,0.000394,0.999606
1.438,0.000105,0.999895
1.438,0.001065,0.998935
1.438,3.7e-05,0.999963
1.438,8e-06,0.999992
1.438,1e-06,0.999999
1.438,5e-06,0.999995
1.438,0.000545,0.999455
1.438,5e-06,0.999995
1.438,0.000646,0.999354
1.438,1e-06,0.999999
1.438,0.572264,0.427736
1.438,7e-06,0.999993
1.438,0.0,1.0
1.438,0.0,1.0
1.438,0.000118,0.999882
1.438,0.0,1.0
1.438,8e-06,0.999992
1.438,0.000123,0.999877
1.438,6e-05,0.99994
1.438,2.2e-05,0.999978
1.438,0.000647,0.999353
1.438,0.005303,0.994697
1.438,0.00011,0.99989
1.438,2e-06,0.999998
1.438,0.011023,0.988977
1.438,0.004085,0.995914
1.438,0.213793,0.786207
1.438,0.006117,0.993883
1.438,0.023942,0.976058
1.438,5.2e-05,0.999948
1.438,5e-06,0.999995
1.438,0.148151,0.851849
1.438,0.0,1.0
1.438,0.0,1.0
1.438,0.000768,0.999232
1.438,7e-06,0.999992
1.438,0.000265,0.999735
1.438,1.7e-05,0.999983
1.438,0.004804,0.995196
1.438,0.000546,0.999454
1.438,0.000226,0.999774
1.438,1e-06,0.999999
1.438,3e-06,0.999997
1.438,0.31923,0.68077
1.438,1.3e-05,0.999986
1.438,0.013487,0.986513
1.438,0.00253,0.99747
1.438,0.002087,0.997913
1.438,0.0,1.0
1.438,3.6e-05,0.999964
1.438,0.234059,0.765941
1.438,0.003454,0.996546
1.438,0.0,1.0
1.438,1e-06,0.999999
1.438,0.000412,0.999588
1.438,3e-06,0.999997
1.438,0.0,1.0
1.438,0.664904,0.335096
1.438,0.00277,0.99723
1.438,5.6e-05,0.999944
1.438,0.004923,0.995077
1.438,0.002242,0.997758
1.438,0.000251,0.999749
1.438,0.0,1.0
1.438,5e-06,0.999995
1.438,2e-06,0.999998
1.438,2.6e-05,0.999974
1.438,0.000268,0.999732
1.438,0.0,1.0
1.438,0.861049,0.138951
1.438,9e-06,0.999991
1.438,0.0,1.0
1.438,1.5e-05,0.999985
1.438,2e-06,0.999998
1.438,0.0,1.0
1.438,0.000338,0.999662
1.438,0.460582,0.539418
1.438,0.0,1.0
1.438,0.000467,0.999533
1.438,2e-06,0.999998
1.438,0.00312,0.99688
1.438,0.001294,0.998706
1.438,0.973327,0.026673
1.438,0.159741,0.840259
1.438,0.071774,0.928226
1.438,2e-06,0.999998
1.438,0.0,1.0
1.438,2e-06,0.999998
1.438,2e-06,0.999998
1.438,0.0,1.0
1.444,0.283131,0.716869
1.444,0.001216,0.998784
1.444,5e-06,0.999996
1.444,0.001689,0.998311
1.444,1.6e-05,0.999984
1.444,0.004216,0.995784
1.444,0.002322,0.997678
1.444,0.015158,0.984842
1.444,1e-06,0.999999
1.444,0.04365,0.95635
1.444,0.058262,0.941738
1.444,0.000295,0.999705
1.444,0.000202,0.999798
1.444,0.165191,0.834809
1.444,0.027866,0.972134
1.444,2e-06,0.999998
1.444,3e-06,0.999997
1.444,0.0,1.0
1.444,1e-06,0.999999
1.444,2e-06,0.999998
1.444,5e-06,0.999996
1.444,1.7e-05,0.999983
1.444,1e-06,0.999999
1.444,0.014258,0.985742
1.444,1e-05,0.99999
1.444,0.019835,0.980164
1.444,4e-06,0.999996
1.444,0.0,1.0
1.444,0.000377,0.999623
1.444,1e-05,0.99999
1.444,0.000218,0.999782
1.444,4e-06,0.999996
1.444,4.6e-05,0.999954
1.444,0.017038,0.982962
1.444,8e-06,0.999992
1.444,1.9e-05,0.999981
1.444,0.000598,0.999402
1.444,0.008045,0.991955
1.444,8e-06,0.999992
1.444,0.00372,0.99628
1.444,3e-06,0.999997
1.444,0.001843,0.998157
1.444,0.000513,0.999487
1.444,1.9e-05,0.999981
1.444,9e-06,0.999991
1.444,0.03438,0.96562
1.444,1e-05,0.99999
1.444,0.000582,0.999418
1.444,1.7e-05,0.999983
1.444,4e-06,0.999996
1.444,5e-06,0.999994
1.444,0.0,1.0
1.444,0.0003,0.9997
1.444,3e-06,0.999997
1.444,3.3e-05,0.999967
1.444,8.2e-05,0.999918
1.444,0.040446,0.959554
1.444,7e-06,0.999993
1.444,0.001163,0.998837
1.444,0.000115,0.999885
1.444,1e-06,0.999999
1.444,0.000161,0.999839
1.444,0.0,1.0
1.444,0.001752,0.998248
1.444,1e-06,0.999999
1.444,0.017073,0.982927
1.444,0.000144,0.999856
1.444,0.0,1.0
1.444,3e-06,0.999997
1.444,0.000936,0.999064
1.444,0.0,1.0
1.444,1.6e-05,0.999984
1.444,0.0,1.0
1.444,0.00208,0.99792
1.444,0.000363,0.999637
1.444,3.2e-05,0.999968
1.444,1.7e-05,0.999983
1.444,0.013216,0.986784
1.444,6e-05,0.99994
1.444,0.000194,0.999806
1.444,0.0,1.0
1.444,0.0,1.0
1.444,0.0,1.0
1.444,0.0,1.0
1.444,2e-06,0.999998
1.444,0.060024,0.939976
1.444,0.000103,0.999897
1.444,1e-06,0.999999
1.444,7.3e-05,0.999927
1.444,0.000328,0.999672
1.444,0.0063,0.9937
1.444,0.0,1.0
1.444,8.4e-05,0.999916
1.444,0.0,1.0
1.444,1.2e-05,0.999988
1.444,0.0,1.0
1.444,2.6e-05,0.999974
1.444,0.006927,0.993073
1.444,0.000411,0.999589
1.444,5e-06,0.999995
1.45,0.0,1.0
1.45,0.000283,0.999717
1.45,2.1e-05,0.999979
1.45,0.0,1.0
1.45,1e-06,0.999999
1.45,1e-06,0.999999
1.45,9e-06,0.999991
1.45,1e-06,0.999999
1.45,1e-05,0.99999
1.45,0.0,1.0
1.45,2e-06,0.999998
1.45,0.0,1.0
1.45,0.047896,0.952104
1.45,2.3e-05,0.999977
1.45,0.0,1.0
1.45,8e-06,0.999992
1.45,0.026378,0.973622
1.45,0.203292,0.796708
1.45,0.000781,0.999219
1.45,2e-06,0.999998
1.45,0.002046,0.997954
1.45,0.000185,0.999815
1.45,1.6e-05,0.999984
1.45,0.000398,0.999602
1.45,0.14195,0.85805
1.45,0.0,1.0
1.45,0.00023,0.99977
1.45,3e-06,0.999997
1.45,6e-06,0.999994
1.45,1e-06,0.999999
1.45,0.0,1.0
1.45,2e-05,0.99998
1.45,3.5e-05,0.999965
1.45,2.2e-05,0.999978
1.45,0.002632,0.997368
1.45,0.000323,0.999677
1.45,0.019103,0.980897
1.45,0.000128,0.999872
1.45,2e-06,0.999998
1.45,0.0,1.0
1.45,7.7e-05,0.999923
1.45,3.4e-05,0.999966
1.45,0.0,1.0
1.45,0.0,1.0
1.45,0.000269,0.999731
1.45,0.003934,0.996066
1.45,0.0,1.0
1.45,0.000582,0.999418
1.45,0.032466,0.967534
1.45,0.000102,0.999898
1.45,0.003653,0.996347
1.45,0.0,1.0
1.45,8e-06,0.999992
1.45,6e-06,0.999994
1.45,2e-05,0.99998
1.45,0.000702,0.999298
1.45,4.4e-05,0.999956
1.45,2.1e-05,0.999979
1.45,5.8e-05,0.999942
1.45,3e-06,0.999997
1.45,2e-05,0.99998
1.45,9e-06,0.99999
1.45,1e-06,0.999999
1.45,0.00024,0.99976
1.45,2e-06,0.999998
1.45,1e-06,0.999999
1.45,6.3e-05,0.999937
1.45,1e-06,0.999999
1.45,7.2e-05,0.999928
1.45,2.2e-05,0.999978
1.45,2e-06,0.999998
1.45,0.000347,0.999653
1.45,6e-05,0.99994
1.45,1e-06,0.999999
1.45,0.0,1.0
1.45,0.155604,0.844396
1.45,0.047759,0.952241
1.45,0.007622,0.992378
1.45,0.000192,0.999808
1.45,0.0,1.0
1.45,0.078819,0.921181
1.45,0.000415,0.999585
1.45,5.2e-05,0.999948
1.45,0.000702,0.999298
1.45,0.0,1.0
1.45,6e-06,0.999994
1.45,0.035501,0.964499
1.45,0.0,1.0
1.45,5e-06,0.999995
1.45,0.000123,0.999877
1.45,0.0,1.0
1.45,0.00054,0.99946
1.45,0.0,1.0
1.45,0.000713,0.999287
1.45,3e-06,0.999997
1.45,2e-06,0.999998
1.45,0.000711,0.999289
1.45,0.011344,0.988656
1.45,0.001527,0.998473
1.45,0.000487,0.999513
