temperature,ordered_probability,amorphous_probability
0.85,0.999127,0.000873
0.85,0.996991,0.003009
0.85,0.99999,1e-05
0.85,0.99982,0.00018
0.85,0.90689,0.09311
0.85,0.99984,0.00016
0.85,0.999556,0.000443
0.85,0.9967,0.0033
0.85,0.999885,0.000115
0.85,0.884544,0.115456
0.85,0.999987,1.3e-05
0.85,0.99998,2e-05
0.85,0.918909,0.081091
0.85,0.999579,0.000421
0.85,0.999988,1.2e-05
0.85,0.998892,0.001108
0.85,0.546817,0.453183
0.85,0.999986,1.4e-05
0.85,0.998645,0.001355
0.85,0.999981,1.9e-05
0.85,0.998659,0.001341
0.85,0.999993,7e-06
0.85,0.987541,0.012459
0.85,0.998091,0.001909
0.85,0.999807,0.000193
0.85,0.999743,0.000257
0.85,0.99979,0.00021
0.85,0.99965,0.00035
0.85,0.99924,0.00076
0.85,0.999976,2.3e-05
0.85,0.99998,2e-05
0.85,0.998896,0.001104
0.85,0.999962,3.8e-05
0.85,0.999162,0.000838
0.85,0.999983,1.7e-05
0.85,0.999985,1.5e-05
0.85,0.920951,0.079049
0.85,0.999066,0.000934
0.85,0.999945,5.5e-05
0.85,0.977122,0.022878
0.85,0.999938,6.2e-05
0.85,0.999991,9e-06
0.85,0.998127,0.001873
0.85,0.998806,0.001194
0.85,0.997213,0.002787
0.85,0.999252,0.000747
0.85,0.99999,1e-05
0.85,0.999993,7e-06
0.85,0.979425,0.020575
0.85,0.999968,3.2e-05
0.85,0.983715,0.016285
0.85,0.999973,2.7e-05
0.85,0.791845,0.208155
0.85,0.999519,0.000481
0.85,0.999984,1.6e-05
0.85,0.939734,0.060266
0.85,0.998098,0.001902
0.85,0.969437,0.030563
0.85,0.969016,0.030984
0.85,0.99999,1e-05
0.85,0.999993,7e-06
0.85,0.999981,1.9e-05
0.85,0.99347,0.00653
0.85,0.999959,4.1e-05
0.85,0.999987,1.3e-05
0.85,0.979886,0.020114
0.85,0.997691,0.002309
0.85,0.999105,0.000895
0.85,0.999896,0.000104
0.85,0.916425,0.083574
0.85,0.999988,1.2e-05
0.85,0.99926,0.00074
0.85,0.999981,1.9e-05
0.85,0.999987,1.3e-05
0.85,0.994807,0.005193
0.85,0.999607,0.000393
0.85,0.999993,7e-06
0.85,0.999821,0.000179
0.85,0.757658,0.242342
0.85,0.999891,0.000109
0.85,0.999972,2.8e-05
0.85,0.986684,0.013316
0.85,0.999993,7e-06
0.85,0.999125,0.000875
0.85,0.984918,0.015082
0.85,0.999891,0.000109
0.85,0.997788,0.002212
0.85,0.98761,0.01239
0.85,0.999987,1.3e-05
0.85,0.999993,7e-06
0.85,0.982509,0.017491
0.85,0.993128,0.006872
0.85,0.987403,0.012597
0.85,0.999892,0.000108
0.85,0.999979,2.1e-05
0.85,0.999803,0.000197
0.85,0.99791,0.00209
0.85,0.999993,7e-06
0.85,0.998989,0.001011
0.85,0.999988,1.2e-05
0.856,0.996692,0.003308
0.856,0.928436,0.071563
0.856,0.999994,6e-06
0.856,0.997849,0.002151
0.856,0.999835,0.000165
0.856,0.999979,2.2e-05
0.856,0.999882,0.000118
0.856,0.998946,0.001054
0.856,0.911925,0.088075
0.856,0.999966,3.4e-05
0.856,0.99998,2e-05
0.856,0.999991,9e-06
0.856,0.999446,0.000554
0.856,0.999989,1.1e-05
0.856,0.999954,4.7e-05
0.856,0.99996,4e-05
0.856,0.999978,2.2e-05
0.856,0.987399,0.012601
0.856,0.999558,0.000442
0.856,0.999917,8.3e-05
0.856,0.99972,0.00028
0.856,0.999278,0.000721
0.856,0.999749,0.000251
0.856,0.976442,0.023559
0.856,0.997184,0.002816
0.856,0.999793,0.000207
0.856,0.999967,3.3e-05
0.856,0.999993,7e-06
0.856,0.99999,1e-05
0.856,0.999966,3.4e-05
0.856,0.999994,6e-06
0.856,0.946553,0.053447
0.856,0.999192,0.000808
0.856,0.999981,1.9e-05
0.856,0.999994,6e-06
0.856,0.999988,1.2e-05
0.856,0.999916,8.4e-05
0.856,0.999439,0.000561
0.856,0.999991,9e-06
0.856,0.999861,0.000139
0.856,0.996067,0.003933
0.856,0.999993,7e-06
0.856,0.999178,0.000822
0.856,0.921884,0.078116
0.856,0.926591,0.073409
0.856,0.990706,0.009294
0.856,0.999972,2.8e-05
0.856,0.999954,4.6e-05
0.856,0.999057,0.000943
0.856,0.99999,1e-05
0.856,0.929807,0.070193
0.856,0.985455,0.014545
0.856,0.99999,1.1e-05
0.856,0.999993,7e-06
0.856,0.999987,1.3e-05
0.856,0.999989,1.1e-05
0.856,0.984017,0.015983
0.856,0.995818,0.004182
0.856,0.999986,1.4e-05
0.856,0.960992,0.039008
0.856,0.999976,2.4e-05
0.856,0.999981,1.9e-05
0.856,0.995519,0.004481
0.856,0.962152,0.037848
0.856,0.999955,4.5e-05
0.856,0.99999,1e-05
0.856,0.999985,1.5e-05
0.856,0.999892,0.000108
0.856,0.997183,0.002817
0.856,0.999992,8e-06
0.856,0.999868,0.000132
0.856,0.997692,0.002308
0.856,0.999935,6.5e-05
0.856,0.999963,3.7e-05
0.856,0.930717,0.069283
0.856,0.949991,0.050009
0.856,0.999976,2.4e-05
0.856,0.999993,7e-06
0.856,0.999992,7e-06
0.856,0.999856,0.000144
0.856,0.999401,0.000599
0.856,0.999967,3.3e-05
0.856,0.99999,1e-05
0.856,0.9949,0.0051
0.856,0.999988,1.3e-05
0.856,0.999991,9e-06
0.856,0.999982,1.8e-05
0.856,0.999964,3.6e-05
0.856,0.99999,1e-05
0.856,0.999954,4.6e-05
0.856,0.999951,4.9e-05
0.856,0.999994,6e-06
0.856,0.999987,1.3e-05
0.856,0.999931,6.9e-05
0.856,0.999992,8e-06
0.856,0.442063,0.557937
0.856,0.990584,0.009416
0.856,0.973044,0.026956
0.856,0.999991,9e-06
0.856,0.999111,0.000889
0.862,0.964532,0.035468
0.862,0.994938,0.005062
0.862,0.992211,0.007789
0.862,0.998279,0.001721
0.862,0.998235,0.001765
0.862,0.999969,3.1e-05
0.862,0.96247,0.03753
0.862,0.911471,0.088529
0.862,0.999993,7e-06
0.862,0.580721,0.419279
0.862,0.999989,1.1e-05
0.862,0.999964,3.6e-05
0.862,0.999981,1.9e-05
0.862,0.999971,2.9e-05
0.862,0.999982,1.8e-05
0.862,0.998968,0.001032
0.862,0.999979,2.1e-05
0.862,0.999928,7.2e-05
0.862,0.999986,1.4e-05
0.862,0.999934,6.6e-05
0.862,0.999971,2.9e-05
0.862,0.999769,0.000231
0.862,0.989768,0.010232
0.862,0.994649,0.005351
0.862,0.999992,7e-06
0.862,0.998079,0.001921
0.862,0.999106,0.000894
0.862,0.999644,0.000356
0.862,0.998998,0.001002
0.862,0.999834,0.000166
0.862,0.999989,1.1e-05
0.862,0.996057,0.003943
0.862,0.997589,0.002411
0.862,0.999982,1.8e-05
0.862,0.999986,1.4e-05
0.862,0.999983,1.7e-05
0.862,0.952178,0.047822
0.862,0.999525,0.000475
0.862,0.991538,0.008461
0.862,0.999978,2.2e-05
0.862,0.999988,1.2e-05
0.862,0.999988,1.2e-05
0.862,0.999989,1.1e-05
0.862,0.999991,9e-06
0.862,0.999966,3.3e-05
0.862,0.998237,0.001764
0.862,0.999986,1.4e-05
0.862,0.999983,1.7e-05
0.862,0.999993,7e-06
0.862,0.999978,2.2e-05
0.862,0.999991,9e-06
0.862,0.999959,4.1e-05
0.862,0.999172,0.000828
0.862,0.999903,9.7e-05
0.862,0.948546,0.051454
0.862,0.93655,0.06345
0.862,0.995271,0.004729
0.862,0.900638,0.099362
0.862,0.999994,6e-06
0.862,0.933916,0.066084
0.862,0.803746,0.196254
0.862,0.999352,0.000648
0.862,0.999993,7e-06
0.862,0.97662,0.023381
0.862,0.911862,0.088137
0.862,0.990384,0.009616
0.862,0.999847,0.000153
0.862,0.966246,0.033754
0.862,0.181286,0.818714
0.862,0.984078,0.015922
0.862,0.999594,0.000406
0.862,0.999958,4.2e-05
0.862,0.894068,0.105932
0.862,0.999978,2.2e-05
0.862,0.99998,2.1e-05
0.862,0.999964,3.6e-05
0.862,0.996332,0.003667
0.862,0.859458,0.140542
0.862,0.927447,0.072553
0.862,0.999983,1.7e-05
0.862,0.987822,0.012178
0.862,0.999989,1.1e-05
0.862,0.999989,1.1e-05
0.862,0.999993,7e-06
0.862,0.996521,0.003479
0.862,0.99998,2e-05
0.862,0.999987,1.3e-05
0.862,0.99997,3e-05
0.862,0.999986,1.4e-05
0.862,0.999832,0.000168
0.862,0.999562,0.000438
0.862,0.999979,2.1e-05
0.862,0.999992,7e-06
0.862,0.999987,1.3e-05
0.862,0.999993,7e-06
0.862,0.997362,0.002638
0.862,0.912977,0.087023
0.862,0.999809,0.000191
0.862,0.999992,8e-06
0.862,0.926814,0.073186
0.868,0.999254,0.000746
0.868,0.999977,2.3e-05
0.868,0.999985,1.5e-05
0.868,0.999988,1.3e-05
0.868,0.999974,2.6e-05
0.868,0.999008,0.000992
0.868,0.999988,1.2e-05
0.868,0.999968,3.2e-05
0.868,0.999958,4.2e-05
0.868,0.999966,3.4e-05
0.868,0.99925,0.000749
0.868,0.999633,0.000367
0.868,0.999358,0.000642
0.868,0.999979,2.1e-05
0.868,0.999977,2.3e-05
0.868,0.999946,5.4e-05
0.868,0.999779,0.000221
0.868,0.999957,4.3e-05
0.868,0.998702,0.001298
0.868,0.999978,2.2e-05
0.868,0.992008,0.007992
0.868,0.990774,0.009226
0.868,0.99973,0.00027
0.868,0.990633,0.009367
0.868,0.99981,0.00019
0.868,0.999988,1.2e-05
0.868,0.999932,6.8e-05
0.868,0.999994,6e-06
0.868,0.99979,0.00021
0.868,0.999558,0.000442
0.868,0.995492,0.004508
0.868,0.999917,8.3e-05
0.868,0.999712,0.000288
0.868,0.999662,0.000338
0.868,0.998534,0.001466
0.868,0.998906,0.001094
0.868,0.995529,0.004471
0.868,0.999799,0.000201
0.868,0.999981,1.9e-05
0.868,0.829972,0.170028
0.868,0.999927,7.3e-05
0.868,0.913747,0.086254
0.868,0.999985,1.5e-05
0.868,0.999989,1.1e-05
0.868,0.99998,2e-05
0.868,0.999987,1.3e-05
0.868,0.999689,0.000311
0.868,0.999936,6.5e-05
0.868,0.999969,3.1e-05
0.868,0.993733,0.006267
0.868,0.996628,0.003373
0.868,0.99867,0.00133
0.868,0.996387,0.003613
0.868,0.999984,1.6e-05
0.868,0.999844,0.000156
0.868,0.99999,1e-05
0.868,0.998814,0.001186
0.868,0.999979,2.1e-05
0.868,0.99951,0.00049
0.868,0.999985,1.5e-05
0.868,0.999971,2.9e-05
0.868,0.999082,0.000918
0.868,0.99999,1e-05
0.868,0.99998,2e-05
0.868,0.996408,0.003591
0.868,0.998909,0.001091
0.868,0.999972,2.8e-05
0.868,0.997673,0.002327
0.868,0.931692,0.068308
0.868,0.981394,0.018606
0.868,0.991686,0.008314
0.868,0.999327,0.000673
0.868,0.999992,8e-06
0.868,0.999993,7e-06
0.868,0.999751,0.000249
0.868,0.999937,6.3e-05
0.868,0.994432,0.005568
0.868,0.999992,8e-06
0.868,0.999986,1.4e-05
0.868,0.983127,0.016873
0.868,0.980099,0.019901
0.868,0.975204,0.024796
0.868,0.996261,0.003739
0.868,0.997538,0.002462
0.868,0.999978,2.2e-05
0.868,0.999994,6e-06
0.868,0.999991,9e-06
0.868,0.999978,2.2e-05
0.868,0.99999,1e-05
0.868,0.999992,8e-06
0.868,0.908573,0.091427
0.868,0.992521,0.007479
0.868,0.999994,6e-06
0.868,0.999994,6e-06
0.868,0.945142,0.054858
0.868,0.987036,0.012964
0.868,0.999988,1.2e-05
0.868,0.999939,6.1e-05
0.868,0.999941,5.9e-05
0.868,0.999706,0.000294
0.874,0.98157,0.01843
0.874,0.999993,7e-06
0.874,0.99973,0.00027
0.874,0.999992,8e-06
0.874,0.99996,4e-05
0.874,0.714202,0.285798
0.874,0.997051,0.002949
0.874,0.999992,8e-06
0.874,0.999966,3.3e-05
0.874,0.996683,0.003317
0.874,0.999992,8e-06
0.874,0.615335,0.384665
0.874,0.999246,0.000754
0.874,0.999947,5.3e-05
0.874,0.991818,0.008182
0.874,0.999803,0.000197
0.874,0.892196,0.107804
0.874,0.90579,0.094211
0.874,0.995213,0.004787
0.874,0.999977,2.3e-05
0.874,0.999962,3.8e-05
0.874,0.999993,7e-06
0.874,0.999414,0.000586
0.874,0.99999,1e-05
0.874,0.878522,0.121478
0.874,0.999962,3.8e-05
0.874,0.999973,2.7e-05
0.874,0.928483,0.071517
0.874,0.997437,0.002563
0.874,0.99927,0.000729
0.874,0.999973,2.7e-05
0.874,0.999981,1.9e-05
0.874,0.81753,0.18247
0.874,0.969574,0.030426
0.874,0.99999,1e-05
0.874,0.304785,0.695215
0.874,0.999973,2.7e-05
0.874,0.999774,0.000226
0.874,0.999983,1.7e-05
0.874,0.999677,0.000323
0.874,0.999908,9.2e-05
0.874,0.999981,1.9e-05
0.874,0.999985,1.5e-05
0.874,0.999944,5.6e-05
0.874,0.999918,8.2e-05
0.874,0.996127,0.003873
0.874,0.999991,9e-06
0.874,0.999981,1.9e-05
0.874,0.999167,0.000833
0.874,0.999806,0.000194
0.874,0.999853,0.000147
0.874,0.999993,7e-06
0.874,0.99999,1e-05
0.874,0.999624,0.000376
0.874,0.999988,1.2e-05
0.874,0.993109,0.006891
0.874,0.999991,9e-06
0.874,0.994646,0.005354
0.874,0.999993,7e-06
0.874,0.999988,1.2e-05
0.874,0.994569,0.005431
0.874,0.999782,0.000218
0.874,0.926366,0.073634
0.874,0.999978,2.2e-05
0.874,0.999737,0.000263
0.874,0.998154,0.001846
0.874,0.99999,1e-05
0.874,0.630905,0.369095
0.874,0.999959,4.1e-05
0.874,0.997978,0.002022
0.874,0.92567,0.07433
0.874,0.999855,0.000145
0.874,0.987436,0.012564
0.874,0.999979,2.1e-05
0.874,0.995257,0.004743
0.874,0.998113,0.001887
0.874,0.999744,0.000256
0.874,0.999976,2.4e-05
0.874,0.999991,9e-06
0.874,0.999978,2.2e-05
0.874,0.99927,0.00073
0.874,0.868045,0.131955
0.874,0.999963,3.7e-05
0.874,0.99995,5e-05
0.874,0.999993,7e-06
0.874,0.99995,5e-05
0.874,0.999989,1.1e-05
0.874,0.999991,9e-06
0.874,0.999989,1.1e-05
0.874,0.999994,6e-06
0.874,0.995075,0.004925
0.874,0.999969,3.1e-05
0.874,0.999932,6.8e-05
0.874,0.999975,2.5e-05
0.874,0.999987,1.3e-05
0.874,0.999763,0.000237
0.874,0.999989,1.1e-05
0.874,0.9995,0.0005
0.874,0.99999,1e-05
0.874,0.972583,0.027417
0.88,0.99999,1e-05
0.88,0.999945,5.5e-05
0.88,0.99999,1e-05
0.88,0.998547,0.001453
0.88,0.999984,1.6e-05
0.88,0.996337,0.003663
0.88,0.99781,0.00219
0.88,0.981,0.019
0.88,0.999994,6e-06
0.88,0.99876,0.00124
0.88,0.787161,0.212839
0.88,0.999457,0.000543
0.88,0.999137,0.000863
0.88,0.997885,0.002115
0.88,0.999984,1.6e-05
0.88,0.999968,3.2e-05
0.88,0.991803,0.008197
0.88,0.999938,6.2e-05
0.88,0.999978,2.2e-05
0.88,0.999981,1.9e-05
0.88,0.99993,7e-05
0.88,0.998962,0.001038
0.88,0.999537,0.000463
0.88,0.776664,0.223336
0.88,0.999992,8e-06
0.88,0.999912,8.8e-05
0.88,0.953886,0.046114
0.88,0.989189,0.010811
0.88,0.999988,1.2e-05
0.88,0.99965,0.00035
0.88,0.999894,0.000106
0.88,0.925929,0.074071
0.88,0.998131,0.001869
0.88,0.984044,0.015956
0.88,0.999983,1.7e-05
0.88,0.999953,4.7e-05
0.88,0.842546,0.157454
0.88,0.998794,0.001206
0.88,0.99984,0.00016
0.88,0.999991,9e-06
0.88,0.998786,0.001214
0.88,0.999584,0.000416
0.88,0.999991,9e-06
0.88,0.999951,4.9e-05
0.88,0.999837,0.000163
0.88,0.999991,9e-06
0.88,0.994844,0.005156
0.88,0.998295,0.001705
0.88,0.999975,2.5e-05
0.88,0.999993,7e-06
0.88,0.999982,1.8e-05
0.88,0.981061,0.018939
0.88,0.983786,0.016214
0.88,0.999956,4.4e-05
0.88,0.999981,1.9e-05
0.88,0.999985,1.5e-05
0.88,0.999956,4.4e-05
0.88,0.999987,1.3e-05
0.88,0.999991,9e-06
0.88,0.999874,0.000126
0.88,0.999974,2.6e-05
0.88,0.999992,8e-06
0.88,0.984373,0.015627
0.88,0.999987,1.3e-05
0.88,0.999436,0.000564
0.88,0.98442,0.01558
0.88,0.844823,0.155177
0.88,0.999883,0.000117
0.88,0.993768,0.006232
0.88,0.99319,0.00681
0.88,0.999257,0.000743
0.88,0.88614,0.11386
0.88,0.879986,0.120014
0.88,0.999986,1.3e-05
0.88,0.99997,3e-05
0.88,0.999908,9.2e-05
0.88,0.893862,0.106138
0.88,0.995719,0.004281
0.88,0.999924,7.6e-05
0.88,0.995517,0.004483
0.88,0.999427,0.000573
0.88,0.999962,3.8e-05
0.88,0.999992,8e-06
0.88,0.999982,1.8e-05
0.88,0.999972,2.8e-05
0.88,0.999125,0.000875
0.88,0.999903,9.7e-05
0.88,0.99993,7e-05
0.88,0.955241,0.044759
0.88,0.999774,0.000226
0.88,0.914197,0.085803
0.88,0.998723,0.001277
0.88,0.998763,0.001237
0.88,0.807744,0.192256
0.88,0.999987,1.3e-05
0.88,0.998709,0.001291
0.88,0.999757,0.000243
0.88,0.505972,0.494028
0.88,0.954503,0.045497
0.88,0.999993,7e-06
0.886,0.980595,0.019405
0.886,0.999991,9e-06
0.886,0.997866,0.002134
0.886,0.99999,1e-05
0.886,0.958061,0.041939
0.886,0.999993,7e-06
0.886,0.665881,0.334119
0.886,0.995375,0.004625
0.886,0.984631,0.015369
0.886,0.998555,0.001445
0.886,0.998319,0.001681
0.886,0.999984,1.6e-05
0.886,0.999939,6.1e-05
0.886,0.999482,0.000518
0.886,0.9871,0.0129
0.886,0.98888,0.01112
0.886,0.997586,0.002414
0.886,0.973235,0.026765
0.886,0.999991,9e-06
0.886,0.996249,0.003751
0.886,0.909907,0.090093
0.886,0.99999,1e-05
0.886,0.999971,2.9e-05
0.886,0.999982,1.8e-05
0.886,0.995853,0.004147
0.886,0.984248,0.015752
0.886,0.999332,0.000669
0.886,0.999588,0.000412
0.886,0.999867,0.000133
0.886,0.999983,1.7e-05
0.886,0.999993,7e-06
0.886,0.999992,8e-06
0.886,0.941658,0.058343
0.886,0.999967,3.3e-05
0.886,0.999989,1.1e-05
0.886,0.99383,0.00617
0.886,0.999508,0.000492
0.886,0.999768,0.000232
0.886,0.999929,7.1e-05
0.886,0.999987,1.3e-05
0.886,0.999119,0.000881
0.886,0.993034,0.006966
0.886,0.923668,0.076332
0.886,0.977319,0.022681
0.886,0.885628,0.114372
0.886,0.99952,0.00048
0.886,0.243013,0.756987
0.886,0.646498,0.353502
0.886,0.999976,2.4e-05
0.886,0.998829,0.001171
0.886,0.995896,0.004104
0.886,0.999993,7e-06
0.886,0.984044,0.015956
0.886,0.999448,0.000552
0.886,0.975564,0.024436
0.886,0.999993,7e-06
0.886,0.999943,5.7e-05
0.886,0.999892,0.000108
0.886,0.993461,0.006539
0.886,0.999809,0.000191
0.886,0.994755,0.005245
0.886,0.999976,2.4e-05
0.886,0.978246,0.021754
0.886,0.999986,1.4e-05
0.886,0.998417,0.001583
0.886,0.980356,0.019644
0.886,0.980347,0.019653
0.886,0.999992,8e-06
0.886,0.999979,2.1e-05
0.886,0.999065,0.000935
0.886,0.998865,0.001135
0.886,0.999987,1.3e-05
0.886,0.999975,2.5e-05
0.886,0.999971,2.9e-05
0.886,0.863281,0.136719
0.886,0.999913,8.7e-05
0.886,0.809934,0.190066
0.886,0.999681,0.000319
0.886,0.999957,4.3e-05
0.886,0.99976,0.00024
0.886,0.999967,3.3e-05
0.886,0.999754,0.000246
0.886,0.999936,6.4e-05
0.886,0.993761,0.006239
0.886,0.999958,4.2e-05
0.886,0.998632,0.001368
0.886,0.999867,0.000133
0.886,0.551054,0.448946
0.886,0.941202,0.058798
0.886,0.999989,1.1e-05
0.886,0.999915,8.5e-05
0.886,0.999328,0.000672
0.886,0.999914,8.6e-05
0.886,0.999949,5.1e-05
0.886,0.793707,0.206293
0.886,0.999117,0.000883
0.886,0.999398,0.000603
0.886,0.999945,5.5e-05
0.886,0.999985,1.5e-05
0.886,0.999977,2.3e-05
0.892,0.999988,1.2e-05
0.892,0.999732,0.000268
0.892,0.999936,6.4e-05
0.892,0.999572,0.000428
0.892,0.986085,0.013915
0.892,0.999911,8.9e-05
0.892,0.989674,0.010326
0.892,0.999948,5.1e-05
0.892,0.999991,9e-06
0.892,0.999645,0.000355
0.892,0.998058,0.001942
0.892,0.999972,2.8e-05
0.892,0.999982,1.8e-05
0.892,0.818522,0.181478
0.892,0.999762,0.000238
0.892,0.999968,3.2e-05
0.892,0.682379,0.317621
0.892,0.999382,0.000618
0.892,0.999988,1.2e-05
0.892,0.994805,0.005195
0.892,0.999984,1.6e-05
0.892,0.490565,0.509435
0.892,0.999989,1.1e-05
0.892,0.99999,1e-05
0.892,0.997499,0.002501
0.892,0.999966,3.4e-05
0.892,0.99723,0.00277
0.892,0.96433,0.03567
0.892,0.992233,0.007767
0.892,0.999981,1.9e-05
0.892,0.994602,0.005398
0.892,0.999978,2.2e-05
0.892,0.999966,3.4e-05
0.892,0.999648,0.000352
0.892,0.999982,1.8e-05
0.892,0.898774,0.101227
0.892,0.999982,1.8e-05
0.892,0.998961,0.001039
0.892,0.993981,0.006019
0.892,0.997382,0.002618
0.892,0.999869,0.000131
0.892,0.99604,0.00396
0.892,0.999808,0.000192
0.892,0.999916,8.4e-05
0.892,0.998992,0.001008
0.892,0.802077,0.197923
0.892,0.999952,4.8e-05
0.892,0.964603,0.035397
0.892,0.999068,0.000932
0.892,0.999982,1.8e-05
0.892,0.973498,0.026502
0.892,0.999966,3.4e-05
0.892,0.999876,0.000124
0.892,0.99744,0.00256
0.892,0.997475,0.002525
0.892,0.999983,1.7e-05
0.892,0.964972,0.035028
0.892,0.99355,0.00645
0.892,0.999785,0.000215
0.892,0.999962,3.8e-05
0.892,0.891372,0.108628
0.892,0.999482,0.000519
0.892,0.961042,0.038958
0.892,0.944788,0.055212
0.892,0.968829,0.03117
0.892,0.999774,0.000226
0.892,0.997594,0.002406
0.892,0.999994,6e-06
0.892,0.999989,1.1e-05
0.892,0.99999,1e-05
0.892,0.999172,0.000828
0.892,0.999958,4.2e-05
0.892,0.999989,1.1e-05
0.892,0.903777,0.096223
0.892,0.993715,0.006285
0.892,0.99954,0.00046
0.892,0.999854,0.000146
0.892,0.999981,1.9e-05
0.892,0.999992,8e-06
0.892,0.926178,0.073822
0.892,0.99999,1e-05
0.892,0.961163,0.038837
0.892,0.999947,5.3e-05
0.892,0.940473,0.059527
0.892,0.999982,1.8e-05
0.892,0.999993,7e-06
0.892,0.999898,0.000102
0.892,0.978798,0.021202
0.892,0.996159,0.003841
0.892,0.999758,0.000242
0.892,0.999953,4.7e-05
0.892,0.99999,1e-05
0.892,0.999994,6e-06
0.892,0.999993,7e-06
0.892,0.999885,0.000115
0.892,0.999446,0.000554
0.892,0.999553,0.000447
0.892,0.575663,0.424337
0.892,0.999993,7e-06
0.892,0.99998,2e-05
0.898,0.977347,0.022653
0.898,0.102422,0.897578
0.898,0.999966,3.4e-05
0.898,0.999988,1.3e-05
0.898,0.99991,9e-05
0.898,0.999982,1.8e-05
0.898,0.999531,0.000469
0.898,0.999985,1.5e-05
0.898,0.999253,0.000747
0.898,0.99921,0.00079
0.898,0.999987,1.3e-05
0.898,0.99999,1.1e-05
0.898,0.999668,0.000332
0.898,0.999993,7e-06
0.898,0.99963,0.00037
0.898,0.062579,0.937421
0.898,0.999967,3.3e-05
0.898,0.820366,0.179634
0.898,0.999936,6.4e-05
0.898,0.999982,1.8e-05
0.898,0.959105,0.040895
0.898,0.999975,2.5e-05
0.898,0.985475,0.014525
0.898,0.999913,8.7e-05
0.898,0.993218,0.006782
0.898,0.999993,7e-06
0.898,0.996416,0.003584
0.898,0.999993,7e-06
0.898,0.999824,0.000176
0.898,0.99999,1e-05
0.898,0.973344,0.026656
0.898,0.999989,1.1e-05
0.898,0.997497,0.002503
0.898,0.999932,6.8e-05
0.898,0.997755,0.002245
0.898,0.999959,4.1e-05
0.898,0.994863,0.005137
0.898,0.999992,8e-06
0.898,0.999922,7.8e-05
0.898,0.89279,0.107209
0.898,0.992107,0.007893
0.898,0.999442,0.000558
0.898,0.599735,0.400265
0.898,0.999989,1.1e-05
0.898,0.998797,0.001203
0.898,0.912518,0.087482
0.898,0.998432,0.001568
0.898,0.999991,9e-06
0.898,0.997372,0.002628
0.898,0.982772,0.017228
0.898,0.934121,0.065879
0.898,0.921248,0.078752
0.898,0.999929,7.1e-05
0.898,0.999984,1.6e-05
0.898,0.61329,0.38671
0.898,0.999991,9e-06
0.898,0.996043,0.003957
0.898,0.886374,0.113626
0.898,0.998564,0.001436
0.898,0.999727,0.000273
0.898,0.999703,0.000297
0.898,0.999986,1.3e-05
0.898,0.999941,5.9e-05
0.898,0.232802,0.767198
0.898,0.999984,1.6e-05
0.898,0.999986,1.3e-05
0.898,0.988699,0.011301
0.898,0.996702,0.003298
0.898,0.998435,0.001565
0.898,0.999977,2.3e-05
0.898,0.999915,8.5e-05
0.898,0.99999,1e-05
0.898,0.914865,0.085135
0.898,0.561044,0.438956
0.898,0.999973,2.7e-05
0.898,0.964361,0.035639
0.898,0.999917,8.3e-05
0.898,0.999962,3.8e-05
0.898,0.999877,0.000123
0.898,0.999619,0.000381
0.898,0.954239,0.045761
0.898,0.997489,0.002511
0.898,0.999993,7e-06
0.898,0.999987,1.3e-05
0.898,0.998975,0.001025
0.898,0.999579,0.000421
0.898,0.993883,0.006117
0.898,0.999981,1.9e-05
0.898,0.999668,0.000332
0.898,0.999994,6e-06
0.898,0.999396,0.000604
0.898,0.999977,2.3e-05
0.898,0.98127,0.01873
0.898,0.997885,0.002115
0.898,0.999991,9e-06
0.898,0.999928,7.2e-05
0.898,0.923424,0.076576
0.898,0.999976,2.4e-05
0.898,0.999792,0.000208
0.898,0.996762,0.003238
0.905,0.99999,1.1e-05
0.905,0.999988,1.2e-05
0.905,0.630433,0.369567
0.905,0.999947,5.3e-05
0.905,0.997144,0.002856
0.905,0.938946,0.061054
0.905,0.952284,0.047716
0.905,0.999969,3.1e-05
0.905,0.999988,1.2e-05
0.905,0.931134,0.068866
0.905,0.990138,0.009862
0.905,0.999951,4.9e-05
0.905,0.999979,2.2e-05
0.905,0.99999,1e-05
0.905,0.922004,0.077996
0.905,0.985157,0.014843
0.905,0.999924,7.6e-05
0.905,0.99999,1e-05
0.905,0.997785,0.002215
0.905,0.990541,0.009459
0.905,0.131732,0.868268
0.905,0.999992,8e-06
0.905,0.999902,9.8e-05
0.905,0.999849,0.000151
0.905,0.971268,0.028732
0.905,0.997759,0.002241
0.905,0.966849,0.033151
0.905,0.99724,0.00276
0.905,0.999866,0.000134
0.905,0.999978,2.2e-05
0.905,0.712297,0.287703
0.905,0.999961,3.9e-05
0.905,0.9587,0.0413
0.905,0.995753,0.004247
0.905,0.998726,0.001274
0.905,0.999938,6.2e-05
0.905,0.953897,0.046103
0.905,0.999071,0.000929
0.905,0.999951,4.9e-05
0.905,0.999952,4.8e-05
0.905,0.999971,2.9e-05
0.905,0.999957,4.3e-05
0.905,0.99996,4e-05
0.905,0.999983,1.7e-05
0.905,0.999893,0.000107
0.905,0.766807,0.233193
0.905,0.922097,0.077903
0.905,0.996783,0.003217
0.905,0.99998,2e-05
0.905,0.740342,0.259658
0.905,0.999857,0.000143
0.905,0.999981,1.9e-05
0.905,0.999992,8e-06
0.905,0.980603,0.019397
0.905,0.999977,2.3e-05
0.905,0.999908,9.2e-05
0.905,0.990014,0.009986
0.905,0.998219,0.001781
0.905,0.984459,0.015541
0.905,0.999915,8.5e-05
0.905,0.99999,1e-05
0.905,0.937544,0.062456
0.905,0.999973,2.7e-05
0.905,0.995747,0.004253
0.905,0.99999,1e-05
0.905,0.998417,0.001583
0.905,0.99332,0.006681
0.905,0.99961,0.00039
0.905,0.99862,0.00138
0.905,0.99609,0.00391
0.905,0.999983,1.7e-05
0.905,0.990252,0.009748
0.905,0.998329,0.001671
0.905,0.999982,1.8e-05
0.905,0.999968,3.2e-05
0.905,0.999746,0.000254
0.905,0.999904,9.6e-05
0.905,0.999991,9e-06
0.905,0.999981,1.9e-05
0.905,0.998324,0.001676
0.905,0.999987,1.3e-05
0.905,0.999993,7e-06
0.905,0.986295,0.013705
0.905,0.920011,0.079989
0.905,0.983726,0.016274
0.905,0.999908,9.2e-05
0.905,0.993325,0.006675
0.905,0.880568,0.119432
0.905,0.99888,0.00112
0.905,0.999987,1.3e-05
0.905,0.999978,2.3e-05
0.905,0.999985,1.5e-05
0.905,0.907767,0.092233
0.905,0.99944,0.00056
0.905,0.999968,3.2e-05
0.905,0.999872,0.000128
0.905,0.999897,0.000103
0.905,0.999965,3.5e-05
0.905,0.999971,2.9e-05
0.905,0.999773,0.000227
0.911,0.990509,0.009491
0.911,0.975889,0.024111
0.911,0.999973,2.7e-05
0.911,0.999963,3.7e-05
0.911,0.994978,0.005022
0.911,0.999694,0.000306
0.911,0.99995,5e-05
0.911,0.99935,0.00065
0.911,0.991348,0.008652
0.911,0.99998,2e-05
0.911,0.973817,0.026183
0.911,0.021903,0.978097
0.911,0.999921,7.9e-05
0.911,0.99997,3.1e-05
0.911,0.374702,0.625298
0.911,0.999989,1.1e-05
0.911,0.998978,0.001022
0.911,0.999617,0.000383
0.911,0.999894,0.000106
0.911,0.996503,0.003497
0.911,0.90294,0.09706
0.911,0.996794,0.003206
0.911,0.98279,0.01721
0.911,0.986732,0.013268
0.911,0.984756,0.015244
0.911,0.967864,0.032136
0.911,0.99201,0.00799
0.911,0.999994,6e-06
0.911,0.991171,0.008829
0.911,0.999913,8.7e-05
0.911,0.999982,1.8e-05
0.911,0.999979,2.1e-05
0.911,0.99999,1e-05
0.911,0.999984,1.6e-05
0.911,0.544534,0.455466
0.911,0.996917,0.003083
0.911,0.999843,0.000157
0.911,0.999983,1.7e-05
0.911,0.999695,0.000305
0.911,0.999989,1.1e-05
0.911,0.826324,0.173676
0.911,0.862186,0.137814
0.911,0.999979,2.1e-05
0.911,0.999989,1.1e-05
0.911,0.999972,2.8e-05
0.911,0.9994,0.0006
0.911,0.99942,0.00058
0.911,0.998915,0.001085
0.911,0.999259,0.000741
0.911,0.998501,0.001499
0.911,0.984622,0.015378
0.911,0.999982,1.8e-05
0.911,0.993168,0.006832
0.911,0.999963,3.7e-05
0.911,0.888737,0.111263
0.911,0.999914,8.5e-05
0.911,0.999989,1.1e-05
0.911,0.910521,0.089479
0.911,0.999957,4.3e-05
0.911,0.990971,0.009029
0.911,0.999953,4.7e-05
0.911,0.959807,0.040193
0.911,0.999957,4.3e-05
0.911,0.999983,1.7e-05
0.911,0.999908,9.2e-05
0.911,0.999717,0.000283
0.911,0.998205,0.001795
0.911,0.896979,0.103021
0.911,0.999805,0.000195
0.911,0.99951,0.00049
0.911,0.999892,0.000108
0.911,0.999939,6.1e-05
0.911,0.999917,8.3e-05
0.911,0.999982,1.8e-05
0.911,0.999978,2.2e-05
0.911,0.999983,1.7e-05
0.911,0.952765,0.047235
0.911,0.999973,2.7e-05
0.911,0.999709,0.000291
0.911,0.432524,0.567476
0.911,0.99999,1e-05
0.911,0.997365,0.002635
0.911,0.999981,1.9e-05
0.911,0.99967,0.00033
0.911,0.999951,4.9e-05
0.911,0.977946,0.022054
0.911,0.995751,0.004249
0.911,0.999363,0.000637
0.911,0.994086,0.005914
0.911,0.999987,1.3e-05
0.911,0.998946,0.001054
0.911,0.99879,0.00121
0.911,0.144759,0.855241
0.911,0.999871,0.000129
0.911,0.999885,0.000115
0.911,0.998951,0.001049
0.911,0.990756,0.009244
0.911,0.999986,1.4e-05
0.911,0.999944,5.6e-05
0.911,0.999918,8.2e-05
0.917,0.999991,9e-06
0.917,0.999989,1.1e-05
0.917,0.99999,1e-05
0.917,0.999962,3.8e-05
0.917,0.990873,0.009127
0.917,0.999962,3.8e-05
0.917,0.997747,0.002253
0.917,0.999936,6.4e-05
0.917,0.997125,0.002875
0.917,0.999973,2.7e-05
0.917,0.998831,0.001169
0.917,0.999964,3.6e-05
0.917,0.91545,0.08455
0.917,0.987511,0.012489
0.917,0.999745,0.000255
0.917,0.999652,0.000348
0.917,0.999654,0.000346
0.917,0.880015,0.119985
0.917,0.997871,0.002129
0.917,0.50302,0.49698
0.917,0.999984,1.6e-05
0.917,0.99952,0.00048
0.917,0.999993,7e-06
0.917,0.999981,1.9e-05
0.917,0.628312,0.371688
0.917,0.999964,3.6e-05
0.917,0.996189,0.003811
0.917,0.999978,2.2e-05
0.917,0.944378,0.055622
0.917,0.907567,0.092433
0.917,0.99992,8e-05
0.917,0.999974,2.6e-05
0.917,0.99999,1e-05
0.917,0.997243,0.002757
0.917,0.742224,0.257776
0.917,0.906324,0.093676
0.917,0.990239,0.009761
0.917,0.990038,0.009962
0.917,0.942662,0.057338
0.917,0.993292,0.006708
0.917,0.999888,0.000112
0.917,0.999545,0.000455
0.917,0.999993,7e-06
0.917,0.985724,0.014276
0.917,0.999956,4.4e-05
0.917,0.855734,0.144266
0.917,0.842316,0.157684
0.917,0.999597,0.000403
0.917,0.999949,5.1e-05
0.917,0.999984,1.6e-05
0.917,0.998527,0.001473
0.917,0.985619,0.014381
0.917,0.996756,0.003244
0.917,0.999946,5.4e-05
0.917,0.998997,0.001003
0.917,0.999873,0.000127
0.917,0.999991,9e-06
0.917,0.999679,0.000321
0.917,0.947757,0.052243
0.917,0.99761,0.00239
0.917,0.999826,0.000174
0.917,0.999992,8e-06
0.917,0.999701,0.000299
0.917,0.999962,3.8e-05
0.917,0.999923,7.7e-05
0.917,0.999991,9e-06
0.917,0.993036,0.006964
0.917,0.999964,3.6e-05
0.917,0.999798,0.000202
0.917,0.999698,0.000302
0.917,0.993684,0.006316
0.917,0.999989,1.1e-05
0.917,0.99904,0.00096
0.917,0.999872,0.000128
0.917,0.999952,4.8e-05
0.917,0.999992,8e-06
0.917,0.99999,1e-05
0.917,0.998869,0.001131
0.917,0.999969,3.1e-05
0.917,0.999768,0.000232
0.917,0.978131,0.021869
0.917,0.99994,6e-05
0.917,0.999971,2.9e-05
0.917,0.999968,3.2e-05
0.917,0.995376,0.004623
0.917,0.206558,0.793442
0.917,0.999989,1.1e-05
0.917,0.92062,0.07938
0.917,0.965172,0.034828
0.917,0.581898,0.418102
0.917,0.999716,0.000284
0.917,0.945638,0.054362
0.917,0.999238,0.000762
0.917,0.977946,0.022054
0.917,0.999974,2.6e-05
0.917,0.99999,1e-05
0.917,0.857255,0.142745
0.917,0.987943,0.012057
0.917,0.999989,1.1e-05
0.917,0.999869,0.000131
0.923,0.976088,0.023912
0.923,0.999985,1.5e-05
0.923,0.999968,3.2e-05
0.923,0.999987,1.3e-05
0.923,0.998738,0.001262
0.923,0.999828,0.000172
0.923,0.994414,0.005586
0.923,0.998861,0.001139
0.923,0.999925,7.5e-05
0.923,0.980522,0.019478
0.923,0.961571,0.038429
0.923,0.693876,0.306124
0.923,0.999988,1.2e-05
0.923,0.994723,0.005277
0.923,0.999828,0.000172
0.923,0.999822,0.000178
0.923,0.999987,1.3e-05
0.923,0.999986,1.4e-05
0.923,0.998437,0.001563
0.923,0.999971,2.9e-05
0.923,0.991451,0.008549
0.923,0.999935,6.5e-05
0.923,0.99985,0.00015
0.923,0.999311,0.000689
0.923,0.994971,0.005029
0.923,0.999947,5.3e-05
0.923,0.999923,7.7e-05
0.923,0.999983,1.7e-05
0.923,0.98459,0.01541
0.923,0.999965,3.5e-05
0.923,0.999708,0.000292
0.923,0.999954,4.6e-05
0.923,0.903554,0.096446
0.923,0.992204,0.007796
0.923,0.999967,3.3e-05
0.923,0.99983,0.00017
0.923,0.999972,2.8e-05
0.923,0.725611,0.274389
0.923,0.999176,0.000824
0.923,0.841702,0.158298
0.923,0.999953,4.7e-05
0.923,0.999984,1.6e-05
0.923,0.998113,0.001887
0.923,0.999977,2.3e-05
0.923,0.878549,0.121451
0.923,0.987815,0.012185
0.923,0.317336,0.682664
0.923,0.998943,0.001057
0.923,0.997326,0.002674
0.923,0.935321,0.064679
0.923,0.997459,0.002541
0.923,0.999195,0.000805
0.923,0.995797,0.004203
0.923,0.999982,1.8e-05
0.923,0.999695,0.000305
0.923,0.693289,0.306711
0.923,0.999635,0.000365
0.923,0.752696,0.247304
0.923,0.996892,0.003108
0.923,0.999965,3.5e-05
0.923,0.950584,0.049416
0.923,0.999964,3.6e-05
0.923,0.9346,0.065401
0.923,0.98885,0.01115
0.923,0.999073,0.000927
0.923,0.968278,0.031722
0.923,0.99778,0.00222
0.923,0.999133,0.000867
0.923,0.723129,0.276871
0.923,0.927121,0.072879
0.923,0.999949,5.1e-05
0.923,0.999301,0.000699
0.923,0.984774,0.015226
0.923,0.916459,0.083541
0.923,0.99987,0.00013
0.923,0.445089,0.554911
0.923,0.999993,7e-06
0.923,0.999958,4.2e-05
0.923,0.79067,0.209329
0.923,0.937231,0.062769
0.923,0.999973,2.7e-05
0.923,0.997428,0.002572
0.923,0.999937,6.3e-05
0.923,0.99996,4e-05
0.923,0.999991,9e-06
0.923,0.999984,1.6e-05
0.923,0.999979,2.1e-05
0.923,0.999836,0.000164
0.923,0.354226,0.645774
0.923,0.999965,3.5e-05
0.923,0.999964,3.6e-05
0.923,0.961945,0.038055
0.923,0.995994,0.004005
0.923,0.999984,1.6e-05
0.923,0.996532,0.003468
0.923,0.999989,1.1e-05
0.923,0.938231,0.061769
0.923,0.997284,0.002716
0.923,0.999958,4.2e-05
0.923,0.999985,1.5e-05
0.929,0.999718,0.000282
0.929,0.999977,2.3e-05
0.929,0.999966,3.4e-05
0.929,0.999973,2.7e-05
0.929,0.999993,7e-06
0.929,0.999962,3.8e-05
0.929,0.968801,0.031199
0.929,0.999985,1.5e-05
0.929,0.999968,3.2e-05
0.929,0.998906,0.001094
0.929,0.986143,0.013857
0.929,0.911267,0.088733
0.929,0.999982,1.8e-05
0.929,0.990544,0.009456
0.929,0.999958,4.2e-05
0.929,0.999981,1.9e-05
0.929,0.999985,1.5e-05
0.929,0.992005,0.007995
0.929,0.999907,9.3e-05
0.929,0.996199,0.003801
0.929,0.996613,0.003387
0.929,0.999111,0.000889
0.929,0.93811,0.06189
0.929,0.999494,0.000506
0.929,0.999989,1.1e-05
0.929,0.99862,0.00138
0.929,0.999985,1.5e-05
0.929,0.99995,5e-05
0.929,0.991643,0.008357
0.929,0.895365,0.104635
0.929,0.999967,3.3e-05
0.929,0.999808,0.000193
0.929,0.999798,0.000202
0.929,0.999887,0.000112
0.929,0.999459,0.000541
0.929,0.999429,0.000571
0.929,0.466662,0.533338
0.929,0.624791,0.375209
0.929,0.916412,0.083588
0.929,0.999968,3.2e-05
0.929,0.99701,0.00299
0.929,0.99999,1.1e-05
0.929,0.999645,0.000355
0.929,0.514665,0.485335
0.929,0.975876,0.024124
0.929,0.999992,8e-06
0.929,0.999943,5.7e-05
0.929,0.999986,1.4e-05
0.929,0.902565,0.097435
0.929,0.946858,0.053142
0.929,0.999992,8e-06
0.929,0.993576,0.006425
0.929,0.999612,0.000388
0.929,0.271377,0.728623
0.929,0.996827,0.003173
0.929,0.995268,0.004731
0.929,0.997323,0.002677
0.929,0.999801,0.000199
0.929,0.999983,1.7e-05
0.929,0.999968,3.2e-05
0.929,0.981429,0.018571
0.929,0.999971,2.9e-05
0.929,0.999986,1.4e-05
0.929,0.989527,0.010473
0.929,0.999979,2.1e-05
0.929,0.999951,4.9e-05
0.929,0.713266,0.286734
0.929,0.999981,1.9e-05
0.929,0.999984,1.6e-05
0.929,0.999948,5.2e-05
0.929,0.997592,0.002408
0.929,0.989665,0.010335
0.929,0.989991,0.010009
0.929,0.999402,0.000598
0.929,0.999514,0.000486
0.929,0.999991,9e-06
0.929,0.98924,0.01076
0.929,0.943436,0.056564
0.929,0.97793,0.02207
0.929,0.999976,2.4e-05
0.929,0.993986,0.006015
0.929,0.975024,0.024976
0.929,0.999733,0.000267
0.929,0.999602,0.000398
0.929,0.983433,0.016567
0.929,0.99911,0.00089
0.929,0.998837,0.001163
0.929,0.998864,0.001136
0.929,0.703633,0.296367
0.929,0.993813,0.006187
0.929,0.986571,0.013429
0.929,0.777487,0.222513
0.929,0.999776,0.000224
0.929,0.999972,2.8e-05
0.929,0.992406,0.007594
0.929,0.999875,0.000125
0.929,0.999855,0.000145
0.929,0.999992,8e-06
0.929,0.999956,4.4e-05
0.929,0.995501,0.004499
0.935,0.983394,0.016606
0.935,0.999876,0.000124
0.935,0.999967,3.3e-05
0.935,0.909328,0.090672
0.935,0.973836,0.026164
0.935,0.994149,0.005851
0.935,0.987419,0.012581
0.935,0.999979,2.1e-05
0.935,0.998644,0.001356
0.935,0.999987,1.3e-05
0.935,0.999896,0.000104
0.935,0.999935,6.5e-05
0.935,0.87772,0.12228
0.935,0.999755,0.000245
0.935,0.987367,0.012633
0.935,0.999986,1.4e-05
0.935,0.998502,0.001497
0.935,0.999977,2.3e-05
0.935,0.887059,0.112941
0.935,0.968008,0.031992
0.935,0.999728,0.000272
0.935,0.984447,0.015553
0.935,0.995176,0.004824
0.935,0.999026,0.000974
0.935,0.99992,8e-05
0.935,0.99999,1e-05
0.935,0.989618,0.010382
0.935,0.999913,8.7e-05
0.935,0.999983,1.7e-05
0.935,0.985736,0.014264
0.935,0.996962,0.003038
0.935,0.996973,0.003027
0.935,0.769615,0.230385
0.935,0.999849,0.000151
0.935,0.999437,0.000563
0.935,0.999846,0.000154
0.935,0.99999,1e-05
0.935,0.999966,3.4e-05
0.935,0.180395,0.819605
0.935,0.999977,2.3e-05
0.935,0.977946,0.022054
0.935,0.999535,0.000465
0.935,0.31713,0.68287
0.935,0.999946,5.4e-05
0.935,0.999521,0.000479
0.935,0.916406,0.083594
0.935,0.999983,1.7e-05
0.935,0.999801,0.000199
0.935,0.998532,0.001468
0.935,0.99991,9e-05
0.935,0.999969,3.1e-05
0.935,0.999976,2.4e-05
0.935,0.971547,0.028453
0.935,0.180502,0.819498
0.935,0.999987,1.3e-05
0.935,0.99722,0.00278
0.935,0.949648,0.050352
0.935,0.990914,0.009086
0.935,0.999454,0.000546
0.935,0.998486,0.001514
0.935,0.999956,4.4e-05
0.935,0.999601,0.000399
0.935,0.998884,0.001116
0.935,0.999883,0.000117
0.935,0.999967,3.3e-05
0.935,0.258817,0.741183
0.935,0.999923,7.7e-05
0.935,0.758042,0.241958
0.935,0.997789,0.002211
0.935,0.999974,2.6e-05
0.935,0.999067,0.000933
0.935,0.98953,0.01047
0.935,0.999923,7.7e-05
0.935,0.999992,8e-06
0.935,0.999931,6.9e-05
0.935,0.99989,0.00011
0.935,0.983758,0.016242
0.935,0.979483,0.020517
0.935,0.994171,0.005829
0.935,0.995938,0.004062
0.935,0.998019,0.001981
0.935,0.989203,0.010797
0.935,0.985464,0.014536
0.935,0.999991,9e-06
0.935,0.998117,0.001883
0.935,0.999981,1.9e-05
0.935,0.986791,0.013209
0.935,0.997562,0.002438
0.935,0.993712,0.006288
0.935,0.999732,0.000268
0.935,0.946642,0.053358
0.935,0.977794,0.022206
0.935,0.999908,9.2e-05
0.935,0.942073,0.057927
0.935,0.560258,0.439742
0.935,0.984211,0.015789
0.935,0.999973,2.7e-05
0.935,0.995154,0.004846
0.935,0.999993,7e-06
0.935,0.997538,0.002462
0.941,0.983377,0.016623
0.941,0.99999,1e-05
0.941,0.999961,3.9e-05
0.941,0.855566,0.144434
0.941,0.996294,0.003706
0.941,0.83943,0.16057
0.941,0.999405,0.000595
0.941,0.999472,0.000528
0.941,0.784828,0.215172
0.941,0.999735,0.000265
0.941,0.997252,0.002748
0.941,0.996171,0.003829
0.941,0.90851,0.09149
0.941,0.99964,0.00036
0.941,0.997029,0.002971
0.941,0.999974,2.6e-05
0.941,0.999967,3.3e-05
0.941,0.999989,1.1e-05
0.941,0.999709,0.000291
0.941,0.855222,0.144778
0.941,0.99998,2e-05
0.941,0.999988,1.2e-05
0.941,0.999826,0.000174
0.941,0.999222,0.000778
0.941,0.9967,0.0033
0.941,0.99999,1e-05
0.941,0.999667,0.000333
0.941,0.112768,0.887232
0.941,0.999956,4.4e-05
0.941,0.999243,0.000757
0.941,0.999938,6.2e-05
0.941,0.999677,0.000323
0.941,0.999676,0.000324
0.941,0.34965,0.65035
0.941,0.999987,1.3e-05
0.941,0.997642,0.002358
0.941,0.998178,0.001822
0.941,0.996194,0.003806
0.941,0.999988,1.2e-05
0.941,0.999923,7.7e-05
0.941,0.962565,0.037435
0.941,0.999957,4.3e-05
0.941,0.595346,0.404654
0.941,0.999435,0.000565
0.941,0.91638,0.08362
0.941,0.367364,0.632636
0.941,0.956747,0.043253
0.941,0.999971,2.9e-05
0.941,0.999944,5.6e-05
0.941,0.998394,0.001606
0.941,0.999991,9e-06
0.941,0.999648,0.000352
0.941,0.99999,1e-05
0.941,0.999873,0.000127
0.941,0.999986,1.4e-05
0.941,0.990619,0.009381
0.941,0.99994,6e-05
0.941,0.924773,0.075227
0.941,0.999983,1.7e-05
0.941,0.999025,0.000975
0.941,0.941554,0.058446
0.941,0.900511,0.099489
0.941,0.999942,5.8e-05
0.941,0.999626,0.000374
0.941,0.999987,1.3e-05
0.941,0.999986,1.4e-05
0.941,0.740623,0.259377
0.941,0.999939,6.1e-05
0.941,0.999976,2.4e-05
0.941,0.995853,0.004147
0.941,0.999885,0.000115
0.941,0.999958,4.2e-05
0.941,0.999367,0.000633
0.941,0.998364,0.001636
0.941,0.999962,3.8e-05
0.941,0.999884,0.000116
0.941,0.998954,0.001046
0.941,0.98293,0.01707
0.941,0.998896,0.001104
0.941,0.999991,9e-06
0.941,0.999954,4.6e-05
0.941,0.999921,7.9e-05
0.941,0.999953,4.7e-05
0.941,0.999863,0.000137
0.941,0.845736,0.154264
0.941,0.999057,0.000943
0.941,0.999788,0.000212
0.941,0.999976,2.4e-05
0.941,0.999965,3.5e-05
0.941,0.999636,0.000364
0.941,0.96662,0.03338
0.941,0.999623,0.000377
0.941,0.998866,0.001134
0.941,0.438826,0.561174
0.941,0.991731,0.008269
0.941,0.996496,0.003504
0.941,0.974783,0.025217
0.941,0.811153,0.188847
0.941,0.999835,0.000165
0.941,0.999759,0.000241
0.947,0.899286,0.100714
0.947,0.994932,0.005068
0.947,0.99998,2e-05
0.947,0.922059,0.077941
0.947,0.999993,7e-06
0.947,0.56453,0.43547
0.947,0.99932,0.000679
0.947,0.78443,0.215571
0.947,0.999985,1.5e-05
0.947,0.996841,0.003159
0.947,0.999989,1.1e-05
0.947,0.998151,0.001849
0.947,0.998976,0.001024
0.947,0.996356,0.003644
0.947,0.197243,0.802757
0.947,0.999986,1.4e-05
0.947,0.934618,0.065382
0.947,0.99997,3e-05
0.947,0.978237,0.021763
0.947,0.544409,0.455591
0.947,0.99924,0.00076
0.947,0.999969,3.1e-05
0.947,0.94251,0.05749
0.947,0.999927,7.3e-05
0.947,0.977289,0.022711
0.947,0.998429,0.001571
0.947,0.998841,0.001159
0.947,0.999268,0.000732
0.947,0.999115,0.000885
0.947,0.996231,0.003769
0.947,0.295069,0.704931
0.947,0.999958,4.2e-05
0.947,0.993928,0.006072
0.947,0.99987,0.00013
0.947,0.977765,0.022235
0.947,0.999885,0.000115
0.947,0.999968,3.1e-05
0.947,0.998502,0.001498
0.947,0.999547,0.000453
0.947,0.99939,0.00061
0.947,0.927273,0.072727
0.947,0.906835,0.093165
0.947,0.975653,0.024347
0.947,0.999992,8e-06
0.947,0.953325,0.046675
0.947,0.996081,0.003919
0.947,0.999881,0.000119
0.947,0.999574,0.000426
0.947,0.990597,0.009404
0.947,0.988173,0.011827
0.947,0.999558,0.000442
0.947,0.999915,8.5e-05
0.947,0.99995,5e-05
0.947,0.998431,0.001569
0.947,0.999401,0.000599
0.947,0.862036,0.137964
0.947,0.998145,0.001855
0.947,0.999972,2.8e-05
0.947,0.996038,0.003962
0.947,0.999888,0.000112
0.947,0.999974,2.6e-05
0.947,0.969771,0.030229
0.947,0.99994,6e-05
0.947,0.9998,0.0002
0.947,0.600139,0.399861
0.947,0.998224,0.001776
0.947,0.999989,1.1e-05
0.947,0.999986,1.4e-05
0.947,0.999832,0.000168
0.947,0.892295,0.107705
0.947,0.956082,0.043917
0.947,0.999952,4.8e-05
0.947,0.999958,4.2e-05
0.947,0.999974,2.5e-05
0.947,0.999723,0.000277
0.947,0.99832,0.00168
0.947,0.99996,4e-05
0.947,0.99799,0.00201
0.947,0.778496,0.221504
0.947,0.999925,7.5e-05
0.947,0.998486,0.001514
0.947,0.687108,0.312892
0.947,0.999985,1.5e-05
0.947,0.996,0.004
0.947,0.99998,2e-05
0.947,0.959119,0.040881
0.947,0.874415,0.125585
0.947,0.999765,0.000235
0.947,0.970218,0.029782
0.947,0.999371,0.000629
0.947,0.99998,2e-05
0.947,0.99905,0.00095
0.947,0.998308,0.001692
0.947,0.738719,0.261281
0.947,0.472444,0.527556
0.947,0.999982,1.8e-05
0.947,0.99935,0.00065
0.947,0.99934,0.00066
0.947,0.999954,4.5e-05
0.947,0.999013,0.000987
0.953,0.990536,0.009464
0.953,0.999719,0.000281
0.953,0.73285,0.26715
0.953,0.999879,0.000121
0.953,0.944066,0.055933
0.953,0.999914,8.6e-05
0.953,0.991981,0.008019
0.953,0.99449,0.00551
0.953,0.978018,0.021982
0.953,0.998368,0.001632
0.953,0.999985,1.5e-05
0.953,0.989298,0.010702
0.953,0.999766,0.000233
0.953,0.988934,0.011066
0.953,0.999767,0.000233
0.953,0.999991,9e-06
0.953,0.999837,0.000163
0.953,0.108207,0.891794
0.953,0.999823,0.000177
0.953,0.999936,6.4e-05
0.953,0.999962,3.9e-05
0.953,0.999832,0.000168
0.953,0.910612,0.089389
0.953,0.996375,0.003625
0.953,0.999988,1.2e-05
0.953,0.999986,1.4e-05
0.953,0.98283,0.01717
0.953,0.999475,0.000525
0.953,0.991382,0.008618
0.953,0.999824,0.000176
0.953,0.99064,0.009359
0.953,0.999992,8e-06
0.953,0.895069,0.104931
0.953,0.999924,7.6e-05
0.953,0.98354,0.01646
0.953,0.997653,0.002347
0.953,0.937229,0.062771
0.953,0.999651,0.000349
0.953,0.999759,0.000241
0.953,0.99999,1e-05
0.953,0.999891,0.000109
0.953,0.998421,0.001579
0.953,0.496537,0.503463
0.953,0.249392,0.750608
0.953,0.999982,1.8e-05
0.953,0.999985,1.5e-05
0.953,0.996938,0.003062
0.953,0.771102,0.228898
0.953,0.999969,3.1e-05
0.953,0.999949,5.1e-05
0.953,0.994965,0.005035
0.953,0.999985,1.5e-05
0.953,0.982364,0.017636
0.953,0.980942,0.019058
0.953,0.886241,0.113759
0.953,0.999833,0.000167
0.953,0.971042,0.028957
0.953,0.999971,2.9e-05
0.953,0.99999,1e-05
0.953,0.999705,0.000295
0.953,0.999976,2.4e-05
0.953,0.98826,0.01174
0.953,0.484075,0.515925
0.953,0.968498,0.031502
0.953,0.999783,0.000217
0.953,0.963695,0.036305
0.953,0.999806,0.000194
0.953,0.999992,9e-06
0.953,0.999651,0.000349
0.953,0.480502,0.519498
0.953,0.998932,0.001068
0.953,0.99961,0.00039
0.953,0.999942,5.8e-05
0.953,0.99665,0.00335
0.953,0.687852,0.312148
0.953,0.941375,0.058625
0.953,0.999919,8.1e-05
0.953,0.98733,0.01267
0.953,0.999747,0.000253
0.953,0.988248,0.011752
0.953,0.99985,0.00015
0.953,0.99967,0.00033
0.953,0.999983,1.7e-05
0.953,0.988175,0.011825
0.953,0.961345,0.038655
0.953,0.998619,0.001381
0.953,0.925633,0.074367
0.953,0.578038,0.421962
0.953,0.349347,0.650653
0.953,0.999902,9.8e-05
0.953,0.484683,0.515317
0.953,0.911689,0.088311
0.953,0.997621,0.002379
0.953,0.999987,1.3e-05
0.953,0.999987,1.3e-05
0.953,0.994643,0.005357
0.953,0.551945,0.448055
0.953,0.999337,0.000663
0.953,0.999817,0.000183
0.953,0.999981,1.9e-05
0.959,0.999991,9e-06
0.959,0.999671,0.000329
0.959,0.99429,0.00571
0.959,0.99998,2e-05
0.959,0.997302,0.002698
0.959,0.443549,0.556451
0.959,0.976819,0.023181
0.959,0.783906,0.216094
0.959,0.999959,4.1e-05
0.959,0.855444,0.144556
0.959,0.999967,3.3e-05
0.959,0.999975,2.5e-05
0.959,0.998024,0.001976
0.959,0.999938,6.2e-05
0.959,0.998864,0.001136
0.959,0.999986,1.4e-05
0.959,0.961542,0.038458
0.959,0.987024,0.012976
0.959,0.998944,0.001056
0.959,0.994783,0.005217
0.959,0.999944,5.6e-05
0.959,0.936551,0.063449
0.959,0.99849,0.00151
0.959,0.999784,0.000215
0.959,0.999982,1.8e-05
0.959,0.937397,0.062603
0.959,0.866112,0.133888
0.959,0.976984,0.023015
0.959,0.98949,0.01051
0.959,0.999982,1.8e-05
0.959,0.990439,0.009561
0.959,0.999892,0.000108
0.959,0.988012,0.011988
0.959,0.87826,0.12174
0.959,0.981295,0.018705
0.959,0.999875,0.000125
0.959,0.999989,1.1e-05
0.959,0.99672,0.00328
0.959,0.902251,0.097749
0.959,0.999982,1.8e-05
0.959,0.460749,0.539251
0.959,0.990114,0.009886
0.959,0.799539,0.200461
0.959,0.989936,0.010064
0.959,0.999848,0.000152
0.959,0.999146,0.000854
0.959,0.999869,0.000131
0.959,0.999825,0.000175
0.959,0.999969,3.1e-05
0.959,0.999864,0.000136
0.959,0.991462,0.008538
0.959,0.992848,0.007152
0.959,0.999821,0.000179
0.959,0.953552,0.046448
0.959,0.997446,0.002554
0.959,0.992713,0.007287
0.959,0.19103,0.80897
0.959,0.999876,0.000124
0.959,0.999902,9.8e-05
0.959,0.985501,0.014499
0.959,0.596528,0.403472
0.959,0.644446,0.355554
0.959,0.99998,2e-05
0.959,0.999758,0.000242
0.959,0.950768,0.049232
0.959,0.998173,0.001827
0.959,0.999978,2.2e-05
0.959,0.999955,4.5e-05
0.959,0.999988,1.2e-05
0.959,0.999977,2.3e-05
0.959,0.988442,0.011558
0.959,0.999651,0.000349
0.959,0.874042,0.125958
0.959,0.992394,0.007607
0.959,0.999649,0.000351
0.959,0.999958,4.1e-05
0.959,0.999792,0.000208
0.959,0.999886,0.000114
0.959,0.998839,0.001161
0.959,0.996024,0.003976
0.959,0.999961,3.9e-05
0.959,0.999845,0.000155
0.959,0.950201,0.049799
0.959,0.99993,7e-05
0.959,0.99933,0.00067
0.959,0.991616,0.008384
0.959,0.999912,8.8e-05
0.959,0.999983,1.7e-05
0.959,0.999952,4.8e-05
0.959,0.997046,0.002954
0.959,0.995183,0.004817
0.959,0.999985,1.5e-05
0.959,0.983283,0.016717
0.959,0.9998,0.0002
0.959,0.857529,0.142471
0.959,0.978516,0.021484
0.959,0.999986,1.4e-05
0.959,0.988556,0.011444
0.959,0.998242,0.001758
0.959,0.12832,0.87168
0.965,0.999975,2.5e-05
0.965,0.472578,0.527422
0.965,0.968618,0.031382
0.965,0.999718,0.000282
0.965,0.99989,0.00011
0.965,0.999709,0.000291
0.965,0.863305,0.136695
0.965,0.999915,8.5e-05
0.965,0.909468,0.090532
0.965,0.999982,1.8e-05
0.965,0.999934,6.6e-05
0.965,0.999979,2.1e-05
0.965,0.992153,0.007847
0.965,0.98338,0.01662
0.965,0.98462,0.01538
0.965,0.997969,0.002031
0.965,0.999697,0.000303
0.965,0.999931,6.9e-05
0.965,0.065711,0.934289
0.965,0.999947,5.3e-05
0.965,0.780342,0.219658
0.965,0.999705,0.000295
0.965,0.994182,0.005818
0.965,0.470863,0.529137
0.965,0.625973,0.374027
0.965,0.978616,0.021384
0.965,0.999927,7.3e-05
0.965,0.99996,4e-05
0.965,0.998765,0.001235
0.965,0.990318,0.009682
0.965,0.999552,0.000448
0.965,0.999935,6.5e-05
0.965,0.985314,0.014686
0.965,0.941415,0.058585
0.965,0.999988,1.2e-05
0.965,0.999945,5.5e-05
0.965,0.993921,0.006079
0.965,0.716442,0.283558
0.965,0.9992,0.0008
0.965,0.999988,1.2e-05
0.965,0.99978,0.00022
0.965,0.879871,0.120129
0.965,0.999922,7.8e-05
0.965,0.955283,0.044717
0.965,0.999593,0.000407
0.965,0.923935,0.076065
0.965,0.999557,0.000443
0.965,0.998047,0.001953
0.965,0.999713,0.000287
0.965,0.989546,0.010454
0.965,0.694376,0.305624
0.965,0.997689,0.002311
0.965,0.99705,0.00295
0.965,0.387985,0.612015
0.965,0.66157,0.33843
0.965,0.971116,0.028885
0.965,0.999858,0.000142
0.965,0.994947,0.005053
0.965,0.819084,0.180916
0.965,0.997562,0.002438
0.965,0.963973,0.036027
0.965,0.998624,0.001376
0.965,0.999992,7e-06
0.965,0.9999,1e-04
0.965,0.99978,0.000221
0.965,0.999887,0.000113
0.965,0.999614,0.000386
0.965,0.999989,1.1e-05
0.965,0.95708,0.04292
0.965,0.999897,0.000103
0.965,0.99993,7e-05
0.965,0.999048,0.000951
0.965,0.829229,0.170771
0.965,0.991228,0.008772
0.965,0.999953,4.7e-05
0.965,0.794839,0.205161
0.965,0.025429,0.974571
0.965,0.998927,0.001073
0.965,0.999976,2.4e-05
0.965,0.999334,0.000666
0.965,0.999808,0.000192
0.965,0.997458,0.002542
0.965,0.999843,0.000157
0.965,0.999799,0.000201
0.965,0.991214,0.008786
0.965,0.912423,0.087577
0.965,0.999989,1.1e-05
0.965,0.999611,0.000389
0.965,0.981896,0.018104
0.965,0.999151,0.000849
0.965,0.050183,0.949817
0.965,0.999304,0.000696
0.965,0.999945,5.5e-05
0.965,0.972724,0.027276
0.965,0.949453,0.050547
0.965,0.999087,0.000913
0.965,0.999972,2.8e-05
0.965,0.99995,5e-05
0.965,0.98068,0.01932
0.965,0.999987,1.3e-05
0.971,0.992883,0.007117
0.971,0.991071,0.008929
0.971,0.103218,0.896782
0.971,0.997564,0.002436
0.971,0.982856,0.017144
0.971,0.99948,0.00052
0.971,0.993942,0.006058
0.971,0.994012,0.005988
0.971,0.995595,0.004405
0.971,0.99997,3e-05
0.971,0.999979,2.1e-05
0.971,0.997181,0.002819
0.971,0.782489,0.217511
0.971,0.998701,0.001299
0.971,0.999969,3.1e-05
0.971,0.994298,0.005702
0.971,0.97618,0.023821
0.971,0.999889,0.000111
0.971,0.999817,0.000183
0.971,0.98283,0.017171
0.971,0.996327,0.003673
0.971,0.997968,0.002032
0.971,0.999674,0.000326
0.971,0.999912,8.8e-05
0.971,0.999974,2.6e-05
0.971,0.999803,0.000197
0.971,0.999651,0.000349
0.971,0.474337,0.525663
0.971,0.969579,0.030421
0.971,0.999992,8e-06
0.971,0.967883,0.032117
0.971,0.99971,0.00029
0.971,0.99995,5e-05
0.971,0.996595,0.003405
0.971,0.174966,0.825034
0.971,0.999994,6e-06
0.971,0.975443,0.024557
0.971,0.9984,0.0016
0.971,0.982464,0.017536
0.971,0.990557,0.009443
0.971,0.99998,2e-05
0.971,0.888037,0.111963
0.971,0.942113,0.057887
0.971,0.919842,0.080158
0.971,0.999621,0.000379
0.971,0.856018,0.143982
0.971,0.999972,2.8e-05
0.971,0.999216,0.000784
0.971,0.999874,0.000126
0.971,0.999803,0.000197
0.971,0.979265,0.020735
0.971,0.999968,3.2e-05
0.971,0.341044,0.658956
0.971,0.970957,0.029043
0.971,0.999509,0.000491
0.971,0.799698,0.200302
0.971,0.995398,0.004602
0.971,0.971194,0.028806
0.971,0.999915,8.5e-05
0.971,0.968874,0.031126
0.971,0.999919,8.1e-05
0.971,0.985316,0.014684
0.971,0.999959,4.1e-05
0.971,0.957369,0.042631
0.971,0.999977,2.3e-05
0.971,0.988936,0.011064
0.971,0.971727,0.028273
0.971,0.998575,0.001425
0.971,0.999959,4.1e-05
0.971,0.999155,0.000845
0.971,0.996532,0.003467
0.971,0.999955,4.5e-05
0.971,0.999437,0.000563
0.971,0.991808,0.008192
0.971,0.930006,0.069994
0.971,0.996024,0.003976
0.971,0.551337,0.448663
0.971,0.999962,3.8e-05
0.971,0.999746,0.000254
0.971,0.999898,0.000102
0.971,0.195204,0.804796
0.971,0.995088,0.004912
0.971,0.728018,0.271982
0.971,0.91321,0.08679
0.971,0.999484,0.000516
0.971,0.992583,0.007417
0.971,0.973852,0.026148
0.971,0.999979,2.1e-05
0.971,0.99995,5e-05
0.971,0.765738,0.234262
0.971,0.997286,0.002714
0.971,0.99994,6e-05
0.971,0.999853,0.000147
0.971,0.950455,0.049545
0.971,0.996581,0.003419
0.971,0.481726,0.518274
0.971,0.999979,2.1e-05
0.971,0.63176,0.36824
0.971,0.999745,0.000255
0.971,0.566496,0.433504
0.977,0.999932,6.8e-05
0.977,0.999862,0.000138
0.977,0.996056,0.003944
0.977,0.998586,0.001414
0.977,0.999989,1.1e-05
0.977,0.98369,0.01631
0.977,0.999729,0.000271
0.977,0.980908,0.019092
0.977,0.912828,0.087172
0.977,0.999699,0.000301
0.977,0.956325,0.043675
0.977,0.9903,0.0097
0.977,0.999981,1.9e-05
0.977,0.999991,9e-06
0.977,0.987655,0.012345
0.977,0.996662,0.003338
0.977,0.999954,4.6e-05
0.977,0.999974,2.6e-05
0.977,0.887266,0.112734
0.977,0.993578,0.006422
0.977,0.998246,0.001754
0.977,0.815666,0.184334
0.977,0.999893,0.000107
0.977,0.999871,0.000129
0.977,0.654248,0.345752
0.977,0.975486,0.024514
0.977,0.999924,7.6e-05
0.977,0.957808,0.042192
0.977,0.999947,5.3e-05
0.977,0.999966,3.4e-05
0.977,0.999973,2.7e-05
0.977,0.904204,0.095796
0.977,0.98658,0.01342
0.977,0.975809,0.024191
0.977,0.999972,2.8e-05
0.977,0.994505,0.005495
0.977,0.992818,0.007182
0.977,0.587169,0.412831
0.977,0.992609,0.007391
0.977,0.998847,0.001153
0.977,0.999201,0.000799
0.977,0.99926,0.00074
0.977,0.999944,5.6e-05
0.977,0.999777,0.000223
0.977,0.999984,1.7e-05
0.977,0.997248,0.002752
0.977,0.999942,5.8e-05
0.977,0.652007,0.347993
0.977,0.996642,0.003358
0.977,0.999917,8.3e-05
0.977,0.856215,0.143785
0.977,0.994684,0.005316
0.977,0.999831,0.000169
0.977,0.998802,0.001198
0.977,0.999992,8e-06
0.977,0.967769,0.032231
0.977,0.922473,0.077527
0.977,0.99998,2e-05
0.977,0.999797,0.000203
0.977,0.999989,1.1e-05
0.977,0.998824,0.001176
0.977,0.79765,0.20235
0.977,0.999974,2.6e-05
0.977,0.993446,0.006554
0.977,0.192387,0.807613
0.977,0.999992,8e-06
0.977,0.98629,0.01371
0.977,0.989695,0.010305
0.977,0.999699,0.000301
0.977,0.279834,0.720166
0.977,0.229751,0.770249
0.977,0.997456,0.002544
0.977,0.997455,0.002545
0.977,0.999954,4.6e-05
0.977,0.999914,8.6e-05
0.977,0.947662,0.052338
0.977,0.990369,0.009631
0.977,0.98013,0.01987
0.977,0.663494,0.336506
0.977,0.999983,1.7e-05
0.977,0.999304,0.000696
0.977,0.999585,0.000415
0.977,0.99983,0.00017
0.977,0.707888,0.292112
0.977,0.985403,0.014597
0.977,0.999973,2.7e-05
0.977,0.419733,0.580267
0.977,0.999474,0.000526
0.977,0.989481,0.010519
0.977,0.999932,6.8e-05
0.977,0.88342,0.11658
0.977,0.991396,0.008604
0.977,0.999943,5.7e-05
0.977,0.999907,9.3e-05
0.977,0.988971,0.011029
0.977,0.999956,4.4e-05
0.977,0.921689,0.078311
0.977,0.360596,0.639403
0.977,0.948818,0.051182
0.977,0.993484,0.006516
0.983,0.987675,0.012325
0.983,0.943097,0.056903
0.983,0.988288,0.011712
0.983,0.999652,0.000348
0.983,0.995576,0.004424
0.983,0.873134,0.126866
0.983,0.999922,7.8e-05
0.983,0.989591,0.010409
0.983,0.999568,0.000432
0.983,0.959423,0.040577
0.983,0.977323,0.022677
0.983,0.997666,0.002334
0.983,0.321166,0.678834
0.983,0.999991,9e-06
0.983,0.669857,0.330143
0.983,0.999639,0.000361
0.983,0.99992,8e-05
0.983,0.982923,0.017077
0.983,0.999869,0.000131
0.983,0.999705,0.000295
0.983,0.999554,0.000446
0.983,0.999417,0.000583
0.983,0.999946,5.4e-05
0.983,0.999166,0.000834
0.983,0.999699,0.000301
0.983,0.999224,0.000776
0.983,0.999618,0.000382
0.983,0.99734,0.00266
0.983,0.985246,0.014754
0.983,0.999894,0.000106
0.983,0.997682,0.002319
0.983,0.998202,0.001798
0.983,0.996994,0.003006
0.983,0.993188,0.006812
0.983,0.578551,0.421449
0.983,0.990046,0.009954
0.983,0.430608,0.569392
0.983,0.998643,0.001357
0.983,0.961079,0.038921
0.983,0.99804,0.00196
0.983,0.999949,5.1e-05
0.983,0.999976,2.4e-05
0.983,0.916478,0.083522
0.983,0.340403,0.659597
0.983,0.999813,0.000187
0.983,0.954229,0.045771
0.983,0.983954,0.016046
0.983,0.934364,0.065636
0.983,0.999668,0.000332
0.983,0.993416,0.006585
0.983,0.275757,0.724243
0.983,0.990709,0.009291
0.983,0.999885,0.000115
0.983,0.867198,0.132802
0.983,0.99871,0.00129
0.983,0.99872,0.00128
0.983,0.999414,0.000586
0.983,0.81313,0.18687
0.983,0.999929,7.1e-05
0.983,0.987763,0.012237
0.983,0.176542,0.823458
0.983,0.997579,0.002421
0.983,0.998305,0.001695
0.983,0.999702,0.000298
0.983,0.999944,5.6e-05
0.983,0.521665,0.478335
0.983,0.999974,2.6e-05
0.983,0.980896,0.019104
0.983,0.107476,0.892524
0.983,0.999919,8.1e-05
0.983,0.99835,0.00165
0.983,0.999974,2.6e-05
0.983,0.509838,0.490162
0.983,0.933169,0.066831
0.983,0.873864,0.126136
0.983,0.989355,0.010645
0.983,0.999989,1.1e-05
0.983,0.583687,0.416313
0.983,0.998939,0.001061
0.983,0.991886,0.008114
0.983,0.998116,0.001884
0.983,0.999968,3.2e-05
0.983,0.999957,4.3e-05
0.983,0.994734,0.005265
0.983,0.974913,0.025087
0.983,0.996594,0.003405
0.983,0.846689,0.153311
0.983,0.997412,0.002588
0.983,0.873906,0.126094
0.983,0.80416,0.19584
0.983,0.670484,0.329516
0.983,0.995118,0.004882
0.983,0.152069,0.84793
0.983,0.999898,0.000102
0.983,0.988644,0.011356
0.983,0.999726,0.000274
0.983,0.999851,0.000149
0.983,0.999919,8.1e-05
0.983,0.999432,0.000568
0.983,0.998914,0.001085
0.989,0.184145,0.815855
0.989,0.999694,0.000306
0.989,0.999907,9.3e-05
0.989,0.994804,0.005196
0.989,0.99967,0.00033
0.989,0.156693,0.843307
0.989,0.999331,0.000669
0.989,0.999769,0.000231
0.989,0.918669,0.081331
0.989,0.987385,0.012615
0.989,0.999744,0.000256
0.989,0.998799,0.001201
0.989,0.99991,9e-05
0.989,0.684223,0.315777
0.989,0.990211,0.009789
0.989,0.644942,0.355058
0.989,0.999839,0.000161
0.989,0.997322,0.002678
0.989,0.999411,0.000589
0.989,0.464093,0.535907
0.989,0.998262,0.001738
0.989,0.996437,0.003563
0.989,0.993836,0.006164
0.989,0.999945,5.5e-05
0.989,0.967392,0.032608
0.989,0.898876,0.101124
0.989,0.994465,0.005535
0.989,0.999975,2.5e-05
0.989,0.99994,6e-05
0.989,0.976563,0.023437
0.989,0.999987,1.3e-05
0.989,0.97595,0.02405
0.989,0.999688,0.000312
0.989,0.999556,0.000444
0.989,0.870335,0.129665
0.989,0.627666,0.372334
0.989,0.784377,0.215623
0.989,0.999931,6.9e-05
0.989,0.999967,3.3e-05
0.989,0.999976,2.4e-05
0.989,0.998051,0.001949
0.989,0.907141,0.092859
0.989,0.999781,0.000219
0.989,0.999655,0.000345
0.989,0.996791,0.003209
0.989,0.999616,0.000384
0.989,0.999955,4.5e-05
0.989,0.998774,0.001225
0.989,0.783043,0.216957
0.989,0.987547,0.012453
0.989,0.843467,0.156533
0.989,0.999908,9.2e-05
0.989,0.982296,0.017703
0.989,0.999797,0.000203
0.989,0.600316,0.399684
0.989,0.256304,0.743696
0.989,0.882322,0.117678
0.989,0.99702,0.00298
0.989,0.85512,0.14488
0.989,0.999898,0.000102
0.989,0.169503,0.830497
0.989,0.999441,0.000559
0.989,0.991921,0.008079
0.989,0.999961,3.9e-05
0.989,0.999974,2.6e-05
0.989,0.895197,0.104803
0.989,0.996992,0.003008
0.989,0.538072,0.461928
0.989,0.99877,0.00123
0.989,0.99746,0.00254
0.989,0.999968,3.2e-05
0.989,0.967539,0.032461
0.989,0.974242,0.025758
0.989,0.317961,0.682039
0.989,0.994796,0.005204
0.989,0.99972,0.000279
0.989,0.999782,0.000218
0.989,0.686375,0.313625
0.989,0.693426,0.306574
0.989,0.999532,0.000468
0.989,0.997531,0.002469
0.989,0.993968,0.006032
0.989,0.979298,0.020702
0.989,0.999525,0.000475
0.989,0.600095,0.399905
0.989,0.999968,3.2e-05
0.989,0.944722,0.055278
0.989,0.997185,0.002815
0.989,0.999965,3.5e-05
0.989,0.999715,0.000285
0.989,0.795374,0.204626
0.989,0.032505,0.967495
0.989,0.941207,0.058793
0.989,0.999968,3.2e-05
0.989,0.999881,0.000119
0.989,0.999058,0.000942
0.989,0.999978,2.2e-05
0.989,0.999262,0.000738
0.989,0.999319,0.000681
0.989,0.607339,0.392661
0.995,0.999478,0.000522
0.995,0.999842,0.000158
0.995,0.111885,0.888115
0.995,0.999887,0.000113
0.995,0.954456,0.045544
0.995,0.99998,2e-05
0.995,0.999928,7.2e-05
0.995,0.980872,0.019128
0.995,0.426356,0.573644
0.995,0.999981,1.9e-05
0.995,0.999974,2.6e-05
0.995,0.490565,0.509435
0.995,0.960898,0.039102
0.995,0.499159,0.500841
0.995,0.992235,0.007765
0.995,0.992818,0.007182
0.995,0.998037,0.001963
0.995,0.895178,0.104822
0.995,0.997813,0.002187
0.995,0.998519,0.001481
0.995,0.839943,0.160057
0.995,0.649028,0.350972
0.995,0.063708,0.936292
0.995,0.982415,0.017585
0.995,0.998971,0.001029
0.995,0.999097,0.000903
0.995,0.892989,0.107011
0.995,0.913258,0.086742
0.995,0.999946,5.4e-05
0.995,0.99999,1e-05
0.995,0.997928,0.002072
0.995,0.999849,0.000151
0.995,0.999769,0.000231
0.995,0.146188,0.853812
0.995,0.989574,0.010426
0.995,0.999316,0.000684
0.995,0.99976,0.00024
0.995,0.999992,8e-06
0.995,0.986393,0.013607
0.995,0.999038,0.000962
0.995,0.997304,0.002696
0.995,0.999594,0.000406
0.995,0.475114,0.524886
0.995,0.35538,0.64462
0.995,0.99999,1e-05
0.995,0.999968,3.2e-05
0.995,0.999805,0.000195
0.995,0.782869,0.217131
0.995,0.999785,0.000215
0.995,0.999609,0.000391
0.995,0.989888,0.010112
0.995,0.999985,1.5e-05
0.995,0.996917,0.003083
0.995,0.562376,0.437624
0.995,0.999935,6.5e-05
0.995,0.998946,0.001054
0.995,0.129823,0.870178
0.995,0.989662,0.010338
0.995,0.99816,0.00184
0.995,0.135464,0.864536
0.995,0.78935,0.21065
0.995,0.996302,0.003698
0.995,0.895353,0.104647
0.995,0.051657,0.948343
0.995,0.999971,2.9e-05
0.995,0.999958,4.2e-05
0.995,0.582294,0.417706
0.995,0.924955,0.075045
0.995,0.999973,2.7e-05
0.995,0.997779,0.002221
0.995,0.999978,2.2e-05
0.995,0.010602,0.989398
0.995,0.511171,0.488829
0.995,0.999876,0.000124
0.995,0.947054,0.052946
0.995,0.993488,0.006512
0.995,0.700125,0.299875
0.995,0.857246,0.142754
0.995,0.603225,0.396775
0.995,0.999924,7.6e-05
0.995,0.999886,0.000114
0.995,0.995321,0.004679
0.995,0.999922,7.8e-05
0.995,0.613496,0.386504
0.995,0.999923,7.7e-05
0.995,0.996862,0.003138
0.995,0.999845,0.000155
0.995,0.993671,0.006329
0.995,0.999035,0.000965
0.995,0.999876,0.000124
0.995,0.999742,0.000258
0.995,0.484089,0.515911
0.995,0.999043,0.000957
0.995,0.9999,1e-04
0.995,0.298527,0.701473
0.995,0.986562,0.013438
0.995,0.97145,0.02855
0.995,0.99878,0.00122
0.995,0.999783,0.000217
0.995,0.982521,0.017479
1.002,0.999913,8.7e-05
1.002,0.949635,0.050365
1.002,0.998893,0.001107
1.002,0.877452,0.122549
1.002,0.171168,0.828832
1.002,0.867496,0.132504
1.002,0.998216,0.001784
1.002,0.939494,0.060506
1.002,0.970381,0.029619
1.002,0.998902,0.001098
1.002,0.87585,0.12415
1.002,0.999868,0.000132
1.002,0.995887,0.004113
1.002,0.999197,0.000803
1.002,0.999157,0.000843
1.002,0.999989,1.1e-05
1.002,0.97245,0.02755
1.002,0.999932,6.8e-05
1.002,0.999744,0.000256
1.002,0.997583,0.002417
1.002,0.909237,0.090764
1.002,0.720395,0.279605
1.002,0.026043,0.973958
1.002,0.999861,0.000139
1.002,0.999926,7.4e-05
1.002,0.945668,0.054332
1.002,0.998628,0.001372
1.002,0.883308,0.116692
1.002,0.948822,0.051178
1.002,0.999572,0.000428
1.002,0.956529,0.043471
1.002,0.9566,0.0434
1.002,0.999989,1.1e-05
1.002,0.53772,0.46228
1.002,0.996051,0.003949
1.002,0.762546,0.237454
1.002,0.043102,0.956898
1.002,0.998586,0.001414
1.002,0.403405,0.596595
1.002,0.963286,0.036714
1.002,0.956426,0.043574
1.002,0.152951,0.847049
1.002,0.176706,0.823294
1.002,0.810739,0.189261
1.002,0.999012,0.000988
1.002,0.999546,0.000454
1.002,0.994478,0.005522
1.002,0.999651,0.000349
1.002,0.130991,0.86901
1.002,0.601942,0.398058
1.002,0.972692,0.027308
1.002,0.986724,0.013276
1.002,0.271357,0.728643
1.002,0.996789,0.003211
1.002,0.991434,0.008566
1.002,0.999481,0.000519
1.002,0.860674,0.139326
1.002,0.313729,0.686271
1.002,0.96295,0.037049
1.002,0.999938,6.2e-05
1.002,0.76382,0.23618
1.002,0.999466,0.000534
1.002,0.493823,0.506177
1.002,0.967569,0.032431
1.002,0.975872,0.024128
1.002,0.883852,0.116148
1.002,0.999935,6.5e-05
1.002,0.999924,7.6e-05
1.002,0.995602,0.004398
1.002,0.999862,0.000137
1.002,0.82137,0.17863
1.002,0.980777,0.019223
1.002,0.999976,2.4e-05
1.002,0.999146,0.000854
1.002,0.999642,0.000358
1.002,0.925266,0.074734
1.002,0.999966,3.4e-05
1.002,0.823056,0.176944
1.002,0.994079,0.005921
1.002,0.794798,0.205202
1.002,0.995353,0.004647
1.002,0.999867,0.000133
1.002,0.998906,0.001094
1.002,0.998422,0.001578
1.002,0.978266,0.021734
1.002,0.108903,0.891098
1.002,0.99925,0.00075
1.002,0.989609,0.010391
1.002,0.975074,0.024926
1.002,0.998029,0.001971
1.002,0.965286,0.034714
1.002,0.970092,0.029908
1.002,0.999101,0.000899
1.002,0.999906,9.4e-05
1.002,0.999965,3.5e-05
1.002,0.992262,0.007738
1.002,0.999971,2.9e-05
1.002,0.998251,0.001749
1.002,0.981684,0.018316
1.002,0.99021,0.00979
1.008,0.878115,0.121885
1.008,0.994893,0.005107
1.008,0.999743,0.000257
1.008,0.999972,2.8e-05
1.008,0.999406,0.000594
1.008,0.162573,0.837427
1.008,0.999369,0.000631
1.008,0.995293,0.004707
1.008,0.920821,0.079179
1.008,0.762999,0.237001
1.008,0.999943,5.7e-05
1.008,0.996042,0.003958
1.008,0.999105,0.000895
1.008,0.999212,0.000788
1.008,0.9997,0.0003
1.008,0.999641,0.000359
1.008,0.999931,6.9e-05
1.008,0.703156,0.296844
1.008,0.157362,0.842638
1.008,0.716946,0.283054
1.008,0.180849,0.819151
1.008,0.997061,0.002939
1.008,0.962404,0.037596
1.008,0.971672,0.028328
1.008,0.996927,0.003073
1.008,0.996303,0.003697
1.008,0.563035,0.436965
1.008,0.998325,0.001675
1.008,0.989115,0.010885
1.008,0.999795,0.000206
1.008,0.998895,0.001105
1.008,0.978108,0.021892
1.008,0.983201,0.016798
1.008,0.999236,0.000763
1.008,0.999905,9.5e-05
1.008,0.984886,0.015114
1.008,0.359852,0.640148
1.008,0.100197,0.899803
1.008,0.998442,0.001558
1.008,0.968298,0.031702
1.008,0.794874,0.205126
1.008,0.105012,0.894988
1.008,0.999089,0.000911
1.008,0.521702,0.478298
1.008,0.98772,0.01228
1.008,0.602964,0.397036
1.008,0.364598,0.635402
1.008,0.999779,0.000221
1.008,0.9999,1e-04
1.008,0.912925,0.087075
1.008,0.998118,0.001882
1.008,0.924243,0.075757
1.008,0.997648,0.002352
1.008,0.050031,0.949969
1.008,0.041382,0.958618
1.008,0.987288,0.012712
1.008,0.002325,0.997675
1.008,0.999488,0.000512
1.008,0.01972,0.98028
1.008,0.999959,4.1e-05
1.008,0.986634,0.013365
1.008,0.998226,0.001774
1.008,0.969025,0.030975
1.008,0.999904,9.6e-05
1.008,0.998105,0.001895
1.008,0.00584,0.99416
1.008,0.972879,0.027121
1.008,0.995528,0.004472
1.008,0.403916,0.596085
1.008,0.597551,0.402449
1.008,0.998137,0.001863
1.008,0.984014,0.015986
1.008,0.998418,0.001582
1.008,0.998674,0.001326
1.008,0.952943,0.047057
1.008,0.001416,0.998584
1.008,0.995482,0.004518
1.008,0.996445,0.003555
1.008,0.998952,0.001048
1.008,0.962273,0.037727
1.008,0.999869,0.00013
1.008,0.999943,5.7e-05
1.008,0.996424,0.003576
1.008,0.914345,0.085655
1.008,0.840032,0.159968
1.008,0.323894,0.676106
1.008,0.999969,3.1e-05
1.008,0.387946,0.612054
1.008,0.998168,0.001832
1.008,0.221453,0.778547
1.008,0.992524,0.007476
1.008,0.993811,0.006189
1.008,0.999945,5.5e-05
1.008,0.945978,0.054022
1.008,0.999745,0.000255
1.008,0.999797,0.000203
1.008,0.999955,4.5e-05
1.008,0.999889,0.000111
1.008,0.999973,2.7e-05
1.008,0.999232,0.000768
1.014,0.902167,0.097833
1.014,0.32394,0.67606
1.014,0.99885,0.00115
1.014,0.686597,0.313403
1.014,0.822914,0.177086
1.014,0.893951,0.106049
1.014,0.021668,0.978332
1.014,0.819792,0.180209
1.014,0.999805,0.000195
1.014,0.90191,0.09809
1.014,0.998546,0.001454
1.014,0.994966,0.005034
1.014,0.082113,0.917887
1.014,0.999956,4.4e-05
1.014,0.171412,0.828588
1.014,0.774224,0.225776
1.014,0.576164,0.423836
1.014,0.999911,8.9e-05
1.014,0.989924,0.010076
1.014,0.999745,0.000255
1.014,0.568183,0.431817
1.014,0.980375,0.019625
1.014,0.99344,0.00656
1.014,0.939235,0.060765
1.014,0.999787,0.000213
1.014,0.99384,0.00616
1.014,0.999228,0.000772
1.014,0.999195,0.000805
1.014,0.245404,0.754596
1.014,0.999795,0.000205
1.014,0.348218,0.651782
1.014,0.999959,4.1e-05
1.014,0.010664,0.989336
1.014,0.590997,0.409003
1.014,0.744755,0.255245
1.014,0.635911,0.364089
1.014,0.405098,0.594902
1.014,0.998156,0.001843
1.014,0.680936,0.319064
1.014,0.975597,0.024403
1.014,0.272337,0.727663
1.014,0.70015,0.29985
1.014,0.999794,0.000206
1.014,0.965537,0.034463
1.014,0.991155,0.008845
1.014,0.92477,0.07523
1.014,0.994801,0.005199
1.014,0.246279,0.753721
1.014,0.998674,0.001326
1.014,0.999955,4.5e-05
1.014,0.995099,0.004901
1.014,0.9796,0.0204
1.014,0.99954,0.00046
1.014,0.997141,0.002859
1.014,0.999877,0.000123
1.014,0.531038,0.468962
1.014,0.90599,0.09401
1.014,0.162197,0.837803
1.014,0.582288,0.417712
1.014,0.291304,0.708696
1.014,0.983439,0.016561
1.014,0.943337,0.056663
1.014,0.999946,5.4e-05
1.014,0.99977,0.00023
1.014,0.914698,0.085302
1.014,0.999847,0.000153
1.014,0.970765,0.029235
1.014,0.999982,1.8e-05
1.014,0.999482,0.000518
1.014,0.993088,0.006912
1.014,0.014001,0.985999
1.014,0.998477,0.001523
1.014,0.99993,7e-05
1.014,0.262178,0.737822
1.014,0.03568,0.96432
1.014,0.964262,0.035738
1.014,0.523411,0.476589
1.014,0.229432,0.770568
1.014,0.997101,0.002899
1.014,0.934432,0.065568
1.014,0.996909,0.003091
1.014,0.907683,0.092317
1.014,0.999956,4.4e-05
1.014,0.993572,0.006428
1.014,0.99313,0.00687
1.014,0.545771,0.454229
1.014,0.007148,0.992852
1.014,0.436226,0.563774
1.014,0.679548,0.320452
1.014,0.999963,3.7e-05
1.014,0.999438,0.000562
1.014,0.998791,0.001209
1.014,0.952919,0.047081
1.014,0.999974,2.5e-05
1.014,0.965366,0.034634
1.014,0.994671,0.005329
1.014,0.735804,0.264196
1.014,0.999109,0.000891
1.014,0.992515,0.007485
1.014,0.855288,0.144712
1.02,0.999919,8.1e-05
1.02,0.234885,0.765115
1.02,0.907931,0.092069
1.02,0.999965,3.5e-05
1.02,0.999323,0.000677
1.02,0.999745,0.000255
1.02,0.798652,0.201348
1.02,0.999935,6.5e-05
1.02,0.990773,0.009227
1.02,0.999948,5.2e-05
1.02,0.635961,0.364039
1.02,0.956975,0.043025
1.02,0.887665,0.112335
1.02,0.983879,0.016121
1.02,0.999903,9.7e-05
1.02,0.999287,0.000713
1.02,0.990598,0.009402
1.02,0.012331,0.987669
1.02,0.064366,0.935634
1.02,0.999882,0.000117
1.02,0.98906,0.01094
1.02,0.99551,0.00449
1.02,0.989892,0.010108
1.02,0.998441,0.001559
1.02,0.451483,0.548517
1.02,0.404318,0.595682
1.02,0.855445,0.144555
1.02,0.999979,2.1e-05
1.02,0.900406,0.099594
1.02,0.999946,5.4e-05
1.02,0.999962,3.9e-05
1.02,0.990696,0.009304
1.02,0.999185,0.000815
1.02,0.452003,0.547997
1.02,0.975889,0.024111
1.02,0.762056,0.237944
1.02,0.999974,2.6e-05
1.02,0.934309,0.065691
1.02,0.996949,0.003051
1.02,0.999444,0.000556
1.02,0.062504,0.937496
1.02,0.999941,5.9e-05
1.02,0.999985,1.5e-05
1.02,0.994577,0.005423
1.02,0.760389,0.239611
1.02,0.990704,0.009296
1.02,0.477339,0.522661
1.02,0.999967,3.3e-05
1.02,0.999813,0.000188
1.02,0.999704,0.000296
1.02,0.99958,0.00042
1.02,0.017666,0.982334
1.02,0.975618,0.024382
1.02,0.99989,0.00011
1.02,0.282237,0.717764
1.02,0.997233,0.002767
1.02,0.998654,0.001346
1.02,0.722398,0.277602
1.02,0.001851,0.998149
1.02,0.98167,0.018331
1.02,0.964738,0.035262
1.02,0.999267,0.000733
1.02,0.979535,0.020465
1.02,0.995435,0.004565
1.02,0.989048,0.010952
1.02,0.999952,4.8e-05
1.02,0.703953,0.296047
1.02,0.999536,0.000464
1.02,0.01756,0.98244
1.02,0.993824,0.006176
1.02,0.999972,2.8e-05
1.02,0.999988,1.2e-05
1.02,0.996793,0.003207
1.02,0.601029,0.398971
1.02,0.999753,0.000247
1.02,0.702635,0.297365
1.02,0.999931,6.9e-05
1.02,0.999832,0.000168
1.02,0.508514,0.491486
1.02,0.066662,0.933338
1.02,0.984717,0.015283
1.02,0.74779,0.25221
1.02,0.998313,0.001687
1.02,0.988974,0.011026
1.02,0.999574,0.000426
1.02,0.993054,0.006946
1.02,0.835048,0.164952
1.02,0.995684,0.004316
1.02,0.999974,2.6e-05
1.02,0.90481,0.09519
1.02,0.993653,0.006347
1.02,0.867486,0.132514
1.02,0.99921,0.00079
1.02,0.997212,0.002788
1.02,0.788885,0.211115
1.02,0.999944,5.6e-05
1.02,0.9609,0.0391
1.02,0.999983,1.7e-05
1.02,0.999663,0.000337
1.02,0.996693,0.003307
1.026,0.353894,0.646106
1.026,0.999604,0.000396
1.026,0.983523,0.016477
1.026,0.99595,0.00405
1.026,0.998615,0.001385
1.026,0.999913,8.7e-05
1.026,0.999925,7.5e-05
1.026,0.54454,0.45546
1.026,0.999768,0.000232
1.026,0.999993,7e-06
1.026,0.961972,0.038028
1.026,0.977784,0.022216
1.026,0.723718,0.276282
1.026,0.999893,0.000107
1.026,0.053259,0.946741
1.026,0.998134,0.001866
1.026,0.99991,9e-05
1.026,0.999328,0.000672
1.026,0.943231,0.056769
1.026,0.996285,0.003715
1.026,0.999477,0.000523
1.026,0.032139,0.967861
1.026,0.999986,1.4e-05
1.026,0.689021,0.310979
1.026,0.078836,0.921164
1.026,0.753518,0.246482
1.026,0.007309,0.992691
1.026,0.527332,0.472668
1.026,0.41111,0.58889
1.026,0.951502,0.048498
1.026,0.298844,0.701156
1.026,0.99846,0.00154
1.026,0.995846,0.004154
1.026,0.999942,5.8e-05
1.026,0.105315,0.894685
1.026,0.97287,0.02713
1.026,0.997588,0.002412
1.026,0.999816,0.000184
1.026,0.773154,0.226846
1.026,0.978842,0.021158
1.026,0.999864,0.000136
1.026,0.914072,0.085928
1.026,0.998802,0.001198
1.026,0.997017,0.002983
1.026,0.076957,0.923043
1.026,0.99659,0.00341
1.026,0.999866,0.000134
1.026,0.206202,0.793798
1.026,0.993982,0.006018
1.026,0.905007,0.094993
1.026,0.284198,0.715802
1.026,0.402004,0.597996
1.026,0.875598,0.124402
1.026,0.999865,0.000135
1.026,0.050476,0.949524
1.026,0.874685,0.125315
1.026,0.980712,0.019289
1.026,0.042934,0.957066
1.026,0.883646,0.116354
1.026,0.964475,0.035525
1.026,0.999956,4.3e-05
1.026,0.828237,0.171763
1.026,0.889741,0.110259
1.026,0.999911,8.9e-05
1.026,0.970474,0.029526
1.026,0.930574,0.069425
1.026,0.477776,0.522224
1.026,0.910585,0.089415
1.026,0.998504,0.001496
1.026,0.999727,0.000273
1.026,0.999623,0.000377
1.026,0.966429,0.033571
1.026,0.067755,0.932245
1.026,0.996539,0.003461
1.026,0.999501,0.000499
1.026,0.999612,0.000388
1.026,0.999422,0.000578
1.026,0.225023,0.774977
1.026,0.890294,0.109706
1.026,0.977633,0.022367
1.026,0.999955,4.5e-05
1.026,0.317718,0.682282
1.026,0.980358,0.019642
1.026,0.988569,0.011431
1.026,0.557823,0.442177
1.026,0.606502,0.393498
1.026,0.999888,0.000112
1.026,0.864666,0.135334
1.026,0.997186,0.002814
1.026,0.244801,0.755199
1.026,0.993578,0.006422
1.026,0.976769,0.023231
1.026,0.999747,0.000253
1.026,0.999574,0.000426
1.026,0.997685,0.002315
1.026,0.449023,0.550977
1.026,0.999858,0.000142
1.026,0.975581,0.024419
1.026,0.764508,0.235492
1.026,0.998718,0.001282
1.032,0.790058,0.209942
1.032,0.673369,0.326631
1.032,0.967386,0.032615
1.032,0.996817,0.003183
1.032,0.999571,0.000429
1.032,0.968883,0.031117
1.032,0.977098,0.022901
1.032,0.78407,0.21593
1.032,0.340737,0.659263
1.032,0.998353,0.001647
1.032,0.866393,0.133607
1.032,0.014454,0.985546
1.032,0.051435,0.948565
1.032,0.82898,0.17102
1.032,0.606648,0.393352
1.032,0.572985,0.427015
1.032,0.998477,0.001523
1.032,0.773495,0.226505
1.032,0.976997,0.023003
1.032,0.992077,0.007923
1.032,0.997793,0.002207
1.032,0.998799,0.001201
1.032,0.999042,0.000958
1.032,0.999452,0.000548
1.032,0.999899,0.000101
1.032,0.997465,0.002535
1.032,0.998373,0.001627
1.032,0.980813,0.019187
1.032,0.999885,0.000115
1.032,0.028056,0.971944
1.032,0.999514,0.000486
1.032,0.996221,0.003779
1.032,0.991369,0.008631
1.032,0.837059,0.162941
1.032,0.98924,0.01076
1.032,0.999645,0.000355
1.032,0.999142,0.000858
1.032,0.714556,0.285444
1.032,0.750152,0.249848
1.032,0.998323,0.001677
1.032,0.998274,0.001726
1.032,0.986263,0.013737
1.032,0.999827,0.000173
1.032,0.999491,0.000509
1.032,0.193398,0.806602
1.032,0.99995,5e-05
1.032,0.469107,0.530893
1.032,0.998267,0.001733
1.032,0.747291,0.252709
1.032,0.997674,0.002326
1.032,0.999984,1.6e-05
1.032,0.521595,0.478405
1.032,0.999884,0.000116
1.032,0.014811,0.985189
1.032,0.038914,0.961086
1.032,0.957162,0.042838
1.032,0.088688,0.911312
1.032,0.999865,0.000135
1.032,0.239039,0.760961
1.032,0.998653,0.001347
1.032,0.659624,0.340376
1.032,0.979682,0.020318
1.032,0.919354,0.080646
1.032,0.999987,1.3e-05
1.032,0.990944,0.009056
1.032,0.998975,0.001025
1.032,0.906221,0.093779
1.032,0.999582,0.000418
1.032,0.962655,0.037345
1.032,0.997875,0.002125
1.032,0.543585,0.456415
1.032,0.975197,0.024803
1.032,0.963685,0.036315
1.032,0.999974,2.6e-05
1.032,0.606801,0.393199
1.032,0.999893,0.000107
1.032,0.181648,0.818352
1.032,0.996235,0.003765
1.032,0.999916,8.4e-05
1.032,0.997032,0.002968
1.032,0.999961,3.9e-05
1.032,0.999675,0.000325
1.032,0.993868,0.006132
1.032,0.999938,6.2e-05
1.032,0.552826,0.447174
1.032,0.971324,0.028676
1.032,0.942242,0.057758
1.032,0.309316,0.690684
1.032,0.985994,0.014006
1.032,0.996658,0.003342
1.032,0.986784,0.013217
1.032,0.969888,0.030112
1.032,0.998988,0.001012
1.032,0.988663,0.011337
1.032,0.997391,0.002609
1.032,0.099319,0.900681
1.032,0.998095,0.001905
1.032,0.957419,0.042581
1.032,0.989217,0.010783
1.032,0.99701,0.00299
1.038,0.999978,2.2e-05
1.038,0.999936,6.4e-05
1.038,0.714453,0.285547
1.038,0.673099,0.3269
1.038,0.684039,0.315961
1.038,0.750918,0.249082
1.038,0.860878,0.139122
1.038,0.697008,0.302992
1.038,0.700589,0.299411
1.038,0.993969,0.006031
1.038,0.748814,0.251186
1.038,0.991818,0.008182
1.038,0.99712,0.00288
1.038,0.999195,0.000805
1.038,0.050246,0.949754
1.038,0.288644,0.711356
1.038,0.627371,0.37263
1.038,0.964265,0.035735
1.038,0.839064,0.160936
1.038,0.989564,0.010436
1.038,0.999652,0.000348
1.038,0.718757,0.281243
1.038,0.741125,0.258875
1.038,0.99992,8e-05
1.038,0.999185,0.000815
1.038,0.710075,0.289925
1.038,0.998188,0.001812
1.038,0.994168,0.005831
1.038,0.995285,0.004715
1.038,0.945922,0.054078
1.038,0.999887,0.000113
1.038,0.981778,0.018222
1.038,0.985968,0.014032
1.038,0.92169,0.07831
1.038,0.061061,0.938939
1.038,0.999984,1.7e-05
1.038,0.998152,0.001848
1.038,0.984499,0.015501
1.038,0.893882,0.106118
1.038,0.020772,0.979228
1.038,0.917813,0.082187
1.038,0.99983,0.00017
1.038,0.002022,0.997978
1.038,0.994218,0.005782
1.038,0.998726,0.001274
1.038,0.731458,0.268542
1.038,0.87418,0.12582
1.038,0.997969,0.002031
1.038,0.491628,0.508372
1.038,0.999065,0.000935
1.038,0.997754,0.002246
1.038,0.787289,0.212711
1.038,0.221944,0.778056
1.038,0.213741,0.786259
1.038,0.712733,0.287267
1.038,0.993688,0.006312
1.038,0.999868,0.000132
1.038,0.995484,0.004516
1.038,0.583868,0.416132
1.038,0.999861,0.000139
1.038,0.993396,0.006604
1.038,0.102569,0.897431
1.038,0.99305,0.00695
1.038,0.056385,0.943615
1.038,0.072949,0.927051
1.038,0.994873,0.005127
1.038,0.974833,0.025167
1.038,0.002524,0.997476
1.038,0.999739,0.000261
1.038,0.999876,0.000123
1.038,0.338671,0.661329
1.038,0.020332,0.979668
1.038,0.989984,0.010016
1.038,0.999477,0.000523
1.038,0.999616,0.000384
1.038,0.936534,0.063466
1.038,0.947716,0.052284
1.038,0.165574,0.834426
1.038,0.426185,0.573815
1.038,0.978337,0.021663
1.038,0.996777,0.003223
1.038,0.992572,0.007428
1.038,0.382996,0.617004
1.038,0.98882,0.01118
1.038,0.999942,5.8e-05
1.038,0.245131,0.754869
1.038,0.618076,0.381924
1.038,0.264178,0.735822
1.038,0.997196,0.002804
1.038,0.99942,0.00058
1.038,0.997585,0.002415
1.038,0.997065,0.002935
1.038,0.999335,0.000665
1.038,0.972347,0.027653
1.038,0.999963,3.7e-05
1.038,0.998938,0.001062
1.038,0.985463,0.014537
1.038,0.999897,0.000103
1.038,0.999787,0.000213
1.038,0.292682,0.707318
1.044,0.999824,0.000176
1.044,0.900242,0.099758
1.044,0.999952,4.8e-05
1.044,0.80126,0.19874
1.044,0.87224,0.12776
1.044,0.999727,0.000273
1.044,0.589931,0.410069
1.044,0.84775,0.15225
1.044,0.997159,0.002841
1.044,0.659263,0.340737
1.044,0.486886,0.513114
1.044,0.309553,0.690447
1.044,0.983082,0.016918
1.044,0.65559,0.34441
1.044,0.992881,0.007119
1.044,0.998359,0.001641
1.044,0.999821,0.000179
1.044,0.789678,0.210322
1.044,0.996699,0.003301
1.044,0.999198,0.000802
1.044,0.003102,0.996898
1.044,0.405808,0.594192
1.044,0.98188,0.01812
1.044,0.767086,0.232914
1.044,0.10742,0.89258
1.044,0.871378,0.128622
1.044,0.708148,0.291852
1.044,0.901893,0.098107
1.044,0.999796,0.000204
1.044,0.020324,0.979676
1.044,0.98018,0.01982
1.044,0.042366,0.957634
1.044,0.999743,0.000257
1.044,0.999656,0.000344
1.044,0.999186,0.000814
1.044,0.999833,0.000167
1.044,0.970817,0.029183
1.044,0.209182,0.790818
1.044,0.216342,0.783658
1.044,0.99984,0.00016
1.044,0.311914,0.688086
1.044,0.989537,0.010463
1.044,0.995825,0.004175
1.044,0.977322,0.022678
1.044,0.000419,0.999581
1.044,0.999846,0.000154
1.044,0.971399,0.028601
1.044,0.999907,9.3e-05
1.044,0.118175,0.881825
1.044,0.993507,0.006493
1.044,0.101721,0.898279
1.044,0.001704,0.998296
1.044,0.007252,0.992748
1.044,0.999961,3.9e-05
1.044,0.998396,0.001604
1.044,0.312626,0.687374
1.044,0.999984,1.6e-05
1.044,0.141771,0.858229
1.044,0.961164,0.038836
1.044,0.939571,0.060429
1.044,0.579202,0.420798
1.044,0.999851,0.000149
1.044,0.999837,0.000163
1.044,0.9979,0.0021
1.044,0.289931,0.710069
1.044,0.830782,0.169218
1.044,0.932834,0.067166
1.044,0.232871,0.767129
1.044,0.294708,0.705292
1.044,0.040793,0.959206
1.044,0.649067,0.350933
1.044,0.998428,0.001572
1.044,0.62339,0.37661
1.044,0.999975,2.5e-05
1.044,0.189214,0.810786
1.044,0.999632,0.000368
1.044,0.999232,0.000768
1.044,0.99871,0.00129
1.044,0.961975,0.038025
1.044,0.993832,0.006168
1.044,0.999663,0.000337
1.044,0.889249,0.110751
1.044,0.592347,0.407653
1.044,0.998843,0.001157
1.044,0.999341,0.000659
1.044,0.696732,0.303268
1.044,0.986115,0.013885
1.044,0.430106,0.569894
1.044,0.999103,0.000897
1.044,0.99961,0.00039
1.044,0.97571,0.02429
1.044,0.999945,5.5e-05
1.044,0.775321,0.224679
1.044,0.999492,0.000508
1.044,0.879549,0.120451
1.044,0.999928,7.2e-05
1.044,0.114619,0.885381
1.044,0.99963,0.00037
1.044,0.683062,0.316939
1.044,0.996178,0.003822
1.05,0.99963,0.00037
1.05,0.905501,0.094499
1.05,0.999485,0.000515
1.05,0.539556,0.460444
1.05,0.998718,0.001282
1.05,0.996415,0.003585
1.05,0.743138,0.256863
1.05,0.123876,0.876124
1.05,0.964827,0.035173
1.05,0.99718,0.00282
1.05,0.034064,0.965936
1.05,0.981586,0.018414
1.05,0.993524,0.006476
1.05,0.11892,0.88108
1.05,0.972936,0.027064
1.05,0.024382,0.975618
1.05,0.280382,0.719618
1.05,0.860848,0.139152
1.05,0.997372,0.002628
1.05,0.324717,0.675283
1.05,0.887059,0.112941
1.05,0.998225,0.001775
1.05,0.98573,0.01427
1.05,0.999815,0.000185
1.05,0.961617,0.038383
1.05,0.992042,0.007959
1.05,0.651386,0.348614
1.05,0.254289,0.745711
1.05,0.997915,0.002085
1.05,1e-04,0.9999
1.05,0.694711,0.305289
1.05,0.940624,0.059376
1.05,0.039406,0.960594
1.05,0.992365,0.007635
1.05,0.990476,0.009524
1.05,0.252583,0.747417
1.05,0.118805,0.881195
1.05,0.200991,0.799009
1.05,0.917205,0.082795
1.05,0.943122,0.056878
1.05,0.999376,0.000624
1.05,0.946941,0.053059
1.05,0.977978,0.022022
1.05,0.993174,0.006826
1.05,0.994129,0.005871
1.05,0.967675,0.032325
1.05,0.998158,0.001842
1.05,0.331623,0.668377
1.05,0.963967,0.036033
1.05,0.227021,0.772979
1.05,0.992097,0.007903
1.05,0.999962,3.8e-05
1.05,0.098191,0.901809
1.05,0.989035,0.010965
1.05,0.282064,0.717936
1.05,0.999488,0.000511
1.05,0.999975,2.5e-05
1.05,0.976328,0.023672
1.05,0.163015,0.836985
1.05,0.996215,0.003785
1.05,0.204001,0.795998
1.05,0.245993,0.754007
1.05,0.890676,0.109324
1.05,0.19174,0.80826
1.05,0.942526,0.057474
1.05,0.987116,0.012884
1.05,0.333307,0.666693
1.05,0.998523,0.001477
1.05,0.152531,0.847469
1.05,0.955813,0.044187
1.05,0.99856,0.00144
1.05,0.544822,0.455178
1.05,0.998524,0.001476
1.05,0.956144,0.043856
1.05,0.983339,0.016661
1.05,0.728535,0.271465
1.05,0.778469,0.221531
1.05,0.622404,0.377596
1.05,0.497354,0.502646
1.05,0.999832,0.000168
1.05,0.999412,0.000588
1.05,0.999556,0.000444
1.05,0.126588,0.873412
1.05,0.685308,0.314692
1.05,0.996747,0.003253
1.05,0.018292,0.981708
1.05,0.854083,0.145917
1.05,0.061651,0.938349
1.05,0.814637,0.185363
1.05,0.447396,0.552604
1.05,0.986454,0.013546
1.05,0.35091,0.64909
1.05,0.99997,3e-05
1.05,0.980499,0.019501
1.05,0.013942,0.986058
1.05,0.620656,0.379345
1.05,0.999986,1.4e-05
1.05,0.802497,0.197503
1.05,0.988514,0.011486
1.05,0.570665,0.429335
1.056,0.750866,0.249134
1.056,0.180282,0.819718
1.056,0.997773,0.002227
1.056,0.999071,0.000929
1.056,0.055807,0.944193
1.056,0.855265,0.144735
1.056,0.999788,0.000212
1.056,0.999855,0.000145
1.056,0.149962,0.850038
1.056,0.342827,0.657173
1.056,0.25319,0.74681
1.056,0.931815,0.068185
1.056,0.797082,0.202918
1.056,0.326946,0.673054
1.056,0.284165,0.715835
1.056,0.73208,0.26792
1.056,0.621111,0.378889
1.056,0.997329,0.002671
1.056,0.075741,0.924259
1.056,0.883834,0.116166
1.056,0.997737,0.002263
1.056,0.015065,0.984935
1.056,0.33871,0.66129
1.056,0.998954,0.001046
1.056,0.989541,0.010459
1.056,0.435049,0.564951
1.056,0.108787,0.891213
1.056,0.999968,3.1e-05
1.056,0.936326,0.063674
1.056,0.466447,0.533553
1.056,0.996144,0.003856
1.056,0.998555,0.001445
1.056,0.847572,0.152428
1.056,0.632478,0.367522
1.056,0.941429,0.058571
1.056,0.084841,0.915159
1.056,0.973572,0.026428
1.056,0.317596,0.682404
1.056,0.789778,0.210221
1.056,0.88034,0.11966
1.056,0.75418,0.24582
1.056,0.974967,0.025033
1.056,0.990203,0.009797
1.056,0.9991,0.0009
1.056,0.89247,0.10753
1.056,0.99958,0.000421
1.056,0.958889,0.041111
1.056,0.990504,0.009496
1.056,0.944917,0.055083
1.056,0.432033,0.567967
1.056,0.635708,0.364292
1.056,0.2847,0.7153
1.056,0.998403,0.001598
1.056,0.993546,0.006454
1.056,0.0005,0.9995
1.056,0.974619,0.025381
1.056,0.035236,0.964764
1.056,0.999754,0.000246
1.056,0.999876,0.000124
1.056,0.932112,0.067888
1.056,0.999135,0.000865
1.056,0.037663,0.962337
1.056,0.163358,0.836642
1.056,0.799583,0.200417
1.056,0.055883,0.944117
1.056,0.993708,0.006292
1.056,0.97177,0.02823
1.056,0.25201,0.74799
1.056,0.858214,0.141786
1.056,0.998578,0.001422
1.056,0.993682,0.006318
1.056,0.999913,8.7e-05
1.056,0.103062,0.896938
1.056,0.196991,0.803009
1.056,0.033083,0.966917
1.056,0.998641,0.001359
1.056,0.976554,0.023446
1.056,0.938613,0.061387
1.056,0.962969,0.037031
1.056,0.196526,0.803474
1.056,0.999545,0.000455
1.056,0.037975,0.962025
1.056,0.867786,0.132214
1.056,0.999863,0.000137
1.056,0.002936,0.997064
1.056,0.498947,0.501053
1.056,0.177558,0.822442
1.056,0.238695,0.761305
1.056,0.351066,0.648934
1.056,0.799965,0.200035
1.056,0.969097,0.030903
1.056,0.582379,0.417621
1.056,0.995395,0.004605
1.056,0.604137,0.395863
1.056,0.360051,0.639949
1.056,0.077657,0.922343
1.056,0.25594,0.74406
1.056,0.926025,0.073975
1.056,0.986614,0.013386
1.056,0.1892,0.8108
1.062,0.999917,8.3e-05
1.062,0.987329,0.012671
1.062,0.030006,0.969994
1.062,0.942175,0.057825
1.062,0.889894,0.110106
1.062,0.998276,0.001724
1.062,0.999696,0.000304
1.062,0.164085,0.835915
1.062,0.100062,0.899938
1.062,0.842608,0.157392
1.062,0.895816,0.104184
1.062,0.095244,0.904756
1.062,0.014351,0.985649
1.062,0.989746,0.010254
1.062,0.871967,0.128033
1.062,0.89909,0.10091
1.062,0.992379,0.007621
1.062,0.998108,0.001891
1.062,0.660945,0.339055
1.062,0.968809,0.031191
1.062,0.954356,0.045644
1.062,0.998212,0.001789
1.062,0.003277,0.996724
1.062,0.580765,0.419235
1.062,0.913936,0.086064
1.062,0.999865,0.000135
1.062,0.105201,0.894799
1.062,0.940217,0.059783
1.062,0.925657,0.074343
1.062,0.390143,0.609857
1.062,0.233415,0.766585
1.062,0.999874,0.000126
1.062,0.733067,0.266933
1.062,0.649934,0.350066
1.062,0.995322,0.004678
1.062,0.860279,0.139721
1.062,0.080581,0.919418
1.062,0.147972,0.852028
1.062,0.98616,0.01384
1.062,0.993305,0.006695
1.062,0.656669,0.343331
1.062,0.646352,0.353648
1.062,0.04462,0.95538
1.062,0.993378,0.006622
1.062,0.973184,0.026816
1.062,0.557773,0.442227
1.062,0.040265,0.959735
1.062,0.014013,0.985988
1.062,0.999964,3.6e-05
1.062,0.998908,0.001092
1.062,0.906268,0.093732
1.062,0.450826,0.549175
1.062,0.999979,2.1e-05
1.062,0.056422,0.943578
1.062,0.99545,0.00455
1.062,0.543126,0.456874
1.062,0.023567,0.976432
1.062,0.968907,0.031093
1.062,0.070136,0.929864
1.062,0.999908,9.2e-05
1.062,0.373564,0.626436
1.062,0.004889,0.995111
1.062,0.987143,0.012857
1.062,0.779754,0.220246
1.062,0.925141,0.074859
1.062,0.975957,0.024043
1.062,0.998804,0.001196
1.062,0.726874,0.273126
1.062,0.993285,0.006715
1.062,0.847884,0.152116
1.062,0.900338,0.099662
1.062,0.117787,0.882213
1.062,0.978056,0.021944
1.062,0.999019,0.000981
1.062,0.995125,0.004875
1.062,0.913744,0.086256
1.062,0.988976,0.011024
1.062,0.681158,0.318842
1.062,0.896099,0.103901
1.062,0.714153,0.285847
1.062,0.984488,0.015512
1.062,0.99412,0.00588
1.062,0.055352,0.944648
1.062,0.991604,0.008396
1.062,0.078697,0.921303
1.062,0.999609,0.000391
1.062,0.790348,0.209652
1.062,0.475048,0.524952
1.062,0.99844,0.00156
1.062,0.285362,0.714638
1.062,0.996378,0.003622
1.062,0.174392,0.825608
1.062,0.949845,0.050155
1.062,0.660158,0.339842
1.062,0.999896,0.000104
1.062,0.999948,5.2e-05
1.062,0.935098,0.064902
1.062,0.000697,0.999303
1.062,0.995973,0.004027
1.062,0.399688,0.600312
1.068,0.999843,0.000157
1.068,0.568065,0.431935
1.068,0.995754,0.004246
1.068,0.884162,0.115838
1.068,0.999907,9.3e-05
1.068,0.999984,1.6e-05
1.068,0.247164,0.752836
1.068,0.733194,0.266805
1.068,0.999977,2.3e-05
1.068,0.989527,0.010473
1.068,0.290218,0.709782
1.068,0.988483,0.011517
1.068,0.975867,0.024133
1.068,0.088481,0.911519
1.068,0.816125,0.183875
1.068,0.960629,0.039371
1.068,0.800421,0.199579
1.068,0.998319,0.001681
1.068,0.855577,0.144423
1.068,0.998773,0.001227
1.068,0.997561,0.002439
1.068,0.993292,0.006708
1.068,0.98903,0.01097
1.068,0.619275,0.380725
1.068,0.999952,4.8e-05
1.068,0.995802,0.004198
1.068,0.029307,0.970693
1.068,0.986558,0.013442
1.068,0.996588,0.003412
1.068,0.998394,0.001606
1.068,0.032284,0.967716
1.068,0.035041,0.964959
1.068,0.213052,0.786948
1.068,0.975624,0.024376
1.068,0.990982,0.009018
1.068,0.993067,0.006933
1.068,0.991574,0.008426
1.068,0.864885,0.135115
1.068,0.750025,0.249975
1.068,0.76996,0.23004
1.068,0.372848,0.627152
1.068,0.476078,0.523922
1.068,0.982678,0.017322
1.068,0.237908,0.762092
1.068,0.176191,0.823809
1.068,0.973965,0.026035
1.068,0.999778,0.000222
1.068,0.995602,0.004398
1.068,0.171575,0.828425
1.068,0.27947,0.72053
1.068,0.945684,0.054316
1.068,0.999875,0.000125
1.068,0.115625,0.884375
1.068,0.99975,0.00025
1.068,0.955303,0.044697
1.068,0.779651,0.220349
1.068,0.956071,0.043929
1.068,0.98359,0.01641
1.068,0.994187,0.005813
1.068,0.014515,0.985485
1.068,0.995312,0.004688
1.068,0.999954,4.6e-05
1.068,0.999547,0.000453
1.068,0.963641,0.036359
1.068,0.989134,0.010867
1.068,0.993915,0.006085
1.068,0.090998,0.909003
1.068,0.662021,0.337979
1.068,0.217246,0.782754
1.068,0.356828,0.643172
1.068,0.194366,0.805634
1.068,0.999679,0.000321
1.068,0.968194,0.031806
1.068,0.560597,0.439403
1.068,0.375297,0.624703
1.068,0.998427,0.001573
1.068,0.834394,0.165606
1.068,0.548513,0.451487
1.068,0.978669,0.021331
1.068,0.003643,0.996357
1.068,0.753383,0.246617
1.068,0.99257,0.00743
1.068,0.869366,0.130634
1.068,0.003144,0.996856
1.068,0.998562,0.001438
1.068,0.95009,0.04991
1.068,0.008016,0.991984
1.068,0.109187,0.890813
1.068,0.963103,0.036897
1.068,0.948006,0.051994
1.068,0.997413,0.002587
1.068,0.65349,0.34651
1.068,0.995828,0.004172
1.068,0.98422,0.01578
1.068,0.788099,0.2119
1.068,0.999035,0.000965
1.068,0.999877,0.000123
1.068,0.939479,0.060521
1.068,0.999246,0.000754
1.068,0.817111,0.182889
1.074,0.999511,0.000489
1.074,0.806767,0.193233
1.074,0.016723,0.983277
1.074,0.299817,0.700183
1.074,0.154783,0.845217
1.074,0.841728,0.158272
1.074,0.1593,0.8407
1.074,0.993446,0.006554
1.074,0.33812,0.66188
1.074,0.98577,0.01423
1.074,0.00677,0.99323
1.074,0.869266,0.130734
1.074,0.992965,0.007034
1.074,0.021103,0.978897
1.074,0.867109,0.132891
1.074,0.290726,0.709274
1.074,0.039202,0.960798
1.074,0.823453,0.176547
1.074,0.532934,0.467067
1.074,0.400178,0.599822
1.074,0.964576,0.035424
1.074,0.983573,0.016427
1.074,0.139198,0.860802
1.074,0.998702,0.001298
1.074,0.92661,0.07339
1.074,0.975854,0.024146
1.074,0.91595,0.08405
1.074,0.246353,0.753647
1.074,0.974678,0.025322
1.074,0.793366,0.206634
1.074,0.516232,0.483768
1.074,0.183915,0.816085
1.074,0.996279,0.003721
1.074,0.993179,0.006821
1.074,0.043682,0.956318
1.074,0.999702,0.000298
1.074,0.189686,0.810314
1.074,0.775901,0.224099
1.074,0.66928,0.33072
1.074,0.965793,0.034207
1.074,0.991321,0.008679
1.074,0.96347,0.03653
1.074,0.806727,0.193273
1.074,0.998382,0.001618
1.074,0.999301,0.000699
1.074,0.944842,0.055158
1.074,0.999062,0.000938
1.074,0.994514,0.005486
1.074,0.878959,0.121041
1.074,0.110528,0.889472
1.074,0.990961,0.009039
1.074,0.968388,0.031613
1.074,0.988736,0.011264
1.074,0.994227,0.005773
1.074,0.560869,0.439131
1.074,0.134538,0.865462
1.074,0.99992,8e-05
1.074,0.99767,0.00233
1.074,0.86541,0.13459
1.074,0.876271,0.123729
1.074,0.847128,0.152872
1.074,0.989972,0.010027
1.074,0.653819,0.346181
1.074,0.919342,0.080658
1.074,0.9747,0.025299
1.074,0.144083,0.855917
1.074,0.237698,0.762302
1.074,0.250687,0.749313
1.074,0.138769,0.861231
1.074,0.999495,0.000505
1.074,0.991386,0.008614
1.074,0.531975,0.468025
1.074,0.3925,0.6075
1.074,0.98648,0.01352
1.074,0.999506,0.000494
1.074,0.999457,0.000543
1.074,0.763889,0.236111
1.074,0.552919,0.447081
1.074,0.954698,0.045302
1.074,0.13831,0.86169
1.074,0.975639,0.024361
1.074,0.035466,0.964534
1.074,0.920726,0.079274
1.074,0.994012,0.005988
1.074,0.999857,0.000143
1.074,0.183817,0.816183
1.074,0.752537,0.247463
1.074,0.993904,0.006096
1.074,0.974853,0.025147
1.074,0.991694,0.008306
1.074,0.66819,0.33181
1.074,0.977693,0.022306
1.074,0.019847,0.980153
1.074,0.412563,0.587437
1.074,0.884841,0.115159
1.074,0.807094,0.192906
1.074,0.99925,0.00075
1.074,0.150345,0.849655
1.074,0.992778,0.007222
1.074,0.999991,9e-06
1.08,0.422465,0.577535
1.08,0.99088,0.00912
1.08,0.999034,0.000966
1.08,0.999965,3.5e-05
1.08,0.034891,0.965109
1.08,0.189978,0.810022
1.08,0.502257,0.497743
1.08,0.007383,0.992617
1.08,0.78296,0.21704
1.08,0.33086,0.66914
1.08,0.176229,0.823772
1.08,0.460231,0.539769
1.08,0.994833,0.005167
1.08,0.087216,0.912784
1.08,0.001528,0.998472
1.08,0.019167,0.980833
1.08,0.986047,0.013953
1.08,0.687902,0.312097
1.08,0.986508,0.013493
1.08,0.004648,0.995352
1.08,0.154693,0.845307
1.08,0.811946,0.188054
1.08,0.999978,2.2e-05
1.08,0.191108,0.808892
1.08,0.003927,0.996073
1.08,0.004053,0.995948
1.08,0.497039,0.502961
1.08,0.693719,0.306281
1.08,0.982352,0.017648
1.08,0.99981,0.00019
1.08,0.987546,0.012454
1.08,0.342225,0.657775
1.08,0.17522,0.82478
1.08,0.879432,0.120568
1.08,0.998296,0.001704
1.08,0.2053,0.7947
1.08,0.999967,3.3e-05
1.08,0.994932,0.005068
1.08,0.279647,0.720353
1.08,0.269895,0.730105
1.08,0.890857,0.109143
1.08,0.91909,0.08091
1.08,0.991598,0.008402
1.08,0.833109,0.166892
1.08,0.001217,0.998783
1.08,0.982063,0.017937
1.08,0.550336,0.449664
1.08,0.972639,0.027361
1.08,0.061116,0.938884
1.08,0.24921,0.75079
1.08,0.991513,0.008487
1.08,0.037398,0.962602
1.08,0.622372,0.377628
1.08,0.304396,0.695604
1.08,0.148592,0.851408
1.08,0.997369,0.002631
1.08,0.230369,0.769631
1.08,0.018476,0.981524
1.08,0.530877,0.469123
1.08,0.998144,0.001856
1.08,0.999916,8.4e-05
1.08,0.974422,0.025578
1.08,0.908474,0.091526
1.08,0.998634,0.001365
1.08,0.161105,0.838895
1.08,0.28816,0.71184
1.08,0.629971,0.370029
1.08,0.055288,0.944712
1.08,0.999934,6.6e-05
1.08,0.001753,0.998247
1.08,0.936307,0.063693
1.08,0.42175,0.57825
1.08,0.960078,0.039922
1.08,0.762435,0.237565
1.08,0.785111,0.214889
1.08,9.3e-05,0.999907
1.08,0.962388,0.037612
1.08,0.559016,0.440984
1.08,0.425258,0.574742
1.08,0.102944,0.897056
1.08,0.083151,0.916849
1.08,0.729218,0.270782
1.08,0.732468,0.267532
1.08,0.016106,0.983894
1.08,0.995836,0.004164
1.08,0.774467,0.225533
1.08,0.517191,0.482809
1.08,0.990033,0.009967
1.08,0.000999,0.999001
1.08,0.998831,0.001169
1.08,0.999729,0.000271
1.08,0.995298,0.004702
1.08,0.884642,0.115358
1.08,0.593235,0.406765
1.08,0.872939,0.127061
1.08,0.970029,0.029971
1.08,0.994978,0.005022
1.08,0.99858,0.00142
1.08,0.999384,0.000616
1.08,0.983019,0.016981
1.086,0.007245,0.992755
1.086,0.075127,0.924873
1.086,0.047801,0.952199
1.086,0.936731,0.063269
1.086,0.641704,0.358296
1.086,0.999824,0.000176
1.086,0.206896,0.793104
1.086,0.377323,0.622677
1.086,0.977856,0.022144
1.086,0.034753,0.965247
1.086,0.789837,0.210163
1.086,0.087073,0.912927
1.086,0.018481,0.981519
1.086,0.008766,0.991234
1.086,0.103209,0.896791
1.086,0.126872,0.873128
1.086,0.99911,0.00089
1.086,0.007938,0.992062
1.086,0.650327,0.349673
1.086,0.811972,0.188028
1.086,0.010939,0.989061
1.086,0.005441,0.994559
1.086,0.994276,0.005724
1.086,0.946737,0.053263
1.086,0.96103,0.03897
1.086,0.099863,0.900138
1.086,0.867866,0.132134
1.086,0.006882,0.993118
1.086,0.003818,0.996182
1.086,0.153513,0.846487
1.086,0.024598,0.975402
1.086,0.805619,0.194381
1.086,0.706855,0.293145
1.086,0.766606,0.233394
1.086,0.772203,0.227797
1.086,0.9971,0.0029
1.086,0.999163,0.000837
1.086,0.021068,0.978932
1.086,0.997776,0.002224
1.086,0.205696,0.794304
1.086,0.090703,0.909297
1.086,0.80544,0.194559
1.086,0.672151,0.327849
1.086,0.121617,0.878383
1.086,0.800011,0.199989
1.086,0.999937,6.3e-05
1.086,0.117343,0.882657
1.086,0.985289,0.014711
1.086,0.931774,0.068226
1.086,0.292671,0.707329
1.086,0.994558,0.005442
1.086,0.030816,0.969184
1.086,0.269904,0.730096
1.086,0.205073,0.794927
1.086,0.086842,0.913158
1.086,0.999796,0.000204
1.086,0.162066,0.837934
1.086,0.502062,0.497939
1.086,0.999338,0.000662
1.086,0.664718,0.335282
1.086,0.992145,0.007855
1.086,0.25358,0.74642
1.086,0.78148,0.21852
1.086,0.997709,0.002291
1.086,0.999187,0.000813
1.086,0.878989,0.121011
1.086,0.758541,0.241459
1.086,0.999372,0.000628
1.086,0.019432,0.980568
1.086,0.039977,0.960023
1.086,0.27056,0.72944
1.086,0.991327,0.008673
1.086,0.991557,0.008443
1.086,0.998972,0.001028
1.086,0.209275,0.790725
1.086,0.999266,0.000734
1.086,0.950984,0.049016
1.086,0.411452,0.588548
1.086,0.137397,0.862603
1.086,0.033282,0.966718
1.086,0.978028,0.021972
1.086,0.957794,0.042206
1.086,0.013323,0.986677
1.086,0.471608,0.528392
1.086,0.999676,0.000324
1.086,0.001695,0.998305
1.086,0.997398,0.002602
1.086,0.995876,0.004124
1.086,0.998409,0.001591
1.086,0.99198,0.00802
1.086,0.083733,0.916267
1.086,0.881373,0.118627
1.086,0.795104,0.204896
1.086,0.226706,0.773294
1.086,0.051272,0.948728
1.086,0.028454,0.971546
1.086,0.976772,0.023228
1.086,0.01951,0.98049
1.086,0.986554,0.013446
1.086,0.623221,0.376779
1.092,0.931398,0.068602
1.092,0.966204,0.033796
1.092,0.876845,0.123155
1.092,0.054041,0.945959
1.092,0.961388,0.038612
1.092,0.029891,0.970109
1.092,0.040416,0.959584
1.092,0.017128,0.982872
1.092,0.000904,0.999096
1.092,0.123877,0.876123
1.092,0.254372,0.745628
1.092,0.505981,0.494019
1.092,0.997736,0.002264
1.092,0.153592,0.846408
1.092,0.961651,0.038349
1.092,0.329139,0.670861
1.092,0.999851,0.000149
1.092,0.987861,0.012139
1.092,0.017543,0.982457
1.092,0.879555,0.120445
1.092,0.151669,0.848331
1.092,0.161961,0.838039
1.092,0.181609,0.818391
1.092,0.955099,0.044901
1.092,0.997193,0.002807
1.092,0.961117,0.038883
1.092,0.023312,0.976688
1.092,0.289119,0.710881
1.092,0.04306,0.956939
1.092,0.046676,0.953324
1.092,0.511015,0.488985
1.092,0.959977,0.040023
1.092,0.016314,0.983686
1.092,0.006511,0.993489
1.092,0.723292,0.276708
1.092,0.970195,0.029805
1.092,0.997832,0.002168
1.092,0.999931,6.9e-05
1.092,0.013344,0.986656
1.092,0.973676,0.026324
1.092,0.374647,0.625353
1.092,0.059535,0.940465
1.092,0.057522,0.942478
1.092,0.279121,0.720879
1.092,0.00483,0.99517
1.092,0.715418,0.284582
1.092,0.996837,0.003163
1.092,0.001044,0.998956
1.092,0.010748,0.989252
1.092,0.955605,0.044395
1.092,0.557274,0.442726
1.092,0.93287,0.06713
1.092,0.999778,0.000222
1.092,0.999549,0.000451
1.092,0.982812,0.017188
1.092,0.935365,0.064635
1.092,0.99353,0.00647
1.092,0.53067,0.46933
1.092,0.984133,0.015867
1.092,0.008943,0.991057
1.092,0.018874,0.981126
1.092,0.181433,0.818567
1.092,0.069286,0.930714
1.092,0.995554,0.004446
1.092,0.781536,0.218464
1.092,0.975715,0.024285
1.092,0.991857,0.008143
1.092,0.993852,0.006148
1.092,0.999536,0.000464
1.092,0.030855,0.969145
1.092,0.009977,0.990024
1.092,0.749803,0.250197
1.092,0.176132,0.823868
1.092,0.000399,0.999601
1.092,0.004979,0.99502
1.092,0.496586,0.503414
1.092,0.478913,0.521087
1.092,0.988191,0.011809
1.092,0.416288,0.583712
1.092,0.802023,0.197977
1.092,0.050925,0.949075
1.092,0.96154,0.03846
1.092,0.934866,0.065134
1.092,0.184522,0.815478
1.092,0.882877,0.117123
1.092,0.830962,0.169038
1.092,0.160204,0.839796
1.092,0.986735,0.013265
1.092,0.307008,0.692992
1.092,0.788208,0.211792
1.092,0.826678,0.173322
1.092,0.555814,0.444186
1.092,0.996648,0.003352
1.092,0.216324,0.783676
1.092,0.993467,0.006533
1.092,0.993956,0.006044
1.092,0.159555,0.840445
1.092,0.995079,0.004921
1.092,0.859952,0.140048
1.092,0.116681,0.883319
1.098,0.972348,0.027651
1.098,0.996464,0.003536
1.098,0.878139,0.121861
1.098,0.97264,0.02736
1.098,0.606265,0.393736
1.098,0.105181,0.894819
1.098,0.532325,0.467675
1.098,0.275588,0.724412
1.098,0.362095,0.637905
1.098,0.895598,0.104402
1.098,0.9953,0.0047
1.098,0.058078,0.941922
1.098,0.280466,0.719534
1.098,0.713605,0.286395
1.098,0.577606,0.422394
1.098,0.075059,0.924941
1.098,0.067771,0.932229
1.098,0.987854,0.012147
1.098,0.734054,0.265946
1.098,0.773317,0.226683
1.098,0.984343,0.015657
1.098,0.138532,0.861468
1.098,0.012227,0.987773
1.098,0.630117,0.369883
1.098,0.003695,0.996305
1.098,0.924398,0.075602
1.098,0.147624,0.852376
1.098,0.004517,0.995483
1.098,0.87772,0.12228
1.098,0.041316,0.958684
1.098,0.267283,0.732717
1.098,0.981574,0.018426
1.098,0.307342,0.692658
1.098,0.974248,0.025752
1.098,0.094628,0.905372
1.098,0.199068,0.800932
1.098,0.236432,0.763568
1.098,0.999561,0.000439
1.098,0.011239,0.988761
1.098,0.560306,0.439694
1.098,0.19499,0.80501
1.098,0.530536,0.469464
1.098,0.440537,0.559463
1.098,0.996259,0.003741
1.098,0.954293,0.045707
1.098,0.917139,0.082861
1.098,0.52684,0.47316
1.098,0.007922,0.992078
1.098,0.052499,0.9475
1.098,0.142581,0.857419
1.098,0.983877,0.016123
1.098,0.958223,0.041777
1.098,0.027404,0.972596
1.098,0.997562,0.002438
1.098,0.62728,0.37272
1.098,0.014299,0.985701
1.098,0.277169,0.722831
1.098,0.543166,0.456834
1.098,0.471845,0.528155
1.098,0.635706,0.364294
1.098,0.999388,0.000612
1.098,0.999631,0.000369
1.098,0.016221,0.983779
1.098,0.082921,0.917079
1.098,0.465639,0.534361
1.098,0.796783,0.203217
1.098,0.007073,0.992927
1.098,0.994524,0.005476
1.098,0.209211,0.790789
1.098,0.01074,0.98926
1.098,0.001711,0.998289
1.098,0.633176,0.366824
1.098,0.731437,0.268563
1.098,0.368566,0.631434
1.098,0.70472,0.29528
1.098,0.196751,0.803249
1.098,0.992144,0.007855
1.098,0.947452,0.052548
1.098,0.000661,0.999339
1.098,0.981528,0.018472
1.098,0.937873,0.062127
1.098,0.972257,0.027743
1.098,0.969398,0.030602
1.098,0.009495,0.990505
1.098,0.897982,0.102018
1.098,0.985185,0.014814
1.098,0.004293,0.995707
1.098,0.006461,0.993539
1.098,0.029161,0.970839
1.098,0.004918,0.995082
1.098,0.018302,0.981698
1.098,0.16324,0.83676
1.098,0.211497,0.788503
1.098,0.804679,0.195321
1.098,0.999472,0.000528
1.098,0.03915,0.96085
1.098,0.291501,0.708499
1.098,0.999807,0.000193
1.098,0.611912,0.388088
1.098,0.330808,0.669192
1.105,0.971539,0.028461
1.105,0.015221,0.984779
1.105,0.459904,0.540096
1.105,0.999881,0.000119
1.105,0.95176,0.04824
1.105,0.826655,0.173345
1.105,0.000278,0.999722
1.105,0.738457,0.261543
1.105,0.998767,0.001233
1.105,0.551667,0.448333
1.105,0.747634,0.252366
1.105,0.464899,0.535101
1.105,0.034101,0.965899
1.105,0.516008,0.483992
1.105,0.030445,0.969555
1.105,0.99638,0.00362
1.105,0.089273,0.910727
1.105,0.015248,0.984752
1.105,0.052001,0.947999
1.105,0.93668,0.06332
1.105,0.843078,0.156922
1.105,0.245551,0.754449
1.105,0.430615,0.569385
1.105,0.917179,0.082821
1.105,0.392806,0.607194
1.105,0.171276,0.828724
1.105,0.465285,0.534715
1.105,0.813377,0.186623
1.105,0.083252,0.916748
1.105,0.673724,0.326276
1.105,0.881353,0.118647
1.105,0.091,0.909
1.105,0.267255,0.732745
1.105,0.514068,0.485932
1.105,0.01911,0.98089
1.105,0.786734,0.213266
1.105,0.758984,0.241016
1.105,0.073196,0.926804
1.105,0.088402,0.911598
1.105,0.026159,0.973841
1.105,0.059507,0.940493
1.105,0.999027,0.000973
1.105,0.774568,0.225432
1.105,0.191241,0.808759
1.105,0.231991,0.768009
1.105,0.081672,0.918328
1.105,0.996208,0.003793
1.105,0.079881,0.920119
1.105,0.278876,0.721124
1.105,0.078803,0.921197
1.105,0.930817,0.069183
1.105,0.793417,0.206583
1.105,0.931643,0.068357
1.105,0.201262,0.798738
1.105,0.881749,0.118251
1.105,0.985972,0.014028
1.105,0.006355,0.993645
1.105,0.019464,0.980536
1.105,0.969065,0.030935
1.105,0.073683,0.926316
1.105,0.944479,0.055521
1.105,0.86867,0.13133
1.105,0.922626,0.077374
1.105,0.010025,0.989975
1.105,0.86073,0.13927
1.105,0.851673,0.148327
1.105,0.956314,0.043686
1.105,0.104382,0.895618
1.105,0.745167,0.254833
1.105,0.07315,0.92685
1.105,0.998992,0.001008
1.105,0.983325,0.016675
1.105,0.512063,0.487937
1.105,0.999972,2.8e-05
1.105,0.000651,0.999349
1.105,0.371367,0.628633
1.105,0.167901,0.832099
1.105,0.334922,0.665078
1.105,0.137585,0.862415
1.105,0.338517,0.661483
1.105,0.87508,0.12492
1.105,0.997916,0.002084
1.105,0.002506,0.997494
1.105,0.010799,0.989201
1.105,0.935945,0.064055
1.105,0.004281,0.995719
1.105,0.039586,0.960414
1.105,0.024652,0.975348
1.105,0.571122,0.428878
1.105,0.698767,0.301233
1.105,0.037431,0.962569
1.105,0.737848,0.262152
1.105,0.718007,0.281993
1.105,0.252382,0.747618
1.105,0.009152,0.990848
1.105,0.246326,0.753674
1.105,0.916037,0.083963
1.105,0.599373,0.400627
1.105,0.327848,0.672152
1.105,0.077041,0.922959
1.111,0.015407,0.984593
1.111,0.11786,0.88214
1.111,0.214619,0.785381
1.111,0.904973,0.095027
1.111,0.688461,0.311539
1.111,0.008468,0.991532
1.111,0.009208,0.990792
1.111,0.488756,0.511244
1.111,0.990652,0.009348
1.111,0.070421,0.929579
1.111,0.000733,0.999267
1.111,0.116206,0.883794
1.111,0.993576,0.006424
1.111,0.135446,0.864554
1.111,0.898951,0.101049
1.111,0.998172,0.001828
1.111,0.463629,0.53637
1.111,0.416995,0.583005
1.111,0.000158,0.999842
1.111,0.985238,0.014762
1.111,0.985019,0.014981
1.111,0.011749,0.988251
1.111,0.953319,0.046681
1.111,0.995157,0.004843
1.111,0.970274,0.029726
1.111,0.686363,0.313637
1.111,0.065416,0.934584
1.111,0.987453,0.012547
1.111,0.686472,0.313528
1.111,0.000514,0.999486
1.111,0.006155,0.993845
1.111,0.053297,0.946704
1.111,0.0012,0.9988
1.111,0.123576,0.876424
1.111,0.00944,0.99056
1.111,0.780137,0.219863
1.111,0.763152,0.236848
1.111,0.968579,0.031421
1.111,0.063351,0.936649
1.111,0.950959,0.049041
1.111,0.803339,0.196661
1.111,0.975186,0.024814
1.111,0.903562,0.096438
1.111,0.898645,0.101355
1.111,0.970525,0.029475
1.111,0.591167,0.408833
1.111,0.980498,0.019502
1.111,0.042612,0.957388
1.111,0.379092,0.620908
1.111,0.887307,0.112693
1.111,0.003549,0.996451
1.111,0.433288,0.566711
1.111,0.418347,0.581653
1.111,0.971485,0.028515
1.111,0.002404,0.997596
1.111,0.995518,0.004482
1.111,0.663995,0.336005
1.111,0.007558,0.992442
1.111,0.000951,0.999048
1.111,0.012076,0.987924
1.111,0.926448,0.073552
1.111,0.307045,0.692955
1.111,0.467874,0.532126
1.111,0.788847,0.211153
1.111,0.001205,0.998795
1.111,0.051143,0.948858
1.111,0.931122,0.068878
1.111,0.95929,0.04071
1.111,0.186965,0.813035
1.111,0.012045,0.987955
1.111,0.552843,0.447157
1.111,0.463138,0.536862
1.111,0.32357,0.67643
1.111,0.14195,0.85805
1.111,0.941261,0.058739
1.111,0.689264,0.310736
1.111,0.994239,0.005761
1.111,0.025481,0.974519
1.111,0.128251,0.871749
1.111,0.950252,0.049748
1.111,0.092268,0.907732
1.111,0.099351,0.900649
1.111,0.973368,0.026632
1.111,0.973662,0.026338
1.111,0.089299,0.910701
1.111,0.00947,0.99053
1.111,0.814835,0.185165
1.111,0.013895,0.986106
1.111,0.039026,0.960974
1.111,0.055381,0.944619
1.111,0.092802,0.907198
1.111,0.421281,0.578719
1.111,0.707168,0.292832
1.111,0.054102,0.945898
1.111,0.0118,0.9882
1.111,0.099944,0.900056
1.111,0.287247,0.712753
1.111,0.625395,0.374605
1.111,0.201353,0.798647
1.111,0.050262,0.949738
1.117,0.001989,0.998011
1.117,0.260518,0.739482
1.117,0.72252,0.27748
1.117,0.098919,0.901081
1.117,0.076608,0.923392
1.117,0.999687,0.000313
1.117,0.992226,0.007774
1.117,0.999507,0.000493
1.117,0.007394,0.992606
1.117,0.241313,0.758688
1.117,0.007463,0.992537
1.117,0.181799,0.818202
1.117,0.07015,0.92985
1.117,0.330091,0.669909
1.117,0.064709,0.935291
1.117,0.08122,0.91878
1.117,0.862002,0.137998
1.117,0.010269,0.989731
1.117,0.001634,0.998366
1.117,0.109292,0.890708
1.117,0.103485,0.896515
1.117,0.10948,0.89052
1.117,0.42883,0.57117
1.117,0.702234,0.297766
1.117,0.719546,0.280454
1.117,0.178654,0.821346
1.117,0.179292,0.820708
1.117,0.950754,0.049246
1.117,0.001398,0.998602
1.117,0.691234,0.308766
1.117,0.107769,0.892231
1.117,0.770678,0.229322
1.117,0.00614,0.99386
1.117,0.114263,0.885737
1.117,0.000336,0.999664
1.117,0.008838,0.991162
1.117,0.002242,0.997758
1.117,0.024391,0.975608
1.117,0.979488,0.020512
1.117,0.338458,0.661542
1.117,0.453136,0.546864
1.117,0.955683,0.044317
1.117,0.018052,0.981948
1.117,0.242784,0.757216
1.117,0.832896,0.167104
1.117,0.426149,0.573851
1.117,0.557277,0.442723
1.117,0.620923,0.379077
1.117,0.199662,0.800338
1.117,0.036005,0.963995
1.117,0.825367,0.174633
1.117,0.002095,0.997905
1.117,0.603648,0.396352
1.117,0.994618,0.005382
1.117,0.041343,0.958657
1.117,0.011765,0.988236
1.117,0.013085,0.986915
1.117,0.490697,0.509303
1.117,0.046175,0.953825
1.117,0.354123,0.645877
1.117,0.001388,0.998612
1.117,0.178146,0.821854
1.117,0.085511,0.914489
1.117,0.086172,0.913828
1.117,0.922543,0.077457
1.117,0.75646,0.24354
1.117,0.697345,0.302655
1.117,0.999456,0.000544
1.117,0.997579,0.002421
1.117,0.889352,0.110648
1.117,0.684854,0.315146
1.117,0.783906,0.216094
1.117,0.949565,0.050435
1.117,0.01382,0.98618
1.117,0.018842,0.981158
1.117,0.008541,0.991459
1.117,0.239687,0.760313
1.117,0.506412,0.493588
1.117,0.160996,0.839004
1.117,0.180495,0.819505
1.117,0.748945,0.251055
1.117,0.001576,0.998424
1.117,0.000234,0.999766
1.117,0.00466,0.99534
1.117,0.445777,0.554223
1.117,0.982029,0.017971
1.117,0.852843,0.147157
1.117,9e-05,0.99991
1.117,0.081967,0.918033
1.117,0.641857,0.358143
1.117,0.001563,0.998437
1.117,0.93711,0.06289
1.117,0.995052,0.004948
1.117,0.000113,0.999887
1.117,0.038166,0.961834
1.117,0.173055,0.826945
1.117,0.001206,0.998794
1.117,0.765346,0.234654
1.117,0.435039,0.564961
1.117,0.16096,0.83904
1.123,0.734065,0.265935
1.123,0.985654,0.014346
1.123,0.707373,0.292627
1.123,0.9998,0.0002
1.123,0.989117,0.010883
1.123,0.001102,0.998898
1.123,0.012253,0.987746
1.123,0.016709,0.983291
1.123,0.763179,0.236821
1.123,0.073281,0.92672
1.123,0.841271,0.158729
1.123,0.192093,0.807907
1.123,0.988789,0.011211
1.123,0.00332,0.99668
1.123,0.400896,0.599104
1.123,0.264556,0.735444
1.123,0.994738,0.005262
1.123,0.077403,0.922597
1.123,0.726364,0.273636
1.123,0.016614,0.983386
1.123,0.980802,0.019198
1.123,0.002235,0.997765
1.123,0.281362,0.718638
1.123,0.966978,0.033022
1.123,0.784078,0.215922
1.123,0.246013,0.753987
1.123,0.072182,0.927818
1.123,0.783642,0.216358
1.123,0.029387,0.970613
1.123,0.131288,0.868712
1.123,0.34175,0.65825
1.123,0.061736,0.938264
1.123,0.061826,0.938174
1.123,0.018867,0.981134
1.123,0.007152,0.992848
1.123,0.000142,0.999858
1.123,2.7e-05,0.999973
1.123,0.211628,0.788372
1.123,0.823579,0.176421
1.123,0.95543,0.04457
1.123,0.856159,0.143841
1.123,0.879374,0.120626
1.123,0.761219,0.238781
1.123,0.84979,0.150209
1.123,0.024923,0.975077
1.123,0.940413,0.059587
1.123,0.735092,0.264908
1.123,0.997289,0.002711
1.123,0.997732,0.002268
1.123,0.121317,0.878683
1.123,0.999633,0.000367
1.123,0.000241,0.999759
1.123,0.097293,0.902706
1.123,0.431394,0.568606
1.123,0.009399,0.990601
1.123,0.02949,0.97051
1.123,0.932323,0.067677
1.123,0.12741,0.87259
1.123,0.994793,0.005207
1.123,0.183301,0.816699
1.123,0.563347,0.436653
1.123,0.109749,0.890251
1.123,0.671,0.329
1.123,0.379588,0.620412
1.123,0.002445,0.997555
1.123,0.006191,0.993809
1.123,0.261852,0.738148
1.123,0.972503,0.027497
1.123,0.994167,0.005833
1.123,0.114769,0.885231
1.123,0.0211,0.9789
1.123,0.000235,0.999765
1.123,0.068876,0.931124
1.123,0.989988,0.010012
1.123,0.996601,0.003399
1.123,0.930982,0.069017
1.123,0.006028,0.993972
1.123,0.989072,0.010928
1.123,0.002672,0.997328
1.123,0.237377,0.762623
1.123,0.007867,0.992133
1.123,0.038723,0.961277
1.123,0.002685,0.997315
1.123,0.970194,0.029806
1.123,0.061568,0.938432
1.123,0.022212,0.977788
1.123,0.26736,0.73264
1.123,0.996963,0.003037
1.123,0.320619,0.679381
1.123,0.048503,0.951497
1.123,0.996111,0.003889
1.123,0.003531,0.996469
1.123,0.036863,0.963137
1.123,0.001932,0.998068
1.123,0.092862,0.907138
1.123,0.066952,0.933048
1.123,0.005072,0.994928
1.123,0.000715,0.999285
1.123,0.000127,0.999873
1.123,0.321893,0.678107
1.129,0.000451,0.999549
1.129,0.04517,0.95483
1.129,0.970945,0.029055
1.129,0.789967,0.210033
1.129,0.946072,0.053928
1.129,0.013875,0.986125
1.129,0.023236,0.976764
1.129,0.069242,0.930758
1.129,0.002466,0.997534
1.129,0.009186,0.990814
1.129,0.743164,0.256836
1.129,0.113789,0.886211
1.129,0.283218,0.716782
1.129,0.460363,0.539637
1.129,0.304055,0.695945
1.129,0.941152,0.058848
1.129,0.006823,0.993177
1.129,0.084917,0.915083
1.129,0.427763,0.572237
1.129,0.286194,0.713806
1.129,0.996938,0.003062
1.129,0.000316,0.999684
1.129,0.973107,0.026893
1.129,0.003446,0.996554
1.129,0.971719,0.028281
1.129,0.064658,0.935342
1.129,0.931024,0.068976
1.129,0.001224,0.998776
1.129,0.140905,0.859095
1.129,0.963819,0.036181
1.129,0.985834,0.014166
1.129,0.001617,0.998383
1.129,0.203874,0.796126
1.129,0.207698,0.792302
1.129,0.885081,0.114919
1.129,0.062742,0.937258
1.129,0.303006,0.696994
1.129,0.885182,0.114818
1.129,0.135264,0.864736
1.129,0.156923,0.843077
1.129,0.197437,0.802563
1.129,0.237907,0.762093
1.129,0.129847,0.870153
1.129,7.5e-05,0.999925
1.129,0.000891,0.999109
1.129,0.052244,0.947756
1.129,0.336218,0.663783
1.129,0.047116,0.952884
1.129,0.032101,0.967899
1.129,0.249502,0.750498
1.129,0.977266,0.022734
1.129,0.001127,0.998873
1.129,0.839051,0.160949
1.129,6.1e-05,0.999939
1.129,0.942082,0.057918
1.129,0.999851,0.000149
1.129,0.002615,0.997385
1.129,0.535147,0.464853
1.129,0.097714,0.902286
1.129,0.906631,0.093369
1.129,0.002235,0.997765
1.129,0.211649,0.788351
1.129,0.280682,0.719318
1.129,0.427761,0.572239
1.129,0.016549,0.983451
1.129,0.694796,0.305204
1.129,0.039117,0.960883
1.129,0.728848,0.271152
1.129,0.00079,0.99921
1.129,0.909289,0.090711
1.129,0.004191,0.995809
1.129,0.004462,0.995538
1.129,0.921591,0.078409
1.129,0.201859,0.798142
1.129,0.000536,0.999464
1.129,0.661286,0.338714
1.129,0.999832,0.000168
1.129,0.269851,0.730149
1.129,0.740354,0.259646
1.129,0.685633,0.314367
1.129,0.005692,0.994308
1.129,0.003879,0.996121
1.129,0.027968,0.972032
1.129,0.998778,0.001222
1.129,0.004868,0.995132
1.129,0.960572,0.039428
1.129,0.763647,0.236353
1.129,0.058665,0.941335
1.129,0.040462,0.959538
1.129,0.943826,0.056174
1.129,0.986501,0.013499
1.129,0.487324,0.512676
1.129,0.02681,0.97319
1.129,0.094208,0.905792
1.129,0.551241,0.448759
1.129,0.032151,0.967849
1.129,0.006381,0.993619
1.129,0.054997,0.945003
1.129,0.000179,0.999821
1.129,0.017266,0.982734
1.135,0.119781,0.880219
1.135,0.018209,0.981791
1.135,0.002599,0.9974
1.135,0.986754,0.013246
1.135,0.456334,0.543666
1.135,0.880112,0.119888
1.135,0.009791,0.990209
1.135,0.002476,0.997524
1.135,0.207707,0.792293
1.135,0.363821,0.636179
1.135,0.846924,0.153076
1.135,0.19451,0.80549
1.135,0.902874,0.097126
1.135,0.268246,0.731754
1.135,0.0121,0.9879
1.135,0.000792,0.999208
1.135,0.446366,0.553634
1.135,0.724595,0.275405
1.135,0.465982,0.534018
1.135,0.961195,0.038805
1.135,0.098671,0.901329
1.135,0.025193,0.974807
1.135,0.48827,0.51173
1.135,0.02778,0.97222
1.135,0.063271,0.936729
1.135,0.106317,0.893683
1.135,0.021711,0.978289
1.135,0.001778,0.998222
1.135,0.003069,0.996931
1.135,0.00128,0.99872
1.135,0.823596,0.176404
1.135,0.233692,0.766308
1.135,0.617426,0.382574
1.135,0.108188,0.891812
1.135,0.022482,0.977518
1.135,0.012401,0.987598
1.135,0.00501,0.99499
1.135,0.062933,0.937067
1.135,0.78055,0.21945
1.135,0.994583,0.005417
1.135,0.175431,0.824569
1.135,0.023399,0.9766
1.135,0.602702,0.397298
1.135,0.704211,0.295789
1.135,0.000302,0.999698
1.135,0.184165,0.815836
1.135,0.694085,0.305915
1.135,0.564556,0.435444
1.135,0.200283,0.799717
1.135,0.154774,0.845226
1.135,0.154456,0.845544
1.135,0.029852,0.970148
1.135,0.994053,0.005947
1.135,0.004455,0.995545
1.135,0.086678,0.913322
1.135,0.172398,0.827602
1.135,0.006242,0.993758
1.135,0.007888,0.992112
1.135,0.34852,0.65148
1.135,0.988176,0.011824
1.135,0.001997,0.998003
1.135,0.992757,0.007243
1.135,0.899074,0.100926
1.135,0.059568,0.940432
1.135,0.985924,0.014076
1.135,0.071318,0.928682
1.135,0.030988,0.969012
1.135,0.678178,0.321822
1.135,0.092033,0.907967
1.135,0.002518,0.997482
1.135,0.921616,0.078384
1.135,0.119374,0.880626
1.135,0.000116,0.999884
1.135,0.00868,0.99132
1.135,0.976834,0.023166
1.135,0.5983,0.4017
1.135,0.312195,0.687805
1.135,0.505481,0.494519
1.135,0.023661,0.976339
1.135,0.01288,0.98712
1.135,0.360475,0.639525
1.135,0.677298,0.322702
1.135,0.069141,0.930859
1.135,0.782851,0.217149
1.135,0.820789,0.179211
1.135,0.000166,0.999834
1.135,0.094317,0.905682
1.135,0.117533,0.882467
1.135,0.418931,0.581069
1.135,0.06879,0.93121
1.135,0.000833,0.999167
1.135,0.278709,0.721291
1.135,0.980604,0.019396
1.135,0.00136,0.99864
1.135,0.004313,0.995687
1.135,0.003854,0.996146
1.135,0.119478,0.880522
1.135,0.084299,0.915701
1.135,0.33199,0.66801
1.135,0.150476,0.849524
1.141,0.575276,0.424724
1.141,0.735395,0.264605
1.141,0.900238,0.099762
1.141,0.004605,0.995395
1.141,0.029545,0.970455
1.141,0.034941,0.96506
1.141,0.010237,0.989763
1.141,0.404034,0.595966
1.141,0.000828,0.999172
1.141,0.026054,0.973946
1.141,0.995663,0.004337
1.141,0.7853,0.2147
1.141,0.005909,0.994091
1.141,0.001192,0.998808
1.141,0.000548,0.999452
1.141,0.286356,0.713644
1.141,0.004837,0.995163
1.141,0.833661,0.166339
1.141,0.948736,0.051264
1.141,0.294695,0.705305
1.141,0.17748,0.82252
1.141,0.232742,0.767258
1.141,0.969475,0.030525
1.141,0.017186,0.982814
1.141,0.847938,0.152062
1.141,0.025311,0.974689
1.141,0.013605,0.986395
1.141,0.030106,0.969894
1.141,0.114109,0.885891
1.141,0.030829,0.969171
1.141,0.332151,0.667849
1.141,0.008876,0.991124
1.141,0.992072,0.007928
1.141,0.293218,0.706782
1.141,0.004029,0.995971
1.141,0.007873,0.992127
1.141,0.014915,0.985085
1.141,0.050781,0.949219
1.141,0.769388,0.230612
1.141,0.996861,0.003139
1.141,0.008521,0.991479
1.141,0.056502,0.943498
1.141,0.084415,0.915585
1.141,0.000239,0.999761
1.141,0.016116,0.983884
1.141,0.000117,0.999883
1.141,0.099907,0.900093
1.141,0.127968,0.872032
1.141,0.575351,0.424649
1.141,0.474269,0.525731
1.141,0.287473,0.712527
1.141,0.342309,0.657691
1.141,0.999387,0.000613
1.141,0.95512,0.04488
1.141,0.007031,0.992969
1.141,0.650642,0.349358
1.141,0.054201,0.945799
1.141,0.059789,0.940211
1.141,0.002036,0.997964
1.141,0.000724,0.999276
1.141,0.998964,0.001036
1.141,0.858338,0.141662
1.141,0.009761,0.990239
1.141,0.046787,0.953213
1.141,0.997571,0.002429
1.141,0.958628,0.041372
1.141,0.229007,0.770993
1.141,0.792309,0.207691
1.141,0.550285,0.449715
1.141,0.972664,0.027336
1.141,0.826358,0.173642
1.141,0.065955,0.934045
1.141,0.02718,0.97282
1.141,0.01108,0.98892
1.141,0.021261,0.978739
1.141,0.726665,0.273335
1.141,0.964851,0.035149
1.141,0.001179,0.99882
1.141,0.76993,0.23007
1.141,0.09426,0.90574
1.141,0.940634,0.059366
1.141,0.001319,0.998681
1.141,0.042899,0.957101
1.141,0.733156,0.266844
1.141,0.057717,0.942282
1.141,0.388237,0.611763
1.141,0.335566,0.664434
1.141,0.995019,0.004981
1.141,0.979627,0.020373
1.141,0.085471,0.914529
1.141,0.006229,0.993771
1.141,0.011781,0.988219
1.141,0.017708,0.982292
1.141,0.618687,0.381313
1.141,0.679198,0.320802
1.141,0.496341,0.503659
1.141,0.642104,0.357896
1.141,0.049845,0.950155
1.141,0.151617,0.848383
1.141,0.002147,0.997853
1.147,0.002826,0.997174
1.147,0.778574,0.221427
1.147,0.002129,0.997871
1.147,0.00228,0.99772
1.147,0.00012,0.99988
1.147,0.009037,0.990963
1.147,0.998681,0.001319
1.147,0.533528,0.466472
1.147,0.23972,0.76028
1.147,0.18618,0.81382
1.147,0.009476,0.990524
1.147,0.00048,0.99952
1.147,0.788295,0.211705
1.147,0.711864,0.288136
1.147,0.011206,0.988794
1.147,0.000271,0.999729
1.147,0.290802,0.709198
1.147,0.272272,0.727728
1.147,0.010978,0.989022
1.147,0.996388,0.003612
1.147,0.005375,0.994625
1.147,0.110965,0.889035
1.147,0.976308,0.023691
1.147,0.667287,0.332713
1.147,0.266123,0.733876
1.147,0.976242,0.023758
1.147,0.35704,0.64296
1.147,0.998527,0.001473
1.147,0.184002,0.815998
1.147,0.983431,0.016569
1.147,0.219138,0.780862
1.147,0.282244,0.717756
1.147,0.018284,0.981716
1.147,0.070472,0.929528
1.147,0.058973,0.941027
1.147,0.027348,0.972652
1.147,0.001287,0.998713
1.147,0.000767,0.999233
1.147,0.014055,0.985945
1.147,0.981931,0.018069
1.147,0.115259,0.884741
1.147,0.004434,0.995566
1.147,0.174496,0.825504
1.147,0.271935,0.728065
1.147,0.000856,0.999144
1.147,0.092325,0.907675
1.147,0.150452,0.849548
1.147,0.005803,0.994197
1.147,0.001808,0.998192
1.147,0.991164,0.008836
1.147,0.813692,0.186308
1.147,0.999904,9.5e-05
1.147,0.810262,0.189738
1.147,0.002002,0.997998
1.147,0.170541,0.829459
1.147,0.387368,0.612632
1.147,0.022135,0.977865
1.147,0.000594,0.999406
1.147,0.00211,0.99789
1.147,0.006758,0.993242
1.147,0.794295,0.205705
1.147,0.807751,0.192249
1.147,0.017226,0.982774
1.147,0.006283,0.993717
1.147,0.037159,0.962841
1.147,0.308134,0.691866
1.147,0.884885,0.115115
1.147,0.011119,0.988881
1.147,0.210555,0.789445
1.147,0.001628,0.998372
1.147,0.998837,0.001163
1.147,0.99817,0.00183
1.147,0.935773,0.064227
1.147,0.110638,0.889362
1.147,0.021333,0.978667
1.147,0.469827,0.530173
1.147,0.002049,0.997951
1.147,0.000304,0.999696
1.147,0.579245,0.420755
1.147,0.007905,0.992095
1.147,0.799772,0.200228
1.147,0.00445,0.99555
1.147,0.000468,0.999532
1.147,0.974786,0.025214
1.147,0.99996,4e-05
1.147,0.124792,0.875208
1.147,0.913911,0.086089
1.147,0.899748,0.100252
1.147,0.043577,0.956423
1.147,0.025635,0.974365
1.147,0.955372,0.044629
1.147,0.0081,0.9919
1.147,0.001148,0.998852
1.147,0.16878,0.83122
1.147,0.010734,0.989266
1.147,0.899412,0.100588
1.147,0.048994,0.951006
1.147,0.208341,0.79166
1.147,0.030399,0.969601
1.147,0.957218,0.042782
1.153,0.000648,0.999352
1.153,0.423218,0.576782
1.153,0.031001,0.968999
1.153,0.000175,0.999825
1.153,9.9e-05,0.999901
1.153,0.052528,0.947472
1.153,0.000432,0.999568
1.153,0.016325,0.983675
1.153,0.262935,0.737065
1.153,0.24439,0.75561
1.153,0.002101,0.997899
1.153,0.002706,0.997294
1.153,0.058896,0.941104
1.153,0.002009,0.997991
1.153,0.435072,0.564928
1.153,0.007584,0.992416
1.153,0.117165,0.882835
1.153,0.211763,0.788237
1.153,0.584385,0.415615
1.153,0.010051,0.989949
1.153,0.006377,0.993623
1.153,0.086029,0.913971
1.153,0.00073,0.99927
1.153,0.009249,0.990751
1.153,0.183368,0.816632
1.153,0.000814,0.999186
1.153,0.162652,0.837348
1.153,0.356518,0.643482
1.153,0.001353,0.998647
1.153,0.008557,0.991443
1.153,0.015065,0.984936
1.153,0.022189,0.977811
1.153,0.006357,0.993642
1.153,0.380361,0.619639
1.153,0.013344,0.986656
1.153,0.011815,0.988185
1.153,0.308224,0.691776
1.153,0.000157,0.999843
1.153,0.847923,0.152077
1.153,0.410468,0.589532
1.153,0.002401,0.997599
1.153,0.022547,0.977453
1.153,0.001437,0.998563
1.153,0.016883,0.983117
1.153,0.97504,0.02496
1.153,0.031887,0.968113
1.153,0.993837,0.006163
1.153,0.581643,0.418357
1.153,0.000741,0.999259
1.153,0.073314,0.926686
1.153,0.752339,0.247661
1.153,0.963458,0.036542
1.153,0.181434,0.818566
1.153,8.7e-05,0.999912
1.153,0.024945,0.975055
1.153,0.11257,0.88743
1.153,0.089409,0.910591
1.153,0.896199,0.103801
1.153,0.023704,0.976296
1.153,0.588982,0.411018
1.153,0.928399,0.071601
1.153,0.989487,0.010513
1.153,0.472901,0.527099
1.153,0.000361,0.999639
1.153,0.014459,0.985542
1.153,0.024603,0.975397
1.153,0.148526,0.851474
1.153,0.000638,0.999362
1.153,0.006837,0.993163
1.153,0.001935,0.998065
1.153,0.23402,0.76598
1.153,0.000599,0.999401
1.153,0.131028,0.868972
1.153,0.029251,0.970749
1.153,0.017198,0.982802
1.153,0.021872,0.978128
1.153,0.006391,0.993609
1.153,0.08147,0.91853
1.153,0.066044,0.933957
1.153,0.915233,0.084767
1.153,0.01166,0.98834
1.153,0.117811,0.882188
1.153,0.965256,0.034744
1.153,0.00035,0.99965
1.153,0.986495,0.013505
1.153,0.279081,0.720919
1.153,0.000282,0.999718
1.153,0.023243,0.976757
1.153,0.026193,0.973807
1.153,0.002997,0.997003
1.153,2e-05,0.99998
1.153,2.9e-05,0.999971
1.153,0.000154,0.999846
1.153,0.882663,0.117337
1.153,0.994831,0.005169
1.153,0.101796,0.898204
1.153,0.005216,0.994784
1.153,0.000125,0.999875
1.153,0.026673,0.973327
1.153,0.292366,0.707634
1.159,0.048733,0.951267
1.159,0.022106,0.977895
1.159,0.01813,0.98187
1.159,0.038199,0.961801
1.159,0.71069,0.28931
1.159,0.030877,0.969123
1.159,1.8e-05,0.999982
1.159,0.041479,0.958521
1.159,0.064424,0.935576
1.159,0.021679,0.978321
1.159,0.037186,0.962814
1.159,0.01686,0.98314
1.159,0.03538,0.96462
1.159,0.019384,0.980616
1.159,0.119542,0.880458
1.159,0.000365,0.999635
1.159,0.99432,0.00568
1.159,0.002432,0.997568
1.159,0.000142,0.999858
1.159,0.001391,0.998609
1.159,0.452633,0.547367
1.159,0.036298,0.963702
1.159,0.060318,0.939682
1.159,0.019797,0.980203
1.159,0.083132,0.916868
1.159,0.248025,0.751976
1.159,0.219333,0.780667
1.159,0.1617,0.8383
1.159,0.986267,0.013733
1.159,0.004494,0.995506
1.159,0.790822,0.209178
1.159,0.01736,0.98264
1.159,0.171188,0.828812
1.159,0.857118,0.142882
1.159,0.997733,0.002267
1.159,0.772759,0.227241
1.159,0.001357,0.998643
1.159,0.030645,0.969355
1.159,0.80242,0.19758
1.159,0.036696,0.963304
1.159,0.044115,0.955885
1.159,0.485196,0.514804
1.159,3e-06,0.999997
1.159,0.000875,0.999125
1.159,0.817706,0.182294
1.159,0.834827,0.165173
1.159,0.36656,0.63344
1.159,0.100962,0.899038
1.159,0.5697,0.4303
1.159,0.002996,0.997004
1.159,4e-05,0.99996
1.159,0.587317,0.412683
1.159,0.015714,0.984286
1.159,0.058683,0.941317
1.159,3.4e-05,0.999966
1.159,0.018631,0.981369
1.159,0.299496,0.700504
1.159,0.477859,0.522141
1.159,0.997414,0.002586
1.159,0.002094,0.997906
1.159,0.691275,0.308725
1.159,0.145086,0.854914
1.159,0.002604,0.997396
1.159,0.000643,0.999357
1.159,0.064854,0.935146
1.159,0.011525,0.988475
1.159,0.109298,0.890702
1.159,0.140025,0.859975
1.159,0.014061,0.985939
1.159,0.846674,0.153326
1.159,0.004688,0.995312
1.159,0.046073,0.953927
1.159,0.004723,0.995277
1.159,0.603727,0.396273
1.159,0.000631,0.999369
1.159,0.004939,0.995061
1.159,0.056344,0.943656
1.159,0.713418,0.286582
1.159,0.009926,0.990074
1.159,0.010653,0.989347
1.159,0.016075,0.983925
1.159,0.08321,0.91679
1.159,0.192439,0.807561
1.159,0.008999,0.991001
1.159,0.025145,0.974855
1.159,0.000528,0.999472
1.159,6.6e-05,0.999934
1.159,0.649428,0.350572
1.159,0.035129,0.964871
1.159,0.756481,0.243519
1.159,0.045576,0.954424
1.159,0.96063,0.03937
1.159,0.652519,0.347481
1.159,0.429206,0.570794
1.159,0.983118,0.016882
1.159,0.001099,0.998901
1.159,0.502405,0.497595
1.159,0.006658,0.993342
1.159,0.093717,0.906283
1.159,0.635984,0.364016
1.165,0.001355,0.998644
1.165,0.461525,0.538475
1.165,0.062888,0.937112
1.165,0.000828,0.999172
1.165,9.1e-05,0.99991
1.165,0.000442,0.999558
1.165,0.022184,0.977816
1.165,0.054334,0.945666
1.165,0.000258,0.999742
1.165,0.002355,0.997645
1.165,0.022126,0.977874
1.165,0.850467,0.149533
1.165,0.039332,0.960668
1.165,0.178277,0.821723
1.165,0.000439,0.999561
1.165,0.739862,0.260138
1.165,0.065422,0.934578
1.165,0.031246,0.968754
1.165,0.957825,0.042175
1.165,0.046459,0.953541
1.165,0.9663,0.0337
1.165,0.040365,0.959635
1.165,0.626346,0.373654
1.165,0.243962,0.756038
1.165,0.021172,0.978828
1.165,0.362339,0.637661
1.165,7e-06,0.999993
1.165,0.076285,0.923715
1.165,0.897084,0.102916
1.165,0.016459,0.983541
1.165,0.001501,0.998499
1.165,0.093897,0.906103
1.165,0.00484,0.99516
1.165,0.000356,0.999644
1.165,0.000726,0.999274
1.165,0.004077,0.995924
1.165,0.004873,0.995127
1.165,0.006798,0.993202
1.165,0.907479,0.092521
1.165,0.007202,0.992798
1.165,0.05371,0.94629
1.165,0.114884,0.885116
1.165,0.112805,0.887195
1.165,0.00287,0.99713
1.165,0.013861,0.986139
1.165,0.008755,0.991245
1.165,0.003759,0.996241
1.165,0.118298,0.881702
1.165,0.000226,0.999774
1.165,0.987622,0.012378
1.165,0.263482,0.736518
1.165,0.002338,0.997662
1.165,0.143048,0.856952
1.165,0.001883,0.998117
1.165,0.001518,0.998482
1.165,0.033386,0.966614
1.165,0.000296,0.999704
1.165,0.999644,0.000356
1.165,0.000303,0.999697
1.165,0.114698,0.885302
1.165,0.001637,0.998363
1.165,0.021192,0.978808
1.165,0.786103,0.213897
1.165,0.005188,0.994812
1.165,0.009298,0.990702
1.165,0.001636,0.998364
1.165,0.039038,0.960962
1.165,0.202081,0.797919
1.165,0.727426,0.272574
1.165,0.009499,0.990501
1.165,0.920443,0.079557
1.165,0.000225,0.999776
1.165,0.69069,0.30931
1.165,0.01274,0.98726
1.165,0.000971,0.999029
1.165,0.476441,0.523559
1.165,0.103744,0.896256
1.165,0.04525,0.95475
1.165,0.07865,0.92135
1.165,3.7e-05,0.999963
1.165,7.5e-05,0.999925
1.165,0.000497,0.999503
1.165,0.808644,0.191356
1.165,2.6e-05,0.999974
1.165,0.125742,0.874258
1.165,0.279587,0.720413
1.165,0.229125,0.770875
1.165,0.270798,0.729202
1.165,0.003504,0.996496
1.165,0.04629,0.953711
1.165,0.74485,0.25515
1.165,0.001059,0.998941
1.165,0.093783,0.906217
1.165,0.032937,0.967063
1.165,0.567096,0.432904
1.165,0.022307,0.977693
1.165,0.039606,0.960394
1.165,0.017253,0.982747
1.165,0.793428,0.206572
1.165,0.234864,0.765136
1.171,0.000739,0.999261
1.171,0.000115,0.999885
1.171,0.001381,0.998619
1.171,0.752779,0.247221
1.171,0.007079,0.992921
1.171,0.004564,0.995436
1.171,0.046819,0.953181
1.171,6.2e-05,0.999938
1.171,0.000917,0.999083
1.171,0.000684,0.999316
1.171,0.002414,0.997586
1.171,0.000805,0.999195
1.171,0.041458,0.958542
1.171,0.061689,0.938311
1.171,0.026563,0.973437
1.171,0.005606,0.994394
1.171,0.024374,0.975626
1.171,0.003132,0.996868
1.171,0.812819,0.187181
1.171,0.08686,0.91314
1.171,0.10016,0.89984
1.171,0.015021,0.984979
1.171,0.000556,0.999444
1.171,0.004074,0.995926
1.171,0.004402,0.995598
1.171,0.055654,0.944346
1.171,0.035248,0.964752
1.171,0.334546,0.665454
1.171,0.009072,0.990928
1.171,0.026944,0.973056
1.171,0.007932,0.992068
1.171,0.154748,0.845252
1.171,0.001345,0.998655
1.171,0.005012,0.994988
1.171,0.044508,0.955492
1.171,0.006068,0.993932
1.171,0.029054,0.970946
1.171,0.387455,0.612545
1.171,0.141763,0.858237
1.171,0.022884,0.977116
1.171,0.183255,0.816745
1.171,0.060542,0.939458
1.171,0.019247,0.980753
1.171,0.035766,0.964234
1.171,0.054713,0.945287
1.171,0.057257,0.942743
1.171,0.102451,0.897549
1.171,0.737411,0.262589
1.171,0.603889,0.396111
1.171,0.001841,0.998159
1.171,0.061728,0.938272
1.171,3.3e-05,0.999967
1.171,0.000456,0.999544
1.171,0.003899,0.996101
1.171,0.015461,0.984539
1.171,0.007723,0.992277
1.171,0.001515,0.998485
1.171,0.00028,0.99972
1.171,0.009063,0.990937
1.171,0.932586,0.067414
1.171,0.002148,0.997852
1.171,0.005074,0.994926
1.171,0.019994,0.980006
1.171,0.361013,0.638987
1.171,0.002362,0.997638
1.171,0.025815,0.974185
1.171,0.000837,0.999163
1.171,0.591354,0.408646
1.171,0.803275,0.196725
1.171,0.987261,0.012739
1.171,0.000136,0.999864
1.171,0.199622,0.800378
1.171,0.772719,0.227281
1.171,2.1e-05,0.999979
1.171,0.427083,0.572917
1.171,0.082257,0.917743
1.171,0.461281,0.53872
1.171,0.010315,0.989685
1.171,0.124142,0.875858
1.171,0.136797,0.863203
1.171,0.000322,0.999678
1.171,0.464635,0.535365
1.171,0.000594,0.999406
1.171,0.000409,0.999591
1.171,0.54127,0.45873
1.171,0.014237,0.985763
1.171,0.245258,0.754742
1.171,0.001456,0.998544
1.171,0.001193,0.998807
1.171,0.019175,0.980825
1.171,0.00884,0.99116
1.171,0.001463,0.998537
1.171,0.234314,0.765686
1.171,0.060714,0.939286
1.171,0.019054,0.980946
1.171,0.000353,0.999647
1.171,0.56237,0.43763
1.171,0.997836,0.002163
1.171,0.001404,0.998596
1.171,0.015786,0.984214
1.177,0.375377,0.624623
1.177,0.360443,0.639557
1.177,0.690594,0.309406
1.177,0.002926,0.997074
1.177,0.014835,0.985165
1.177,0.035436,0.964564
1.177,0.023261,0.976739
1.177,0.073529,0.926471
1.177,0.008111,0.991889
1.177,0.143834,0.856166
1.177,2.6e-05,0.999974
1.177,0.063469,0.936531
1.177,0.976614,0.023386
1.177,0.802301,0.197699
1.177,0.006792,0.993208
1.177,0.006873,0.993127
1.177,0.012098,0.987902
1.177,0.00477,0.99523
1.177,0.001036,0.998964
1.177,0.000508,0.999492
1.177,0.163435,0.836565
1.177,0.478767,0.521234
1.177,0.032302,0.967698
1.177,0.221483,0.778517
1.177,0.000951,0.999049
1.177,0.002244,0.997756
1.177,0.000147,0.999853
1.177,0.00162,0.99838
1.177,0.01315,0.98685
1.177,0.003433,0.996567
1.177,0.006491,0.993509
1.177,0.07663,0.92337
1.177,0.05044,0.94956
1.177,0.000671,0.999329
1.177,0.007193,0.992807
1.177,0.314212,0.685788
1.177,0.391868,0.608132
1.177,0.003714,0.996286
1.177,0.085027,0.914973
1.177,0.525307,0.474693
1.177,0.101641,0.898358
1.177,0.010422,0.989578
1.177,0.456997,0.543003
1.177,0.195647,0.804352
1.177,0.019353,0.980647
1.177,0.000955,0.999045
1.177,0.0042,0.9958
1.177,0.045611,0.954389
1.177,0.483091,0.516909
1.177,0.102814,0.897186
1.177,0.142287,0.857714
1.177,0.120746,0.879254
1.177,2.5e-05,0.999975
1.177,0.14321,0.85679
1.177,0.001724,0.998276
1.177,0.040751,0.959249
1.177,0.043563,0.956437
1.177,0.128715,0.871285
1.177,0.152606,0.847394
1.177,0.12835,0.87165
1.177,0.004018,0.995982
1.177,0.008293,0.991707
1.177,0.715142,0.284858
1.177,0.019518,0.980482
1.177,0.012273,0.987728
1.177,0.014502,0.985498
1.177,0.000677,0.999324
1.177,4.9e-05,0.999951
1.177,0.742766,0.257234
1.177,0.034838,0.965162
1.177,0.188979,0.811022
1.177,0.00052,0.99948
1.177,0.312932,0.687068
1.177,0.069379,0.930621
1.177,0.027869,0.972131
1.177,0.644821,0.355179
1.177,0.026568,0.973432
1.177,0.985543,0.014457
1.177,0.012921,0.987079
1.177,0.84243,0.15757
1.177,0.023076,0.976924
1.177,0.99931,0.00069
1.177,0.000172,0.999828
1.177,0.009634,0.990366
1.177,0.483894,0.516106
1.177,0.139698,0.860302
1.177,0.055833,0.944167
1.177,0.015371,0.984629
1.177,0.02326,0.97674
1.177,0.061813,0.938187
1.177,0.879228,0.120772
1.177,0.015455,0.984545
1.177,0.030175,0.969825
1.177,0.294421,0.705579
1.177,0.037658,0.962342
1.177,0.330915,0.669084
1.177,0.012144,0.987856
1.177,0.165296,0.834704
1.177,0.021013,0.978987
1.177,0.008604,0.991396
1.183,0.013012,0.986988
1.183,0.490148,0.509852
1.183,0.023265,0.976735
1.183,0.003017,0.996983
1.183,0.005079,0.994921
1.183,0.00643,0.99357
1.183,0.002548,0.997452
1.183,0.927024,0.072976
1.183,0.003019,0.996981
1.183,3e-06,0.999997
1.183,0.980577,0.019423
1.183,0.082737,0.917263
1.183,0.003138,0.996862
1.183,0.226569,0.773431
1.183,0.000646,0.999354
1.183,0.01142,0.98858
1.183,0.000176,0.999824
1.183,0.004303,0.995697
1.183,0.017624,0.982376
1.183,0.119942,0.880058
1.183,0.00015,0.99985
1.183,6e-06,0.999994
1.183,0.001482,0.998518
1.183,0.000228,0.999772
1.183,0.040813,0.959187
1.183,0.020706,0.979294
1.183,0.185606,0.814394
1.183,0.02798,0.97202
1.183,0.006548,0.993452
1.183,0.146185,0.853815
1.183,0.046533,0.953467
1.183,0.002056,0.997944
1.183,0.004309,0.995691
1.183,0.074708,0.925292
1.183,0.094057,0.905943
1.183,0.116989,0.883011
1.183,0.004496,0.995504
1.183,0.011987,0.988014
1.183,0.000955,0.999045
1.183,0.079399,0.920601
1.183,2.5e-05,0.999975
1.183,0.033606,0.966394
1.183,0.130544,0.869456
1.183,0.28564,0.71436
1.183,0.014773,0.985227
1.183,0.001721,0.998279
1.183,0.00035,0.99965
1.183,0.001274,0.998726
1.183,0.358905,0.641095
1.183,0.976876,0.023124
1.183,0.357426,0.642574
1.183,0.511292,0.488708
1.183,0.004552,0.995448
1.183,0.508113,0.491887
1.183,0.929423,0.070577
1.183,0.011038,0.988962
1.183,0.006179,0.993821
1.183,0.048639,0.95136
1.183,0.0006,0.9994
1.183,0.002153,0.997847
1.183,0.003667,0.996333
1.183,0.636598,0.363401
1.183,0.018149,0.981851
1.183,0.08434,0.91566
1.183,0.592279,0.407721
1.183,0.010609,0.989391
1.183,0.013175,0.986825
1.183,4.3e-05,0.999957
1.183,0.101525,0.898475
1.183,0.134621,0.865379
1.183,0.000951,0.999049
1.183,0.097479,0.902521
1.183,0.212374,0.787626
1.183,0.660996,0.339004
1.183,0.023479,0.976521
1.183,0.001615,0.998385
1.183,5e-06,0.999995
1.183,0.03118,0.96882
1.183,0.004024,0.995976
1.183,0.011306,0.988694
1.183,0.008262,0.991738
1.183,5.3e-05,0.999947
1.183,0.036463,0.963537
1.183,0.00025,0.99975
1.183,0.02508,0.97492
1.183,0.039453,0.960547
1.183,0.003237,0.996763
1.183,0.331272,0.668728
1.183,0.056278,0.943722
1.183,0.000917,0.999083
1.183,0.000683,0.999317
1.183,0.015743,0.984257
1.183,0.000232,0.999768
1.183,0.000279,0.999721
1.183,0.008795,0.991205
1.183,0.057465,0.942535
1.183,0.006446,0.993554
1.183,0.91372,0.08628
1.183,0.016533,0.983467
1.183,0.280805,0.719195
1.189,0.00084,0.99916
1.189,0.056212,0.943788
1.189,6e-05,0.99994
1.189,0.002927,0.997073
1.189,0.000675,0.999325
1.189,0.143864,0.856136
1.189,0.000785,0.999215
1.189,0.003811,0.996189
1.189,0.003227,0.996773
1.189,0.086278,0.913722
1.189,0.001136,0.998864
1.189,0.000483,0.999517
1.189,0.020515,0.979485
1.189,0.000818,0.999182
1.189,0.904526,0.095474
1.189,0.011113,0.988887
1.189,0.046665,0.953335
1.189,0.8967,0.1033
1.189,0.001061,0.998939
1.189,0.045165,0.954835
1.189,0.096985,0.903015
1.189,0.001411,0.998589
1.189,0.001733,0.998267
1.189,0.432465,0.567535
1.189,0.22119,0.778809
1.189,0.166217,0.833783
1.189,0.034194,0.965806
1.189,4.8e-05,0.999952
1.189,0.150139,0.849861
1.189,0.030789,0.969211
1.189,0.004291,0.995709
1.189,0.01721,0.98279
1.189,0.583551,0.416448
1.189,0.023561,0.976439
1.189,0.005639,0.994361
1.189,0.218842,0.781158
1.189,0.039688,0.960312
1.189,0.000937,0.999063
1.189,0.069458,0.930542
1.189,0.00637,0.99363
1.189,0.769462,0.230538
1.189,0.017881,0.982119
1.189,0.440494,0.559506
1.189,0.001518,0.998482
1.189,0.000462,0.999538
1.189,0.124359,0.875641
1.189,0.053843,0.946157
1.189,0.088179,0.911821
1.189,0.020594,0.979406
1.189,0.003749,0.996251
1.189,0.042429,0.957571
1.189,0.013846,0.986154
1.189,0.015573,0.984426
1.189,0.039002,0.960998
1.189,0.014715,0.985285
1.189,0.593184,0.406816
1.189,0.009458,0.990542
1.189,0.000154,0.999846
1.189,0.003647,0.996353
1.189,0.315503,0.684497
1.189,0.000668,0.999332
1.189,0.429317,0.570683
1.189,0.002717,0.997283
1.189,0.010812,0.989188
1.189,0.004891,0.995109
1.189,0.049593,0.950407
1.189,2.5e-05,0.999975
1.189,0.007515,0.992485
1.189,0.003666,0.996334
1.189,0.000218,0.999782
1.189,0.031202,0.968798
1.189,0.099056,0.900944
1.189,0.019321,0.980679
1.189,0.735868,0.264132
1.189,0.019033,0.980967
1.189,0.02229,0.97771
1.189,0.000498,0.999502
1.189,0.006116,0.993884
1.189,0.777554,0.222446
1.189,0.003756,0.996244
1.189,0.007048,0.992952
1.189,0.002408,0.997592
1.189,0.952198,0.047802
1.189,0.021652,0.978348
1.189,0.007931,0.992069
1.189,0.005547,0.994453
1.189,0.046998,0.953002
1.189,0.027685,0.972315
1.189,0.002376,0.997624
1.189,3.1e-05,0.999969
1.189,0.02512,0.97488
1.189,0.000101,0.999899
1.189,0.001769,0.998231
1.189,0.02027,0.97973
1.189,0.001843,0.998157
1.189,0.025594,0.974406
1.189,0.000233,0.999767
1.189,0.000352,0.999648
1.189,0.169716,0.830284
1.189,0.052859,0.947141
1.195,0.000154,0.999846
1.195,0.017141,0.982859
1.195,0.578371,0.421629
1.195,0.005446,0.994554
1.195,0.000159,0.999841
1.195,0.007368,0.992632
1.195,0.000912,0.999088
1.195,0.002928,0.997072
1.195,0.114463,0.885537
1.195,0.010237,0.989763
1.195,0.105413,0.894587
1.195,0.001232,0.998768
1.195,0.006621,0.993379
1.195,4e-06,0.999996
1.195,4e-05,0.99996
1.195,0.225385,0.774615
1.195,0.002695,0.997305
1.195,0.889749,0.110251
1.195,0.140669,0.859331
1.195,0.000155,0.999845
1.195,0.401187,0.598813
1.195,0.019647,0.980353
1.195,0.000793,0.999207
1.195,0.000156,0.999844
1.195,0.003561,0.996439
1.195,0.000637,0.999363
1.195,0.460827,0.539173
1.195,0.847706,0.152294
1.195,0.11605,0.88395
1.195,0.748676,0.251324
1.195,0.00433,0.99567
1.195,0.036362,0.963638
1.195,0.06718,0.93282
1.195,0.00693,0.99307
1.195,0.002244,0.997756
1.195,0.000924,0.999076
1.195,0.001216,0.998784
1.195,0.003324,0.996676
1.195,0.166351,0.833649
1.195,0.852274,0.147725
1.195,0.002677,0.997323
1.195,0.069,0.931
1.195,7.9e-05,0.999921
1.195,0.236399,0.763601
1.195,0.000759,0.999241
1.195,0.254419,0.745581
1.195,0.006836,0.993164
1.195,0.473365,0.526635
1.195,0.320547,0.679453
1.195,8e-06,0.999992
1.195,0.000178,0.999822
1.195,2.6e-05,0.999974
1.195,0.001815,0.998185
1.195,0.002407,0.997593
1.195,0.00035,0.99965
1.195,0.014111,0.985889
1.195,0.099772,0.900228
1.195,0.000316,0.999684
1.195,0.010408,0.989592
1.195,0.013,0.987
1.195,0.004026,0.995974
1.195,0.370175,0.629825
1.195,0.01698,0.98302
1.195,0.998601,0.001399
1.195,1.7e-05,0.999983
1.195,0.005674,0.994326
1.195,0.062181,0.937819
1.195,0.061932,0.938068
1.195,0.973168,0.026832
1.195,0.166368,0.833632
1.195,0.000204,0.999796
1.195,0.006384,0.993616
1.195,0.012128,0.987872
1.195,0.058048,0.941952
1.195,0.001523,0.998477
1.195,0.00979,0.99021
1.195,0.990266,0.009734
1.195,0.00267,0.99733
1.195,0.002737,0.997263
1.195,0.490619,0.509381
1.195,0.009612,0.990388
1.195,0.016031,0.983969
1.195,0.015667,0.984333
1.195,0.040544,0.959456
1.195,0.000808,0.999192
1.195,0.014753,0.985247
1.195,0.000587,0.999413
1.195,9.6e-05,0.999904
1.195,0.013498,0.986502
1.195,3.2e-05,0.999968
1.195,0.000367,0.999633
1.195,2e-06,0.999998
1.195,0.00045,0.99955
1.195,0.002919,0.997081
1.195,0.002044,0.997956
1.195,0.006411,0.993589
1.195,0.031473,0.968527
1.195,0.402116,0.597884
1.195,0.002802,0.997198
1.195,0.003627,0.996373
1.202,0.017343,0.982657
1.202,0.006591,0.993409
1.202,0.015496,0.984504
1.202,0.047145,0.952855
1.202,0.230131,0.769869
1.202,0.000339,0.999661
1.202,0.016061,0.983939
1.202,0.877806,0.122194
1.202,0.800978,0.199022
1.202,0.000263,0.999737
1.202,0.005588,0.994412
1.202,0.193808,0.806192
1.202,0.095254,0.904746
1.202,0.001856,0.998144
1.202,0.005318,0.994682
1.202,0.09849,0.90151
1.202,0.000181,0.999819
1.202,0.001851,0.998149
1.202,0.391139,0.608861
1.202,0.001716,0.998284
1.202,0.117391,0.882609
1.202,0.000106,0.999894
1.202,2.9e-05,0.999971
1.202,0.022472,0.977528
1.202,0.030423,0.969577
1.202,0.037054,0.962946
1.202,0.350775,0.649225
1.202,0.000118,0.999882
1.202,0.011711,0.988289
1.202,0.2231,0.7769
1.202,0.000277,0.999723
1.202,0.000394,0.999606
1.202,0.001254,0.998746
1.202,0.005206,0.994794
1.202,0.029641,0.970359
1.202,0.986139,0.013861
1.202,7.7e-05,0.999923
1.202,0.008417,0.991583
1.202,0.023433,0.976567
1.202,0.003698,0.996302
1.202,0.017156,0.982844
1.202,0.105557,0.894443
1.202,0.019005,0.980995
1.202,0.000278,0.999722
1.202,0.002593,0.997407
1.202,0.003649,0.996351
1.202,0.42389,0.57611
1.202,0.007272,0.992728
1.202,3.8e-05,0.999962
1.202,0.006492,0.993508
1.202,0.002577,0.997423
1.202,0.000618,0.999382
1.202,0.037401,0.962599
1.202,0.000111,0.999889
1.202,0.00093,0.99907
1.202,0.000494,0.999506
1.202,0.000302,0.999698
1.202,0.873085,0.126915
1.202,0.326214,0.673786
1.202,0.009482,0.990518
1.202,4.2e-05,0.999958
1.202,0.006651,0.993349
1.202,0.009013,0.990987
1.202,0.722486,0.277514
1.202,0.000419,0.999581
1.202,0.232738,0.767262
1.202,0.010512,0.989488
1.202,0.542517,0.457483
1.202,0.005357,0.994643
1.202,0.257195,0.742805
1.202,0.102873,0.897127
1.202,0.000704,0.999296
1.202,0.000129,0.999871
1.202,0.032847,0.967153
1.202,0.033479,0.966521
1.202,0.08611,0.91389
1.202,0.016698,0.983302
1.202,0.277098,0.722902
1.202,0.000232,0.999768
1.202,0.003274,0.996726
1.202,0.155701,0.844299
1.202,9.5e-05,0.999905
1.202,0.002686,0.997314
1.202,0.000122,0.999878
1.202,0.007138,0.992862
1.202,6e-06,0.999994
1.202,0.000754,0.999246
1.202,0.001327,0.998673
1.202,0.302632,0.697368
1.202,0.000305,0.999695
1.202,0.039832,0.960168
1.202,0.000207,0.999793
1.202,9.2e-05,0.999908
1.202,7.7e-05,0.999923
1.202,0.587856,0.412144
1.202,0.005039,0.994961
1.202,0.003624,0.996376
1.202,0.001006,0.998994
1.202,0.017779,0.982221
1.202,0.073466,0.926534
1.208,0.008286,0.991714
1.208,5.8e-05,0.999942
1.208,0.002847,0.997153
1.208,0.001203,0.998797
1.208,0.000672,0.999328
1.208,0.110118,0.889882
1.208,0.851151,0.148849
1.208,0.021371,0.978629
1.208,0.041058,0.958942
1.208,0.008532,0.991468
1.208,0.000518,0.999482
1.208,0.016012,0.983988
1.208,0.962348,0.037652
1.208,0.40511,0.59489
1.208,0.001248,0.998752
1.208,0.000759,0.999241
1.208,0.022686,0.977314
1.208,0.032179,0.967821
1.208,0.000768,0.999232
1.208,0.034405,0.965595
1.208,2.3e-05,0.999977
1.208,0.001775,0.998225
1.208,0.000747,0.999253
1.208,0.000383,0.999617
1.208,0.000158,0.999842
1.208,0.042404,0.957596
1.208,0.008923,0.991077
1.208,0.00138,0.99862
1.208,0.005881,0.994119
1.208,0.049029,0.950971
1.208,0.000333,0.999667
1.208,0.277745,0.722255
1.208,0.48083,0.51917
1.208,7.7e-05,0.999923
1.208,0.106019,0.893981
1.208,0.00088,0.99912
1.208,0.335354,0.664646
1.208,0.002821,0.997179
1.208,0.29365,0.70635
1.208,0.655745,0.344255
1.208,0.028657,0.971343
1.208,0.194832,0.805168
1.208,0.002814,0.997186
1.208,0.007865,0.992135
1.208,0.000594,0.999406
1.208,0.484703,0.515297
1.208,0.947049,0.052951
1.208,4e-05,0.99996
1.208,0.961635,0.038365
1.208,0.039282,0.960718
1.208,0.024047,0.975953
1.208,0.004638,0.995362
1.208,0.00655,0.99345
1.208,0.334429,0.66557
1.208,0.024975,0.975025
1.208,9e-06,0.999991
1.208,0.136858,0.863142
1.208,0.000158,0.999842
1.208,0.017101,0.982899
1.208,0.001066,0.998934
1.208,0.001295,0.998705
1.208,0.122684,0.877316
1.208,2.1e-05,0.999979
1.208,3.3e-05,0.999967
1.208,2.8e-05,0.999972
1.208,0.000235,0.999764
1.208,0.700048,0.299952
1.208,0.133146,0.866854
1.208,0.009516,0.990484
1.208,0.004638,0.995362
1.208,3.1e-05,0.999969
1.208,0.127002,0.872998
1.208,0.576276,0.423724
1.208,0.50463,0.49537
1.208,1.1e-05,0.999989
1.208,0.002261,0.997739
1.208,0.045101,0.954899
1.208,0.00327,0.99673
1.208,0.011403,0.988597
1.208,0.00864,0.99136
1.208,0.00032,0.99968
1.208,0.245958,0.754042
1.208,0.974807,0.025193
1.208,0.000729,0.999271
1.208,0.003955,0.996045
1.208,0.001022,0.998978
1.208,0.000125,0.999875
1.208,0.001664,0.998336
1.208,0.843068,0.156932
1.208,0.177006,0.822994
1.208,0.017554,0.982446
1.208,0.003208,0.996792
1.208,0.000827,0.999173
1.208,0.000285,0.999715
1.208,3e-06,0.999997
1.208,0.747001,0.252999
1.208,0.030998,0.969002
1.208,0.519981,0.480019
1.208,0.193801,0.806199
1.208,0.007062,0.992938
1.214,0.269799,0.730201
1.214,0.123565,0.876435
1.214,0.00015,0.99985
1.214,0.328781,0.671219
1.214,0.063033,0.936967
1.214,0.010561,0.989439
1.214,0.102687,0.897313
1.214,0.001079,0.998922
1.214,0.000522,0.999478
1.214,0.028077,0.971923
1.214,0.000157,0.999842
1.214,0.00139,0.99861
1.214,0.099764,0.900236
1.214,2.8e-05,0.999972
1.214,0.381121,0.618879
1.214,0.02345,0.97655
1.214,0.001662,0.998338
1.214,0.003824,0.996176
1.214,0.00717,0.99283
1.214,0.151106,0.848894
1.214,0.002786,0.997214
1.214,0.019675,0.980325
1.214,0.008728,0.991272
1.214,0.035102,0.964898
1.214,1e-04,0.9999
1.214,0.000545,0.999455
1.214,0.003843,0.996157
1.214,0.01512,0.98488
1.214,0.00021,0.99979
1.214,0.349223,0.650777
1.214,0.955239,0.044761
1.214,0.048755,0.951245
1.214,0.002724,0.997276
1.214,0.000218,0.999782
1.214,0.520261,0.479739
1.214,0.900251,0.099749
1.214,0.211817,0.788183
1.214,0.007737,0.992263
1.214,0.115329,0.884671
1.214,0.106533,0.893467
1.214,0.000159,0.999841
1.214,0.014359,0.985641
1.214,0.001736,0.998264
1.214,0.010786,0.989214
1.214,0.003686,0.996314
1.214,0.005909,0.994091
1.214,0.004618,0.995382
1.214,0.043022,0.956978
1.214,0.001148,0.998852
1.214,1.5e-05,0.999985
1.214,0.005353,0.994647
1.214,0.013361,0.986639
1.214,0.007355,0.992645
1.214,0.023918,0.976082
1.214,0.000355,0.999645
1.214,0.00038,0.99962
1.214,0.025461,0.974539
1.214,0.055137,0.944863
1.214,0.001517,0.998483
1.214,0.054068,0.945932
1.214,2.2e-05,0.999978
1.214,0.036043,0.963957
1.214,0.003017,0.996983
1.214,0.00952,0.99048
1.214,0.000451,0.999549
1.214,0.000368,0.999632
1.214,0.064368,0.935632
1.214,0.000257,0.999743
1.214,0.001987,0.998013
1.214,0.016668,0.983332
1.214,7.9e-05,0.999921
1.214,0.000281,0.999719
1.214,0.0652,0.9348
1.214,0.052976,0.947024
1.214,0.080461,0.919539
1.214,0.002187,0.997813
1.214,0.000164,0.999836
1.214,3.6e-05,0.999964
1.214,0.026087,0.973913
1.214,0.905745,0.094255
1.214,0.194009,0.805991
1.214,0.865862,0.134138
1.214,0.00797,0.99203
1.214,0.000405,0.999595
1.214,0.015797,0.984203
1.214,0.000198,0.999802
1.214,0.692139,0.307861
1.214,0.000618,0.999382
1.214,0.000483,0.999517
1.214,0.001891,0.998109
1.214,0.004369,0.995631
1.214,9.6e-05,0.999904
1.214,0.00107,0.99893
1.214,0.000581,0.999419
1.214,2.1e-05,0.999979
1.214,0.167124,0.832876
1.214,0.133306,0.866694
1.214,7.4e-05,0.999926
1.214,0.000814,0.999186
1.214,0.323968,0.676032
1.22,0.000237,0.999763
1.22,7.4e-05,0.999926
1.22,0.924478,0.075522
1.22,0.005877,0.994124
1.22,0.000554,0.999446
1.22,3.1e-05,0.999969
1.22,6.2e-05,0.999938
1.22,0.000483,0.999517
1.22,0.017918,0.982082
1.22,0.147722,0.852278
1.22,0.01781,0.98219
1.22,0.005301,0.994699
1.22,0.677367,0.322633
1.22,0.002784,0.997216
1.22,3e-05,0.99997
1.22,0.017852,0.982148
1.22,0.1549,0.8451
1.22,0.007146,0.992854
1.22,0.000482,0.999518
1.22,1.5e-05,0.999985
1.22,3.9e-05,0.999961
1.22,0.247247,0.752753
1.22,0.174885,0.825115
1.22,0.001011,0.998989
1.22,8e-05,0.99992
1.22,0.003204,0.996796
1.22,0.17343,0.82657
1.22,0.00038,0.99962
1.22,4.8e-05,0.999952
1.22,0.006811,0.993189
1.22,1.9e-05,0.999981
1.22,0.000128,0.999872
1.22,0.003596,0.996404
1.22,0.002199,0.997801
1.22,0.000187,0.999813
1.22,0.005668,0.994332
1.22,0.001283,0.998717
1.22,0.000635,0.999365
1.22,0.000128,0.999872
1.22,0.000911,0.999089
1.22,0.022853,0.977147
1.22,0.113102,0.886898
1.22,0.348216,0.651784
1.22,0.0002,0.9998
1.22,3.6e-05,0.999964
1.22,0.002536,0.997464
1.22,0.009369,0.990631
1.22,0.003181,0.996819
1.22,0.078148,0.921852
1.22,0.006446,0.993554
1.22,0.001968,0.998032
1.22,0.007395,0.992605
1.22,6.2e-05,0.999938
1.22,0.37613,0.62387
1.22,0.000686,0.999315
1.22,0.017647,0.982353
1.22,0.021757,0.978243
1.22,0.00019,0.99981
1.22,0.000142,0.999858
1.22,0.512921,0.487079
1.22,4.1e-05,0.999959
1.22,0.010142,0.989858
1.22,0.000547,0.999453
1.22,0.048354,0.951646
1.22,0.172943,0.827057
1.22,0.00027,0.99973
1.22,0.052782,0.947218
1.22,4e-05,0.99996
1.22,0.038694,0.961306
1.22,0.087413,0.912587
1.22,0.007827,0.992173
1.22,0.010573,0.989427
1.22,0.093069,0.906931
1.22,0.012094,0.987906
1.22,0.029305,0.970695
1.22,0.931446,0.068554
1.22,0.943708,0.056292
1.22,0.000202,0.999798
1.22,5.7e-05,0.999943
1.22,0.339533,0.660467
1.22,0.001996,0.998004
1.22,0.091955,0.908045
1.22,0.076922,0.923078
1.22,0.089718,0.910282
1.22,0.01456,0.98544
1.22,0.0052,0.9948
1.22,0.113327,0.886673
1.22,0.012238,0.987762
1.22,0.000627,0.999373
1.22,0.000717,0.999283
1.22,0.038197,0.961803
1.22,0.002754,0.997246
1.22,0.079634,0.920366
1.22,0.011787,0.988213
1.22,0.000473,0.999527
1.22,0.001939,0.998061
1.22,0.001138,0.998862
1.22,0.000463,0.999537
1.22,0.020127,0.979873
1.22,0.000433,0.999567
1.226,4.7e-05,0.999953
1.226,0.045589,0.954411
1.226,0.046039,0.953961
1.226,0.000867,0.999133
1.226,0.008866,0.991134
1.226,0.057392,0.942608
1.226,0.779755,0.220245
1.226,0.000197,0.999803
1.226,1e-06,0.999999
1.226,0.112508,0.887492
1.226,0.000777,0.999223
1.226,0.001598,0.998403
1.226,0.000457,0.999543
1.226,0.004268,0.995732
1.226,0.006703,0.993297
1.226,0.022199,0.977801
1.226,0.000219,0.999781
1.226,0.000276,0.999724
1.226,0.017279,0.982721
1.226,0.003033,0.996967
1.226,0.005592,0.994408
1.226,0.996873,0.003127
1.226,0.872412,0.127588
1.226,0.26761,0.73239
1.226,0.000888,0.999112
1.226,0.259362,0.740638
1.226,0.000355,0.999645
1.226,0.003165,0.996835
1.226,0.001517,0.998483
1.226,0.00012,0.99988
1.226,0.000228,0.999772
1.226,0.053955,0.946045
1.226,9.7e-05,0.999903
1.226,0.006257,0.993743
1.226,0.352196,0.647804
1.226,0.000166,0.999834
1.226,1.8e-05,0.999982
1.226,0.005622,0.994378
1.226,3.4e-05,0.999966
1.226,0.000189,0.999811
1.226,0.01623,0.98377
1.226,0.024187,0.975813
1.226,0.006141,0.993859
1.226,0.001056,0.998944
1.226,0.145437,0.854563
1.226,0.000488,0.999512
1.226,0.011548,0.988452
1.226,0.000885,0.999115
1.226,0.000221,0.999779
1.226,0.002617,0.997383
1.226,0.000622,0.999378
1.226,0.000329,0.999671
1.226,0.013133,0.986867
1.226,0.00412,0.99588
1.226,0.01851,0.98149
1.226,0.001925,0.998075
1.226,0.53745,0.46255
1.226,0.005791,0.994209
1.226,0.100191,0.899809
1.226,0.627589,0.372411
1.226,6.3e-05,0.999937
1.226,0.012556,0.987444
1.226,0.00332,0.99668
1.226,0.006169,0.993831
1.226,0.369312,0.630688
1.226,0.005557,0.994444
1.226,0.000202,0.999798
1.226,0.000572,0.999428
1.226,0.000899,0.999101
1.226,0.001424,0.998576
1.226,0.002857,0.997143
1.226,0.003581,0.996419
1.226,0.00589,0.99411
1.226,0.069214,0.930786
1.226,0.002754,0.997246
1.226,0.004785,0.995215
1.226,0.000184,0.999816
1.226,0.038868,0.961132
1.226,0.000874,0.999126
1.226,0.005046,0.994954
1.226,0.090491,0.909509
1.226,0.000249,0.999751
1.226,0.001304,0.998696
1.226,0.005783,0.994216
1.226,0.000373,0.999627
1.226,0.120716,0.879284
1.226,1.6e-05,0.999984
1.226,1.3e-05,0.999987
1.226,0.001691,0.998309
1.226,0.000108,0.999892
1.226,0.019813,0.980187
1.226,1e-06,0.999999
1.226,0.201535,0.798465
1.226,0.001178,0.998822
1.226,1.2e-05,0.999988
1.226,0.000823,0.999177
1.226,0.017336,0.982664
1.226,0.329836,0.670164
1.226,0.000562,0.999438
1.226,1.3e-05,0.999987
1.232,0.000115,0.999885
1.232,2e-06,0.999998
1.232,0.000381,0.999618
1.232,0.002267,0.997734
1.232,0.002552,0.997448
1.232,0.001317,0.998683
1.232,0.000105,0.999895
1.232,0.001235,0.998764
1.232,0.059608,0.940392
1.232,0.004593,0.995407
1.232,0.005971,0.994029
1.232,5e-05,0.99995
1.232,3.8e-05,0.999962
1.232,0.001005,0.998995
1.232,0.000122,0.999878
1.232,0.000793,0.999207
1.232,0.00103,0.99897
1.232,0.071066,0.928934
1.232,0.372341,0.627659
1.232,0.011947,0.988053
1.232,0.001422,0.998578
1.232,0.005491,0.994509
1.232,0.004227,0.995773
1.232,0.000132,0.999868
1.232,3.3e-05,0.999967
1.232,0.000342,0.999658
1.232,0.001382,0.998618
1.232,0.047268,0.952732
1.232,0.000432,0.999568
1.232,2.8e-05,0.999972
1.232,0.000184,0.999816
1.232,0.002934,0.997066
1.232,0.000179,0.999821
1.232,0.039862,0.960138
1.232,3e-06,0.999997
1.232,0.00624,0.99376
1.232,0.000152,0.999848
1.232,0.001302,0.998698
1.232,0.00307,0.99693
1.232,0.005051,0.994949
1.232,6.2e-05,0.999938
1.232,0.003893,0.996107
1.232,0.000362,0.999638
1.232,0.185777,0.814223
1.232,0.003611,0.996389
1.232,6e-05,0.99994
1.232,1e-05,0.99999
1.232,0.01892,0.98108
1.232,0.00103,0.99897
1.232,0.004263,0.995737
1.232,0.008974,0.991026
1.232,0.000525,0.999475
1.232,0.000128,0.999872
1.232,0.000335,0.999665
1.232,0.000925,0.999075
1.232,0.00178,0.99822
1.232,0.000171,0.999829
1.232,0.000816,0.999184
1.232,0.124472,0.875528
1.232,0.000108,0.999892
1.232,0.53527,0.46473
1.232,0.00015,0.99985
1.232,0.016104,0.983896
1.232,0.0002,0.9998
1.232,0.000158,0.999842
1.232,0.000115,0.999885
1.232,0.00089,0.99911
1.232,0.016905,0.983095
1.232,0.405651,0.594349
1.232,0.137554,0.862446
1.232,3.4e-05,0.999966
1.232,0.000441,0.999559
1.232,7.7e-05,0.999922
1.232,0.035806,0.964194
1.232,0.000961,0.999039
1.232,0.462756,0.537244
1.232,8.1e-05,0.999919
1.232,0.000518,0.999482
1.232,0.004878,0.995122
1.232,0.095496,0.904504
1.232,0.000943,0.999057
1.232,7e-06,0.999993
1.232,0.000484,0.999516
1.232,0.003467,0.996534
1.232,0.002022,0.997978
1.232,0.229094,0.770906
1.232,0.001126,0.998874
1.232,2.1e-05,0.999979
1.232,0.000392,0.999608
1.232,0.000368,0.999632
1.232,0.246314,0.753686
1.232,0.005048,0.994952
1.232,0.01534,0.98466
1.232,0.083999,0.916001
1.232,0.002561,0.997439
1.232,9e-06,0.999991
1.232,0.387688,0.612312
1.232,0.040777,0.959223
1.232,0.003148,0.996852
1.232,0.000762,0.999238
1.238,0.001295,0.998705
1.238,0.001565,0.998435
1.238,2.9e-05,0.999971
1.238,0.076663,0.923337
1.238,0.000651,0.999349
1.238,0.000328,0.999672
1.238,0.002408,0.997592
1.238,0.226893,0.773107
1.238,0.051673,0.948326
1.238,0.010873,0.989127
1.238,0.004386,0.995614
1.238,0.000689,0.999311
1.238,0.059448,0.940552
1.238,0.122434,0.877566
1.238,0.221099,0.778901
1.238,0.00033,0.99967
1.238,2.7e-05,0.999973
1.238,0.000383,0.999617
1.238,0.014134,0.985866
1.238,0.028666,0.971334
1.238,0.00126,0.99874
1.238,1e-05,0.99999
1.238,1.4e-05,0.999986
1.238,0.000839,0.999161
1.238,0.069421,0.930579
1.238,0.003017,0.996983
1.238,0.013609,0.986391
1.238,0.064878,0.935122
1.238,0.241979,0.758021
1.238,0.001246,0.998754
1.238,0.000185,0.999815
1.238,0.033404,0.966596
1.238,0.000511,0.999489
1.238,0.000172,0.999828
1.238,0.078438,0.921562
1.238,0.00017,0.99983
1.238,0.75507,0.24493
1.238,0.000879,0.999121
1.238,0.007911,0.992089
1.238,0.01508,0.98492
1.238,0.000819,0.99918
1.238,0.032609,0.967391
1.238,0.004085,0.995915
1.238,0.023719,0.97628
1.238,0.001376,0.998624
1.238,0.00042,0.99958
1.238,0.412575,0.587425
1.238,2.1e-05,0.999979
1.238,0.000142,0.999858
1.238,0.000924,0.999076
1.238,0.020041,0.979959
1.238,0.000173,0.999827
1.238,0.000132,0.999868
1.238,0.001416,0.998584
1.238,0.005539,0.994462
1.238,0.013417,0.986583
1.238,8.9e-05,0.999911
1.238,0.015826,0.984174
1.238,0.088523,0.911477
1.238,0.006878,0.993122
1.238,5.6e-05,0.999944
1.238,0.004357,0.995643
1.238,0.011255,0.988745
1.238,0.188519,0.811482
1.238,0.000532,0.999468
1.238,0.057733,0.942267
1.238,0.001857,0.998143
1.238,0.00111,0.99889
1.238,0.001806,0.998194
1.238,0.000323,0.999678
1.238,0.03257,0.96743
1.238,0.000851,0.999149
1.238,9e-06,0.999991
1.238,0.028651,0.971349
1.238,1.7e-05,0.999982
1.238,0.000112,0.999888
1.238,0.679639,0.32036
1.238,0.001495,0.998505
1.238,0.007561,0.992439
1.238,2.9e-05,0.999971
1.238,0.001035,0.998965
1.238,0.049059,0.950941
1.238,0.097141,0.902859
1.238,0.22519,0.77481
1.238,0.005279,0.994721
1.238,0.000193,0.999807
1.238,0.269759,0.730241
1.238,0.000179,0.999821
1.238,0.001318,0.998682
1.238,0.005901,0.994099
1.238,0.042852,0.957148
1.238,0.003366,0.996634
1.238,0.034382,0.965618
1.238,7.8e-05,0.999922
1.238,2.2e-05,0.999978
1.238,4.8e-05,0.999952
1.238,0.008491,0.991508
1.238,0.023784,0.976216
1.238,0.013975,0.986025
1.238,0.006317,0.993683
1.244,0.001303,0.998697
1.244,0.000211,0.999789
1.244,6e-05,0.99994
1.244,0.001221,0.998779
1.244,0.059722,0.940278
1.244,0.000126,0.999874
1.244,0.000211,0.999789
1.244,0.000149,0.999851
1.244,0.068638,0.931362
1.244,0.021559,0.978441
1.244,2.4e-05,0.999976
1.244,0.000109,0.999891
1.244,0.008484,0.991516
1.244,2e-06,0.999998
1.244,0.005625,0.994375
1.244,0.001862,0.998138
1.244,0.000381,0.999619
1.244,0.004426,0.995574
1.244,0.008042,0.991958
1.244,0.004635,0.995365
1.244,2.5e-05,0.999975
1.244,0.000551,0.999449
1.244,0.149669,0.850331
1.244,0.023702,0.976298
1.244,0.006201,0.993799
1.244,4e-05,0.99996
1.244,0.000328,0.999673
1.244,0.001849,0.998151
1.244,0.002834,0.997166
1.244,0.000551,0.999449
1.244,0.000179,0.999821
1.244,0.00019,0.99981
1.244,0.253829,0.746171
1.244,0.000103,0.999896
1.244,4.5e-05,0.999955
1.244,0.00125,0.99875
1.244,0.000491,0.999509
1.244,0.031528,0.968472
1.244,1.3e-05,0.999987
1.244,0.116227,0.883773
1.244,0.372561,0.627439
1.244,0.000279,0.99972
1.244,1.6e-05,0.999984
1.244,0.000242,0.999758
1.244,0.005868,0.994132
1.244,0.000274,0.999726
1.244,1e-06,0.999999
1.244,0.005643,0.994358
1.244,0.002553,0.997447
1.244,0.013644,0.986356
1.244,0.000147,0.999853
1.244,0.002628,0.997372
1.244,0.0041,0.9959
1.244,8e-06,0.999992
1.244,0.000608,0.999392
1.244,0.001097,0.998903
1.244,0.002343,0.997656
1.244,5.6e-05,0.999944
1.244,0.000538,0.999462
1.244,0.008145,0.991855
1.244,0.00024,0.99976
1.244,0.580893,0.419106
1.244,0.00256,0.99744
1.244,0.000187,0.999813
1.244,0.002338,0.997662
1.244,0.000106,0.999894
1.244,5e-06,0.999995
1.244,2e-06,0.999998
1.244,0.033716,0.966284
1.244,9e-06,0.999991
1.244,0.008019,0.991981
1.244,0.047589,0.952411
1.244,9.7e-05,0.999903
1.244,0.016958,0.983042
1.244,0.008234,0.991766
1.244,0.114353,0.885647
1.244,0.000757,0.999244
1.244,0.00063,0.99937
1.244,0.033219,0.966781
1.244,0.209573,0.790427
1.244,0.000314,0.999686
1.244,1.5e-05,0.999985
1.244,0.083053,0.916947
1.244,0.000167,0.999833
1.244,7e-06,0.999993
1.244,0.140085,0.859915
1.244,0.016455,0.983545
1.244,0.012624,0.987376
1.244,0.001122,0.998878
1.244,0.011335,0.988665
1.244,0.001353,0.998647
1.244,0.024067,0.975933
1.244,0.001315,0.998685
1.244,0.268231,0.731769
1.244,0.001409,0.99859
1.244,5.9e-05,0.999941
1.244,0.017905,0.982095
1.244,0.000632,0.999368
1.244,0.000386,0.999614
1.244,6.4e-05,0.999936
1.25,2.9e-05,0.999971
1.25,0.001359,0.998641
1.25,0.022501,0.977499
1.25,0.005618,0.994382
1.25,0.017163,0.982837
1.25,0.005802,0.994198
1.25,0.000349,0.999651
1.25,0.209617,0.790383
1.25,0.004878,0.995122
1.25,0.000303,0.999697
1.25,1.4e-05,0.999986
1.25,0.001602,0.998398
1.25,0.171593,0.828407
1.25,1.8e-05,0.999982
1.25,0.004914,0.995086
1.25,0.000308,0.999692
1.25,0.015924,0.984076
1.25,0.003117,0.996883
1.25,0.006468,0.993532
1.25,9.2e-05,0.999908
1.25,0.000145,0.999855
1.25,0.000863,0.999137
1.25,0.003536,0.996464
1.25,0.017887,0.982113
1.25,0.005786,0.994214
1.25,0.525982,0.474018
1.25,0.004158,0.995842
1.25,0.002876,0.997124
1.25,0.029107,0.970893
1.25,0.180395,0.819605
1.25,0.032063,0.967937
1.25,0.007588,0.992412
1.25,0.03536,0.96464
1.25,0.086604,0.913396
1.25,0.000183,0.999817
1.25,0.00032,0.99968
1.25,2.1e-05,0.999979
1.25,0.029013,0.970987
1.25,1.6e-05,0.999984
1.25,0.001699,0.998301
1.25,0.007828,0.992172
1.25,0.001249,0.998751
1.25,0.000886,0.999114
1.25,0.000346,0.999654
1.25,0.000735,0.999265
1.25,0.16681,0.83319
1.25,4e-06,0.999996
1.25,4.3e-05,0.999957
1.25,1e-04,0.9999
1.25,0.007316,0.992684
1.25,0.001638,0.998362
1.25,0.004805,0.995195
1.25,5e-05,0.99995
1.25,0.000149,0.999851
1.25,5e-05,0.99995
1.25,9.7e-05,0.999903
1.25,0.000488,0.999512
1.25,0.000825,0.999175
1.25,0.866453,0.133547
1.25,0.001543,0.998457
1.25,0.001903,0.998097
1.25,0.000316,0.999684
1.25,0.011225,0.988775
1.25,0.033002,0.966998
1.25,0.009454,0.990546
1.25,1.3e-05,0.999987
1.25,0.000113,0.999887
1.25,0.067987,0.932013
1.25,0.005557,0.994443
1.25,0.020813,0.979187
1.25,8e-05,0.99992
1.25,0.005872,0.994128
1.25,0.000222,0.999778
1.25,0.000342,0.999658
1.25,0.383945,0.616055
1.25,0.67391,0.32609
1.25,0.042666,0.957334
1.25,0.010546,0.989454
1.25,9e-05,0.99991
1.25,0.009716,0.990284
1.25,0.000337,0.999663
1.25,0.00278,0.99722
1.25,0.004435,0.995565
1.25,0.005068,0.994932
1.25,6.2e-05,0.999938
1.25,0.002333,0.997667
1.25,0.000502,0.999498
1.25,0.033933,0.966067
1.25,0.00067,0.99933
1.25,0.001065,0.998935
1.25,0.013866,0.986134
1.25,5e-06,0.999995
1.25,6.2e-05,0.999938
1.25,0.000443,0.999557
1.25,0.005381,0.99462
1.25,0.327294,0.672706
1.25,0.000779,0.999221
1.25,0.075545,0.924455
1.25,0.005578,0.994422
1.25,0.002087,0.997913
1.256,0.003838,0.996162
1.256,0.001198,0.998802
1.256,0.050144,0.949856
1.256,0.001923,0.998077
1.256,0.000293,0.999707
1.256,0.01111,0.98889
1.256,0.039587,0.960413
1.256,0.008213,0.991787
1.256,4.3e-05,0.999957
1.256,0.631718,0.368282
1.256,0.001858,0.998142
1.256,0.00029,0.99971
1.256,0.002431,0.997569
1.256,0.009654,0.990346
1.256,0.002145,0.997854
1.256,0.0316,0.9684
1.256,0.001668,0.998332
1.256,0.000291,0.999708
1.256,0.597886,0.402114
1.256,0.000899,0.999101
1.256,0.003586,0.996414
1.256,0.006047,0.993953
1.256,0.055452,0.944548
1.256,0.00656,0.99344
1.256,0.000448,0.999552
1.256,4e-06,0.999996
1.256,0.000115,0.999885
1.256,0.000271,0.999729
1.256,6.2e-05,0.999938
1.256,0.003132,0.996868
1.256,0.000118,0.999882
1.256,0.072873,0.927127
1.256,0.001472,0.998528
1.256,0.073424,0.926576
1.256,0.001247,0.998753
1.256,0.001976,0.998024
1.256,0.000232,0.999768
1.256,0.000287,0.999713
1.256,0.006868,0.993132
1.256,0.000504,0.999496
1.256,0.000843,0.999157
1.256,9e-06,0.999991
1.256,2.3e-05,0.999977
1.256,0.000454,0.999546
1.256,8.4e-05,0.999916
1.256,1.8e-05,0.999982
1.256,0.020753,0.979247
1.256,0.000207,0.999794
1.256,0.001247,0.998753
1.256,2e-06,0.999998
1.256,0.002679,0.997321
1.256,0.000646,0.999354
1.256,0.056087,0.943913
1.256,0.052091,0.947909
1.256,0.000285,0.999715
1.256,0.006226,0.993774
1.256,0.000152,0.999848
1.256,0.00181,0.99819
1.256,0.000206,0.999794
1.256,0.000213,0.999787
1.256,0.002999,0.997001
1.256,0.000581,0.999419
1.256,0.001107,0.998893
1.256,0.000117,0.999883
1.256,0.002515,0.997486
1.256,0.000436,0.999564
1.256,2.1e-05,0.999979
1.256,0.000159,0.999841
1.256,0.692173,0.307827
1.256,0.000114,0.999886
1.256,0.086693,0.913307
1.256,8.6e-05,0.999914
1.256,8.7e-05,0.999913
1.256,0.000546,0.999454
1.256,0.000493,0.999507
1.256,0.001824,0.998176
1.256,0.059778,0.940222
1.256,0.00059,0.99941
1.256,0.00612,0.99388
1.256,0.122695,0.877305
1.256,0.276897,0.723103
1.256,0.00033,0.99967
1.256,0.000409,0.999591
1.256,5.7e-05,0.999943
1.256,1.6e-05,0.999984
1.256,6.4e-05,0.999936
1.256,0.001519,0.998481
1.256,1.6e-05,0.999984
1.256,8e-06,0.999992
1.256,0.016054,0.983946
1.256,0.003978,0.996022
1.256,0.003674,0.996326
1.256,0.094534,0.905466
1.256,0.002464,0.997536
1.256,0.003942,0.996058
1.256,0.50118,0.49882
1.256,0.000224,0.999776
1.256,3e-05,0.99997
1.256,0.001869,0.998131
1.256,0.212597,0.787403
1.262,0.123724,0.876276
1.262,0.028207,0.971793
1.262,0.000199,0.999801
1.262,0.073827,0.926173
1.262,0.003432,0.996568
1.262,0.000176,0.999824
1.262,0.052651,0.947349
1.262,0.003256,0.996744
1.262,0.004678,0.995322
1.262,0.001675,0.998325
1.262,2.6e-05,0.999974
1.262,0.004256,0.995744
1.262,4.5e-05,0.999955
1.262,6.5e-05,0.999935
1.262,0.000539,0.999461
1.262,0.002044,0.997956
1.262,0.006862,0.993138
1.262,2.7e-05,0.999973
1.262,8.4e-05,0.999916
1.262,0.000501,0.999499
1.262,0.000107,0.999893
1.262,0.000664,0.999336
1.262,2.2e-05,0.999978
1.262,0.000129,0.999871
1.262,9e-05,0.99991
1.262,0.002366,0.997634
1.262,0.00125,0.99875
1.262,0.001082,0.998918
1.262,0.05488,0.94512
1.262,4.2e-05,0.999958
1.262,1.1e-05,0.999989
1.262,0.000142,0.999858
1.262,0.228664,0.771336
1.262,7e-06,0.999992
1.262,2.7e-05,0.999973
1.262,0.002094,0.997906
1.262,0.008905,0.991095
1.262,3.3e-05,0.999967
1.262,0.638934,0.361066
1.262,0.019176,0.980824
1.262,0.000561,0.999439
1.262,0.000106,0.999894
1.262,0.00044,0.99956
1.262,0.000328,0.999672
1.262,9.6e-05,0.999904
1.262,0.000138,0.999862
1.262,0.000105,0.999895
1.262,0.00738,0.99262
1.262,0.009464,0.990536
1.262,3.7e-05,0.999963
1.262,0.134529,0.865471
1.262,0.000261,0.999738
1.262,0.002678,0.997322
1.262,0.02606,0.97394
1.262,0.000154,0.999846
1.262,3.5e-05,0.999965
1.262,0.008057,0.991943
1.262,0.000139,0.999861
1.262,0.003857,0.996143
1.262,0.000502,0.999498
1.262,5.8e-05,0.999942
1.262,1.7e-05,0.999983
1.262,0.001598,0.998402
1.262,0.52134,0.47866
1.262,5.4e-05,0.999946
1.262,0.011063,0.988938
1.262,1.1e-05,0.999989
1.262,0.000138,0.999862
1.262,0.045804,0.954196
1.262,0.005582,0.994418
1.262,9.4e-05,0.999906
1.262,0.04743,0.95257
1.262,1.5e-05,0.999985
1.262,0.001266,0.998734
1.262,0.004069,0.995931
1.262,2.1e-05,0.999979
1.262,0.000287,0.999713
1.262,5.7e-05,0.999943
1.262,0.000886,0.999114
1.262,0.000154,0.999846
1.262,0.001425,0.998575
1.262,0.741982,0.258018
1.262,6.6e-05,0.999934
1.262,0.000523,0.999477
1.262,0.00065,0.99935
1.262,0.003523,0.996477
1.262,1e-05,0.99999
1.262,2.2e-05,0.999978
1.262,0.003103,0.996897
1.262,9.3e-05,0.999907
1.262,3.7e-05,0.999963
1.262,0.002244,0.997756
1.262,0.000777,0.999223
1.262,0.000369,0.999631
1.262,0.065362,0.934638
1.262,0.00067,0.99933
1.262,0.000875,0.999125
1.262,0.000118,0.999882
1.262,0.000346,0.999654
1.262,0.004609,0.995391
1.268,0.000325,0.999675
1.268,0.374376,0.625624
1.268,0.000285,0.999715
1.268,0.000837,0.999163
1.268,0.493945,0.506055
1.268,0.000152,0.999848
1.268,0.000424,0.999576
1.268,0.000101,0.999899
1.268,0.004789,0.995212
1.268,7e-06,0.999993
1.268,9e-06,0.999991
1.268,0.000365,0.999635
1.268,4.8e-05,0.999952
1.268,8.8e-05,0.999912
1.268,2.7e-05,0.999973
1.268,0.00039,0.99961
1.268,0.000303,0.999697
1.268,0.00166,0.99834
1.268,0.001224,0.998776
1.268,0.000215,0.999785
1.268,0.001788,0.998212
1.268,9.5e-05,0.999905
1.268,0.017981,0.982019
1.268,0.000161,0.999839
1.268,0.005724,0.994276
1.268,0.000382,0.999618
1.268,0.000203,0.999797
1.268,0.002535,0.997465
1.268,0.006366,0.993634
1.268,1e-05,0.99999
1.268,0.001314,0.998686
1.268,0.000485,0.999515
1.268,0.0064,0.9936
1.268,0.000179,0.999821
1.268,1.8e-05,0.999982
1.268,0.000876,0.999124
1.268,0.000112,0.999888
1.268,0.020329,0.979671
1.268,0.000108,0.999892
1.268,0.03504,0.96496
1.268,0.01465,0.98535
1.268,1.5e-05,0.999985
1.268,0.00385,0.99615
1.268,0.000253,0.999747
1.268,0.029473,0.970526
1.268,0.000531,0.999469
1.268,0.002773,0.997227
1.268,7.4e-05,0.999926
1.268,0.000676,0.999324
1.268,0.001259,0.998741
1.268,5e-06,0.999995
1.268,0.089765,0.910235
1.268,0.005669,0.994331
1.268,7.5e-05,0.999925
1.268,0.000526,0.999474
1.268,0.000726,0.999275
1.268,0.000441,0.999559
1.268,1.6e-05,0.999984
1.268,0.000226,0.999774
1.268,0.001144,0.998856
1.268,0.000366,0.999634
1.268,0.015015,0.984985
1.268,0.000212,0.999788
1.268,0.000529,0.999471
1.268,0.102592,0.897408
1.268,0.000814,0.999186
1.268,5e-06,0.999996
1.268,0.000283,0.999717
1.268,0.001096,0.998904
1.268,0.000152,0.999848
1.268,2.4e-05,0.999976
1.268,0.034451,0.965549
1.268,7e-05,0.99993
1.268,0.000196,0.999804
1.268,4e-06,0.999996
1.268,0.001029,0.998971
1.268,2.4e-05,0.999976
1.268,0.001271,0.998729
1.268,0.00134,0.99866
1.268,9.6e-05,0.999904
1.268,0.748717,0.251283
1.268,8.2e-05,0.999918
1.268,0.000854,0.999146
1.268,3.5e-05,0.999965
1.268,6.4e-05,0.999936
1.268,0.01197,0.98803
1.268,7e-06,0.999993
1.268,1.4e-05,0.999986
1.268,0.057869,0.942131
1.268,0.016156,0.983844
1.268,0.000144,0.999856
1.268,0.000523,0.999478
1.268,0.000529,0.999471
1.268,1.1e-05,0.999989
1.268,6.7e-05,0.999933
1.268,0.000363,0.999637
1.268,4.8e-05,0.999952
1.268,0.980007,0.019993
1.268,0.002566,0.997434
1.268,0.016723,0.983277
1.274,9.4e-05,0.999906
1.274,0.015979,0.984022
1.274,0.789714,0.210286
1.274,7e-06,0.999993
1.274,0.02565,0.97435
1.274,0.018974,0.981026
1.274,0.018203,0.981797
1.274,0.005186,0.994814
1.274,0.000479,0.999521
1.274,5.6e-05,0.999944
1.274,0.008493,0.991507
1.274,3.8e-05,0.999962
1.274,0.001328,0.998672
1.274,2.5e-05,0.999975
1.274,0.000105,0.999894
1.274,0.000583,0.999417
1.274,0.043018,0.956982
1.274,7.3e-05,0.999927
1.274,0.003871,0.996129
1.274,6.2e-05,0.999938
1.274,0.007023,0.992977
1.274,1e-05,0.99999
1.274,0.001493,0.998507
1.274,3.6e-05,0.999964
1.274,0.000189,0.999811
1.274,0.001033,0.998967
1.274,1e-04,0.9999
1.274,0.000721,0.999279
1.274,0.001101,0.998899
1.274,1.2e-05,0.999988
1.274,2.5e-05,0.999975
1.274,0.920442,0.079558
1.274,3.9e-05,0.999961
1.274,0.001312,0.998688
1.274,0.030077,0.969923
1.274,0.000809,0.999191
1.274,0.000784,0.999216
1.274,5.7e-05,0.999943
1.274,0.001022,0.998978
1.274,4.9e-05,0.999951
1.274,0.01742,0.98258
1.274,0.000142,0.999858
1.274,0.032342,0.967658
1.274,0.036149,0.963851
1.274,9e-06,0.999991
1.274,8.5e-05,0.999915
1.274,0.002934,0.997066
1.274,0.14591,0.85409
1.274,8.6e-05,0.999914
1.274,0.00102,0.99898
1.274,5e-06,0.999995
1.274,0.004382,0.995618
1.274,0.001298,0.998702
1.274,0.008842,0.991158
1.274,6.2e-05,0.999938
1.274,0.001101,0.998899
1.274,0.001396,0.998604
1.274,0.001483,0.998517
1.274,0.000144,0.999856
1.274,0.00034,0.99966
1.274,0.012397,0.987603
1.274,5e-06,0.999996
1.274,0.000308,0.999692
1.274,0.000396,0.999604
1.274,0.018033,0.981967
1.274,0.000209,0.999791
1.274,0.404226,0.595774
1.274,0.031728,0.968272
1.274,0.001604,0.998396
1.274,1.3e-05,0.999987
1.274,0.000439,0.999561
1.274,4.3e-05,0.999957
1.274,0.004052,0.995948
1.274,6.4e-05,0.999936
1.274,0.00538,0.99462
1.274,0.000528,0.999472
1.274,7.8e-05,0.999922
1.274,0.009617,0.990383
1.274,0.000718,0.999282
1.274,5.6e-05,0.999944
1.274,0.007116,0.992884
1.274,2e-06,0.999998
1.274,7.1e-05,0.999929
1.274,8.1e-05,0.999919
1.274,0.006441,0.993559
1.274,0.001773,0.998227
1.274,0.002574,0.997426
1.274,0.000671,0.999329
1.274,4.2e-05,0.999958
1.274,0.000575,0.999425
1.274,7.7e-05,0.999923
1.274,9e-06,0.999991
1.274,5.9e-05,0.999941
1.274,2.6e-05,0.999974
1.274,0.002382,0.997618
1.274,1.8e-05,0.999982
1.274,0.000208,0.999792
1.274,0.010323,0.989677
1.274,0.002535,0.997465
1.274,0.016053,0.983947
1.28,0.000196,0.999804
1.28,0.000242,0.999758
1.28,1.5e-05,0.999985
1.28,2e-06,0.999998
1.28,0.001973,0.998027
1.28,0.000122,0.999878
1.28,0.026087,0.973913
1.28,8.3e-05,0.999917
1.28,4.2e-05,0.999958
1.28,1.3e-05,0.999988
1.28,0.000216,0.999784
1.28,0.002097,0.997903
1.28,2.1e-05,0.999979
1.28,6e-06,0.999994
1.28,0.011442,0.988558
1.28,0.000296,0.999703
1.28,0.000924,0.999076
1.28,0.004539,0.995461
1.28,7.1e-05,0.999929
1.28,0.002766,0.997234
1.28,0.015182,0.984818
1.28,4.1e-05,0.999959
1.28,0.000118,0.999882
1.28,7e-06,0.999993
1.28,0.004358,0.995642
1.28,0.001821,0.998179
1.28,0.000115,0.999885
1.28,0.010554,0.989446
1.28,1.5e-05,0.999985
1.28,0.000139,0.999861
1.28,0.002394,0.997606
1.28,2.4e-05,0.999976
1.28,8.8e-05,0.999912
1.28,0.000147,0.999853
1.28,0.000537,0.999463
1.28,0.014297,0.985703
1.28,0.000679,0.999321
1.28,0.003349,0.996651
1.28,0.000171,0.999829
1.28,7.2e-05,0.999928
1.28,8e-06,0.999992
1.28,0.003228,0.996772
1.28,0.001845,0.998155
1.28,0.007482,0.992518
1.28,0.060843,0.939157
1.28,0.000637,0.999363
1.28,0.000194,0.999806
1.28,0.000157,0.999843
1.28,4.7e-05,0.999953
1.28,0.00019,0.99981
1.28,9.6e-05,0.999904
1.28,3e-06,0.999997
1.28,0.00028,0.99972
1.28,0.003904,0.996096
1.28,0.005406,0.994594
1.28,0.015413,0.984586
1.28,0.03764,0.96236
1.28,0.030267,0.969733
1.28,0.002229,0.997771
1.28,0.000133,0.999867
1.28,1.7e-05,0.999983
1.28,4.4e-05,0.999956
1.28,0.012197,0.987803
1.28,3.9e-05,0.999961
1.28,0.000419,0.999581
1.28,0.000349,0.999651
1.28,0.004052,0.995948
1.28,0.002414,0.997586
1.28,0.012401,0.987599
1.28,4.1e-05,0.99996
1.28,5.4e-05,0.999946
1.28,0.000164,0.999836
1.28,4.2e-05,0.999958
1.28,0.014651,0.985349
1.28,4e-06,0.999996
1.28,0.003417,0.996583
1.28,0.00108,0.998921
1.28,7e-06,0.999992
1.28,0.041914,0.958086
1.28,5e-06,0.999995
1.28,1.3e-05,0.999987
1.28,0.001108,0.998892
1.28,0.000285,0.999715
1.28,1.3e-05,0.999987
1.28,0.000438,0.999562
1.28,0.0004,0.9996
1.28,0.00028,0.99972
1.28,0.000429,0.999571
1.28,3e-05,0.99997
1.28,0.000291,0.999709
1.28,0.000368,0.999632
1.28,0.000493,0.999507
1.28,2e-06,0.999998
1.28,0.013442,0.986558
1.28,0.009893,0.990107
1.28,0.000911,0.999089
1.28,0.610111,0.389889
1.28,0.000114,0.999886
1.28,2e-06,0.999998
1.28,0.002778,0.997222
1.286,0.00252,0.99748
1.286,2e-06,0.999998
1.286,2.1e-05,0.999979
1.286,0.001918,0.998082
1.286,2e-05,0.99998
1.286,0.016154,0.983846
1.286,0.000719,0.999281
1.286,0.013202,0.986798
1.286,0.000383,0.999617
1.286,4e-06,0.999996
1.286,0.05094,0.94906
1.286,0.00156,0.99844
1.286,0.00063,0.99937
1.286,0.001279,0.99872
1.286,4.7e-05,0.999953
1.286,0.000127,0.999873
1.286,0.036112,0.963888
1.286,0.000268,0.999732
1.286,0.000324,0.999676
1.286,0.000501,0.999499
1.286,0.001187,0.998813
1.286,0.00256,0.99744
1.286,0.000121,0.999879
1.286,0.000188,0.999812
1.286,0.005922,0.994078
1.286,0.013377,0.986623
1.286,0.01516,0.98484
1.286,0.000778,0.999222
1.286,1e-06,0.999999
1.286,5e-06,0.999995
1.286,5e-06,0.999995
1.286,0.001038,0.998962
1.286,0.003715,0.996285
1.286,0.00174,0.99826
1.286,1.6e-05,0.999984
1.286,0.017175,0.982825
1.286,0.000391,0.999609
1.286,0.010622,0.989378
1.286,7e-06,0.999993
1.286,2.1e-05,0.999979
1.286,2.8e-05,0.999972
1.286,0.146301,0.853699
1.286,0.007981,0.992019
1.286,0.004431,0.995569
1.286,5e-05,0.99995
1.286,0.000194,0.999806
1.286,0.00068,0.99932
1.286,0.001106,0.998894
1.286,8.4e-05,0.999916
1.286,0.006803,0.993196
1.286,0.000162,0.999838
1.286,0.000241,0.999759
1.286,0.000275,0.999725
1.286,0.01936,0.98064
1.286,1.2e-05,0.999988
1.286,1e-06,0.999999
1.286,8e-06,0.999992
1.286,7.5e-05,0.999925
1.286,0.007715,0.992285
1.286,0.000336,0.999664
1.286,0.000666,0.999334
1.286,0.000171,0.999829
1.286,0.273181,0.726819
1.286,0.005943,0.994057
1.286,0.000115,0.999885
1.286,0.004171,0.995829
1.286,0.014893,0.985107
1.286,0.001348,0.998652
1.286,3.7e-05,0.999963
1.286,0.000125,0.999875
1.286,0.000137,0.999863
1.286,0.002853,0.997147
1.286,2.4e-05,0.999976
1.286,0.003786,0.996214
1.286,6e-06,0.999994
1.286,0.022406,0.977594
1.286,0.000105,0.999895
1.286,0.000779,0.99922
1.286,0.004973,0.995028
1.286,5.8e-05,0.999942
1.286,0.00298,0.99702
1.286,3.9e-05,0.999961
1.286,5e-06,0.999995
1.286,0.001783,0.998217
1.286,0.00275,0.99725
1.286,0.000283,0.999717
1.286,0.000804,0.999196
1.286,0.00077,0.99923
1.286,0.000535,0.999465
1.286,1.5e-05,0.999985
1.286,0.000117,0.999883
1.286,0.012072,0.987928
1.286,2.2e-05,0.999978
1.286,4e-06,0.999996
1.286,0.001582,0.998418
1.286,3e-06,0.999997
1.286,6.9e-05,0.999931
1.286,0.008642,0.991358
1.286,8e-06,0.999992
1.286,0.000818,0.999182
1.292,0.001495,0.998505
1.292,0.001706,0.998294
1.292,0.000265,0.999735
1.292,0.056911,0.943089
1.292,0.000623,0.999378
1.292,0.310022,0.689978
1.292,0.000453,0.999547
1.292,0.000487,0.999513
1.292,3.3e-05,0.999967
1.292,2.2e-05,0.999978
1.292,0.001736,0.998264
1.292,0.003164,0.996836
1.292,4e-06,0.999996
1.292,0.000617,0.999383
1.292,3.8e-05,0.999962
1.292,1.9e-05,0.999981
1.292,7.1e-05,0.999929
1.292,8.8e-05,0.999912
1.292,0.006459,0.993541
1.292,0.049076,0.950924
1.292,6.6e-05,0.999934
1.292,0.001095,0.998905
1.292,0.002986,0.997014
1.292,0.022819,0.977181
1.292,3.4e-05,0.999966
1.292,1e-04,0.9999
1.292,0.000326,0.999674
1.292,1e-06,0.999999
1.292,0.01471,0.98529
1.292,9.6e-05,0.999904
1.292,4.5e-05,0.999955
1.292,0.007028,0.992972
1.292,0.000106,0.999894
1.292,0.01302,0.98698
1.292,8.1e-05,0.999919
1.292,0.001957,0.998043
1.292,0.000165,0.999835
1.292,0.004429,0.995571
1.292,0.005644,0.994356
1.292,0.001775,0.998225
1.292,0.012652,0.987348
1.292,7e-06,0.999993
1.292,0.000872,0.999128
1.292,1.7e-05,0.999983
1.292,0.000536,0.999464
1.292,0.0,1.0
1.292,0.002172,0.997828
1.292,0.000266,0.999734
1.292,0.016185,0.983815
1.292,5e-05,0.99995
1.292,0.000234,0.999766
1.292,0.000274,0.999726
1.292,0.002506,0.997494
1.292,0.00138,0.99862
1.292,0.001047,0.998953
1.292,0.002769,0.997231
1.292,5e-05,0.99995
1.292,0.000417,0.999583
1.292,1.2e-05,0.999988
1.292,1.5e-05,0.999985
1.292,0.000952,0.999048
1.292,1.2e-05,0.999988
1.292,0.054549,0.945451
1.292,4e-06,0.999996
1.292,5e-06,0.999994
1.292,1e-05,0.99999
1.292,0.012079,0.987921
1.292,0.000728,0.999272
1.292,0.055118,0.944882
1.292,0.016956,0.983044
1.292,0.000171,0.999828
1.292,0.00156,0.99844
1.292,1.6e-05,0.999984
1.292,0.003162,0.996838
1.292,2.2e-05,0.999978
1.292,5e-06,0.999995
1.292,2.8e-05,0.999972
1.292,0.000109,0.999891
1.292,3e-06,0.999997
1.292,9.1e-05,0.999909
1.292,4e-06,0.999996
1.292,0.000415,0.999585
1.292,6e-05,0.99994
1.292,0.002266,0.997734
1.292,0.001025,0.998975
1.292,6.7e-05,0.999933
1.292,3e-05,0.99997
1.292,0.00012,0.99988
1.292,3.2e-05,0.999968
1.292,0.000134,0.999866
1.292,0.000344,0.999656
1.292,0.046966,0.953034
1.292,0.001587,0.998413
1.292,9.4e-05,0.999906
1.292,9e-06,0.999991
1.292,6e-06,0.999994
1.292,0.001243,0.998757
1.292,4.6e-05,0.999954
1.292,8.5e-05,0.999915
1.292,0.001985,0.998015
1.298,0.000217,0.999783
1.298,0.000603,0.999397
1.298,0.004844,0.995156
1.298,1.7e-05,0.999983
1.298,9e-06,0.999991
1.298,0.007446,0.992554
1.298,0.000167,0.999833
1.298,0.684212,0.315788
1.298,0.009032,0.990968
1.298,0.000331,0.999669
1.298,4.3e-05,0.999957
1.298,0.000276,0.999724
1.298,2e-06,0.999998
1.298,0.015358,0.984642
1.298,3.3e-05,0.999967
1.298,5.4e-05,0.999946
1.298,0.002439,0.997561
1.298,4.1e-05,0.999959
1.298,8.2e-05,0.999918
1.298,0.00026,0.99974
1.298,5.8e-05,0.999942
1.298,0.002579,0.997421
1.298,0.006235,0.993765
1.298,0.060621,0.939379
1.298,0.000204,0.999796
1.298,0.009661,0.990339
1.298,0.007054,0.992946
1.298,4.3e-05,0.999957
1.298,0.000543,0.999457
1.298,4e-06,0.999996
1.298,4.9e-05,0.999951
1.298,1.8e-05,0.999982
1.298,0.009401,0.990599
1.298,6e-06,0.999994
1.298,0.002843,0.997157
1.298,0.000758,0.999242
1.298,9e-06,0.999991
1.298,4.2e-05,0.999958
1.298,0.00014,0.99986
1.298,2e-05,0.99998
1.298,5e-06,0.999995
1.298,0.039342,0.960658
1.298,0.000402,0.999598
1.298,0.001174,0.998826
1.298,0.007299,0.992701
1.298,0.000575,0.999425
1.298,2.1e-05,0.999979
1.298,0.000124,0.999876
1.298,0.00051,0.99949
1.298,0.004668,0.995332
1.298,0.000946,0.999054
1.298,0.000284,0.999716
1.298,0.000368,0.999632
1.298,0.000512,0.999488
1.298,0.000515,0.999485
1.298,8e-06,0.999992
1.298,3.6e-05,0.999964
1.298,0.027647,0.972353
1.298,0.162247,0.837753
1.298,0.002699,0.997301
1.298,0.052985,0.947015
1.298,6e-06,0.999994
1.298,0.000477,0.999523
1.298,4.1e-05,0.999959
1.298,3.9e-05,0.999961
1.298,0.318209,0.681791
1.298,0.002417,0.997583
1.298,3e-06,0.999997
1.298,1.8e-05,0.999982
1.298,1e-06,0.999999
1.298,0.020615,0.979385
1.298,0.000112,0.999888
1.298,0.70128,0.29872
1.298,0.000183,0.999817
1.298,0.030257,0.969743
1.298,3.3e-05,0.999967
1.298,4.1e-05,0.999958
1.298,8.2e-05,0.999918
1.298,8.7e-05,0.999913
1.298,0.001471,0.998529
1.298,9e-05,0.99991
1.298,0.001417,0.998583
1.298,0.002027,0.997973
1.298,6.1e-05,0.999939
1.298,0.000137,0.999863
1.298,0.009275,0.990724
1.298,0.000744,0.999256
1.298,1.9e-05,0.999981
1.298,0.000204,0.999796
1.298,0.00028,0.99972
1.298,2e-06,0.999998
1.298,0.016322,0.983678
1.298,5.1e-05,0.999949
1.298,1.1e-05,0.999989
1.298,0.092967,0.907033
1.298,0.008621,0.991379
1.298,0.003263,0.996737
1.298,5.6e-05,0.999944
1.298,1.3e-05,0.999987
1.298,2.6e-05,0.999974
1.305,1.1e-05,0.999989
1.305,7.5e-05,0.999925
1.305,0.000284,0.999716
1.305,0.002443,0.997557
1.305,0.001604,0.998396
1.305,0.000353,0.999647
1.305,0.000114,0.999886
1.305,0.002467,0.997533
1.305,2.2e-05,0.999978
1.305,0.001573,0.998427
1.305,0.001992,0.998008
1.305,0.000156,0.999844
1.305,9.9e-05,0.9999
1.305,0.000108,0.999892
1.305,0.002392,0.997608
1.305,2e-06,0.999998
1.305,1.7e-05,0.999983
1.305,3e-06,0.999997
1.305,0.041621,0.958379
1.305,5.4e-05,0.999946
1.305,0.000893,0.999107
1.305,0.002879,0.997121
1.305,2.3e-05,0.999977
1.305,0.000165,0.999835
1.305,0.001217,0.998783
1.305,5e-06,0.999995
1.305,4e-05,0.99996
1.305,0.010858,0.989142
1.305,0.000108,0.999892
1.305,2.8e-05,0.999972
1.305,4e-06,0.999996
1.305,1.2e-05,0.999988
1.305,0.004983,0.995017
1.305,0.176915,0.823085
1.305,0.000606,0.999394
1.305,1.1e-05,0.999989
1.305,4e-06,0.999996
1.305,3e-06,0.999997
1.305,0.000799,0.999201
1.305,4.5e-05,0.999955
1.305,0.000309,0.999691
1.305,0.000371,0.999629
1.305,3e-06,0.999997
1.305,0.001525,0.998475
1.305,0.000145,0.999855
1.305,0.000371,0.999629
1.305,3.8e-05,0.999962
1.305,0.000523,0.999477
1.305,0.003692,0.996308
1.305,0.000155,0.999845
1.305,0.004386,0.995614
1.305,0.000862,0.999138
1.305,0.001819,0.99818
1.305,0.000305,0.999695
1.305,2.2e-05,0.999978
1.305,0.000537,0.999463
1.305,0.001194,0.998806
1.305,0.000326,0.999674
1.305,1.2e-05,0.999988
1.305,0.02609,0.97391
1.305,0.000466,0.999534
1.305,0.000139,0.999861
1.305,4.5e-05,0.999955
1.305,6e-06,0.999994
1.305,5e-06,0.999995
1.305,6.1e-05,0.999939
1.305,1.2e-05,0.999988
1.305,1.5e-05,0.999985
1.305,9.2e-05,0.999908
1.305,0.005563,0.994436
1.305,3.4e-05,0.999966
1.305,0.000131,0.999869
1.305,2.5e-05,0.999975
1.305,9e-06,0.999991
1.305,0.000107,0.999893
1.305,0.010064,0.989936
1.305,0.018137,0.981863
1.305,3.1e-05,0.999969
1.305,0.003366,0.996634
1.305,5.1e-05,0.999949
1.305,6.4e-05,0.999936
1.305,1e-06,0.999999
1.305,0.000442,0.999558
1.305,0.000108,0.999892
1.305,0.000216,0.999784
1.305,0.006279,0.993721
1.305,0.000281,0.999719
1.305,0.000256,0.999744
1.305,0.000335,0.999665
1.305,0.38001,0.61999
1.305,1e-06,0.999999
1.305,2.8e-05,0.999972
1.305,0.004724,0.995276
1.305,0.000296,0.999704
1.305,0.000596,0.999404
1.305,2.9e-05,0.999971
1.305,6e-06,0.999994
1.305,0.000121,0.999879
1.305,2.8e-05,0.999972
1.305,0.000383,0.999617
1.311,0.000315,0.999685
1.311,0.000109,0.999891
1.311,0.000143,0.999857
1.311,0.000944,0.999056
1.311,0.001284,0.998716
1.311,0.000581,0.999419
1.311,2.4e-05,0.999976
1.311,5.2e-05,0.999948
1.311,0.000495,0.999506
1.311,8.5e-05,0.999915
1.311,2e-06,0.999998
1.311,9.5e-05,0.999905
1.311,4.1e-05,0.999959
1.311,0.00161,0.99839
1.311,0.000923,0.999077
1.311,9.2e-05,0.999908
1.311,0.000825,0.999175
1.311,0.05132,0.94868
1.311,0.000104,0.999896
1.311,8.7e-05,0.999913
1.311,8e-06,0.999992
1.311,0.006488,0.993512
1.311,5e-06,0.999996
1.311,0.000335,0.999665
1.311,2.4e-05,0.999976
1.311,0.000743,0.999257
1.311,0.000429,0.999571
1.311,0.000772,0.999228
1.311,0.000484,0.999516
1.311,8e-05,0.99992
1.311,0.000302,0.999698
1.311,3.7e-05,0.999963
1.311,0.062008,0.937992
1.311,6e-06,0.999994
1.311,0.046472,0.953528
1.311,2.6e-05,0.999974
1.311,0.001159,0.998841
1.311,0.00877,0.99123
1.311,0.002874,0.997126
1.311,8.8e-05,0.999912
1.311,2.1e-05,0.999979
1.311,0.000132,0.999868
1.311,2.4e-05,0.999976
1.311,4e-06,0.999996
1.311,0.000728,0.999272
1.311,0.002167,0.997833
1.311,6e-06,0.999994
1.311,4e-06,0.999996
1.311,2.5e-05,0.999975
1.311,0.000603,0.999397
1.311,0.00016,0.99984
1.311,0.000333,0.999667
1.311,5.5e-05,0.999945
1.311,7e-06,0.999993
1.311,0.002287,0.997713
1.311,1.3e-05,0.999987
1.311,8.4e-05,0.999916
1.311,0.000185,0.999815
1.311,8.5e-05,0.999915
1.311,0.523772,0.476228
1.311,0.000202,0.999798
1.311,0.000823,0.999177
1.311,0.000337,0.999663
1.311,2.2e-05,0.999978
1.311,0.000521,0.999479
1.311,0.000133,0.999867
1.311,4e-06,0.999996
1.311,0.000191,0.999809
1.311,0.161824,0.838176
1.311,2e-06,0.999998
1.311,2e-06,0.999998
1.311,4.2e-05,0.999958
1.311,0.00019,0.99981
1.311,0.005533,0.994466
1.311,6.4e-05,0.999936
1.311,0.001445,0.998555
1.311,1.7e-05,0.999983
1.311,0.000228,0.999772
1.311,0.000192,0.999808
1.311,0.000572,0.999428
1.311,4.2e-05,0.999958
1.311,8e-06,0.999992
1.311,0.001249,0.998751
1.311,0.000542,0.999458
1.311,0.000432,0.999568
1.311,0.000969,0.999031
1.311,0.000409,0.999591
1.311,0.003039,0.996961
1.311,5.7e-05,0.999943
1.311,8e-06,0.999992
1.311,1.3e-05,0.999987
1.311,0.00065,0.99935
1.311,6e-05,0.99994
1.311,0.011125,0.988875
1.311,0.000874,0.999126
1.311,1.1e-05,0.999989
1.311,0.00319,0.99681
1.311,1.6e-05,0.999984
1.311,2.3e-05,0.999977
1.311,0.000913,0.999087
1.317,1.4e-05,0.999986
1.317,0.000142,0.999858
1.317,0.001462,0.998538
1.317,1e-06,0.999999
1.317,6e-06,0.999994
1.317,0.000148,0.999852
1.317,0.001547,0.998453
1.317,7.2e-05,0.999928
1.317,9.9e-05,0.999901
1.317,5.7e-05,0.999943
1.317,1.2e-05,0.999988
1.317,0.005556,0.994444
1.317,4e-06,0.999996
1.317,0.000786,0.999214
1.317,1.1e-05,0.999989
1.317,0.000477,0.999523
1.317,0.000579,0.999421
1.317,3.3e-05,0.999967
1.317,7e-06,0.999993
1.317,0.003594,0.996406
1.317,7.1e-05,0.999929
1.317,0.000113,0.999887
1.317,4.9e-05,0.999951
1.317,0.000754,0.999246
1.317,6.8e-05,0.999932
1.317,0.006439,0.993561
1.317,0.000184,0.999816
1.317,0.000207,0.999793
1.317,0.00024,0.99976
1.317,2e-06,0.999998
1.317,0.006516,0.993484
1.317,0.001358,0.998642
1.317,3e-06,0.999997
1.317,0.000187,0.999814
1.317,4e-06,0.999996
1.317,3.6e-05,0.999964
1.317,0.00272,0.99728
1.317,1.3e-05,0.999987
1.317,0.000453,0.999547
1.317,4e-06,0.999996
1.317,0.000631,0.999369
1.317,4.8e-05,0.999952
1.317,7.6e-05,0.999924
1.317,0.001051,0.998949
1.317,3.6e-05,0.999964
1.317,9.4e-05,0.999906
1.317,0.000151,0.999849
1.317,0.001884,0.998116
1.317,0.000832,0.999168
1.317,0.000178,0.999822
1.317,0.000783,0.999217
1.317,1.5e-05,0.999985
1.317,4e-06,0.999996
1.317,0.000824,0.999176
1.317,1.7e-05,0.999983
1.317,0.000908,0.999092
1.317,0.001698,0.998302
1.317,1.8e-05,0.999982
1.317,0.000165,0.999835
1.317,0.000119,0.999881
1.317,4e-05,0.99996
1.317,0.169289,0.83071
1.317,2.1e-05,0.999979
1.317,0.000843,0.999157
1.317,0.000549,0.999451
1.317,1.2e-05,0.999988
1.317,0.00035,0.99965
1.317,2.2e-05,0.999978
1.317,3e-05,0.99997
1.317,1.1e-05,0.99999
1.317,0.001208,0.998792
1.317,3e-06,0.999997
1.317,0.000169,0.999831
1.317,6.5e-05,0.999935
1.317,4e-06,0.999996
1.317,5.3e-05,0.999947
1.317,0.000103,0.999897
1.317,8e-06,0.999992
1.317,0.000162,0.999838
1.317,0.014668,0.985332
1.317,0.000168,0.999832
1.317,0.000407,0.999593
1.317,1.3e-05,0.999987
1.317,0.000156,0.999844
1.317,0.056584,0.943416
1.317,2e-06,0.999998
1.317,1.3e-05,0.999987
1.317,0.006469,0.993531
1.317,1.2e-05,0.999988
1.317,0.000143,0.999857
1.317,1.1e-05,0.999989
1.317,0.004365,0.995635
1.317,5e-06,0.999995
1.317,0.044128,0.955872
1.317,0.000131,0.999869
1.317,0.051753,0.948247
1.317,0.003776,0.996224
1.317,0.000277,0.999723
1.317,0.001634,0.998366
1.317,0.000613,0.999387
1.323,1e-06,0.999999
1.323,0.000234,0.999766
1.323,0.000124,0.999876
1.323,0.000354,0.999646
1.323,1.1e-05,0.999989
1.323,0.121519,0.878481
1.323,4.3e-05,0.999957
1.323,0.000521,0.99948
1.323,1.6e-05,0.999984
1.323,0.000152,0.999848
1.323,1.1e-05,0.999989
1.323,0.007563,0.992437
1.323,0.000201,0.999799
1.323,0.000219,0.999781
1.323,5e-06,0.999995
1.323,1.2e-05,0.999988
1.323,0.000116,0.999884
1.323,3.8e-05,0.999962
1.323,0.000994,0.999006
1.323,0.001149,0.998851
1.323,4.5e-05,0.999955
1.323,4.9e-05,0.999951
1.323,0.000696,0.999304
1.323,6.3e-05,0.999937
1.323,4.2e-05,0.999958
1.323,0.000162,0.999838
1.323,9.7e-05,0.999903
1.323,2.6e-05,0.999974
1.323,0.000444,0.999556
1.323,1.9e-05,0.999981
1.323,8e-05,0.99992
1.323,7.6e-05,0.999924
1.323,4.1e-05,0.99996
1.323,0.001387,0.998613
1.323,0.000121,0.999879
1.323,2.1e-05,0.999979
1.323,2.9e-05,0.999971
1.323,6.8e-05,0.999932
1.323,0.000207,0.999793
1.323,0.00185,0.99815
1.323,0.000271,0.999729
1.323,7.8e-05,0.999922
1.323,0.001532,0.998468
1.323,1.6e-05,0.999984
1.323,3e-06,0.999997
1.323,1e-06,0.999999
1.323,7.3e-05,0.999927
1.323,8e-06,0.999992
1.323,4e-06,0.999996
1.323,1.7e-05,0.999983
1.323,0.000601,0.999399
1.323,0.003123,0.996877
1.323,4e-06,0.999996
1.323,0.0012,0.9988
1.323,0.008502,0.991498
1.323,9e-06,0.999991
1.323,0.001741,0.998259
1.323,0.000289,0.999711
1.323,4.2e-05,0.999958
1.323,6e-06,0.999994
1.323,0.001184,0.998816
1.323,0.000115,0.999885
1.323,0.002773,0.997227
1.323,0.001746,0.998254
1.323,0.036479,0.963521
1.323,1.9e-05,0.999981
1.323,0.000594,0.999406
1.323,0.003532,0.996468
1.323,6.8e-05,0.999932
1.323,1.3e-05,0.999986
1.323,0.000155,0.999845
1.323,0.009468,0.990532
1.323,0.002594,0.997406
1.323,0.003145,0.996855
1.323,0.003637,0.996363
1.323,0.000902,0.999098
1.323,0.002554,0.997446
1.323,1.5e-05,0.999985
1.323,0.001056,0.998944
1.323,0.000528,0.999472
1.323,0.000484,0.999516
1.323,2.8e-05,0.999972
1.323,0.001146,0.998854
1.323,0.041383,0.958617
1.323,0.015986,0.984014
1.323,7e-06,0.999993
1.323,7.1e-05,0.999929
1.323,0.132862,0.867138
1.323,0.000428,0.999572
1.323,1e-05,0.99999
1.323,0.005336,0.994664
1.323,8e-05,0.99992
1.323,0.002062,0.997938
1.323,2.3e-05,0.999977
1.323,0.000315,0.999685
1.323,0.000303,0.999697
1.323,3.4e-05,0.999966
1.323,4.3e-05,0.999956
1.323,0.001154,0.998846
1.323,0.000714,0.999286
1.329,6.8e-05,0.999932
1.329,0.001665,0.998335
1.329,1e-06,0.999999
1.329,4e-05,0.99996
1.329,0.000902,0.999098
1.329,0.000139,0.99986
1.329,8e-06,0.999992
1.329,0.000112,0.999888
1.329,0.007002,0.992998
1.329,0.000494,0.999506
1.329,4e-05,0.99996
1.329,1.9e-05,0.999981
1.329,5.3e-05,0.999947
1.329,3.6e-05,0.999964
1.329,0.001345,0.998655
1.329,0.000854,0.999146
1.329,0.000282,0.999718
1.329,0.000889,0.999111
1.329,2.5e-05,0.999975
1.329,2.3e-05,0.999977
1.329,1e-05,0.99999
1.329,0.007521,0.992478
1.329,0.007888,0.992112
1.329,0.000101,0.999899
1.329,2.5e-05,0.999975
1.329,1.6e-05,0.999984
1.329,3e-06,0.999997
1.329,0.000114,0.999886
1.329,0.00012,0.99988
1.329,5.6e-05,0.999944
1.329,0.001974,0.998026
1.329,0.000505,0.999495
1.329,2e-06,0.999998
1.329,3.4e-05,0.999966
1.329,8.6e-05,0.999914
1.329,0.000412,0.999588
1.329,3.8e-05,0.999962
1.329,3.5e-05,0.999965
1.329,2e-05,0.99998
1.329,1.8e-05,0.999982
1.329,0.000115,0.999885
1.329,0.000349,0.999651
1.329,0.000105,0.999895
1.329,0.113169,0.886831
1.329,3e-06,0.999997
1.329,7e-06,0.999993
1.329,0.018707,0.981293
1.329,7e-06,0.999993
1.329,3e-06,0.999997
1.329,1.4e-05,0.999986
1.329,7.2e-05,0.999928
1.329,2.1e-05,0.999979
1.329,2.9e-05,0.999971
1.329,2.4e-05,0.999976
1.329,4e-06,0.999996
1.329,1e-06,0.999999
1.329,0.000657,0.999343
1.329,0.000412,0.999588
1.329,0.002162,0.997838
1.329,1e-05,0.99999
1.329,0.000248,0.999752
1.329,5e-05,0.99995
1.329,8e-06,0.999992
1.329,0.000216,0.999784
1.329,0.000229,0.999771
1.329,2e-05,0.99998
1.329,0.001007,0.998993
1.329,0.00029,0.99971
1.329,9.3e-05,0.999907
1.329,6e-06,0.999994
1.329,0.000156,0.999844
1.329,0.000128,0.999872
1.329,0.029613,0.970387
1.329,7.7e-05,0.999923
1.329,0.004138,0.995862
1.329,0.062046,0.937954
1.329,0.00029,0.99971
1.329,4.1e-05,0.999959
1.329,8e-06,0.999992
1.329,0.000315,0.999685
1.329,3e-05,0.99997
1.329,0.000371,0.999629
1.329,3.5e-05,0.999965
1.329,3.5e-05,0.999965
1.329,2.7e-05,0.999973
1.329,4e-06,0.999996
1.329,3e-06,0.999997
1.329,4.5e-05,0.999955
1.329,3.3e-05,0.999967
1.329,0.000916,0.999084
1.329,2e-06,0.999998
1.329,1e-06,0.999999
1.329,2e-06,0.999998
1.329,7e-06,0.999993
1.329,0.000135,0.999865
1.329,6.9e-05,0.999931
1.329,8e-06,0.999992
1.329,0.001366,0.998634
1.329,1.6e-05,0.999984
1.329,0.000337,0.999664
1.335,6e-06,0.999994
1.335,8e-05,0.99992
1.335,6.6e-05,0.999934
1.335,0.000748,0.999252
1.335,0.000116,0.999884
1.335,8e-06,0.999992
1.335,4.3e-05,0.999957
1.335,1e-05,0.99999
1.335,3.7e-05,0.999963
1.335,1.7e-05,0.999983
1.335,6.5e-05,0.999935
1.335,0.000126,0.999874
1.335,5.4e-05,0.999946
1.335,0.000238,0.999762
1.335,9e-06,0.999991
1.335,0.000323,0.999677
1.335,9.4e-05,0.999906
1.335,3.3e-05,0.999967
1.335,0.000279,0.999721
1.335,0.001218,0.998782
1.335,8.1e-05,0.999919
1.335,0.000512,0.999488
1.335,6e-06,0.999994
1.335,7e-06,0.999993
1.335,0.000187,0.999813
1.335,1.1e-05,0.999989
1.335,0.000125,0.999875
1.335,2.6e-05,0.999974
1.335,9.5e-05,0.999905
1.335,4e-06,0.999996
1.335,1e-06,0.999999
1.335,0.000135,0.999865
1.335,0.000119,0.999881
1.335,0.000124,0.999876
1.335,0.000142,0.999858
1.335,2.7e-05,0.999973
1.335,0.00025,0.99975
1.335,0.000644,0.999356
1.335,0.000111,0.99989
1.335,6e-06,0.999994
1.335,5e-06,0.999995
1.335,4.8e-05,0.999952
1.335,2.4e-05,0.999976
1.335,0.000167,0.999832
1.335,0.000461,0.999539
1.335,6.2e-05,0.999938
1.335,4.4e-05,0.999956
1.335,6e-06,0.999994
1.335,2e-06,0.999998
1.335,9.3e-05,0.999907
1.335,8e-06,0.999992
1.335,0.000178,0.999822
1.335,0.008199,0.991801
1.335,0.000188,0.999813
1.335,0.003895,0.996105
1.335,0.000137,0.999863
1.335,1e-05,0.99999
1.335,7.3e-05,0.999928
1.335,0.000234,0.999766
1.335,3.6e-05,0.999964
1.335,0.000253,0.999746
1.335,0.027421,0.972579
1.335,0.141197,0.858803
1.335,0.005243,0.994757
1.335,2.4e-05,0.999976
1.335,2.3e-05,0.999977
1.335,3.5e-05,0.999965
1.335,7.1e-05,0.999929
1.335,2.1e-05,0.999979
1.335,1.3e-05,0.999987
1.335,0.000173,0.999827
1.335,4.5e-05,0.999955
1.335,5e-06,0.999996
1.335,0.00288,0.99712
1.335,1.8e-05,0.999982
1.335,1.9e-05,0.999981
1.335,0.000694,0.999306
1.335,0.00052,0.99948
1.335,5.5e-05,0.999945
1.335,0.000211,0.999789
1.335,2.7e-05,0.999973
1.335,0.000652,0.999348
1.335,0.000181,0.999819
1.335,0.002707,0.997293
1.335,0.000122,0.999878
1.335,0.012903,0.987097
1.335,0.002314,0.997686
1.335,3e-06,0.999997
1.335,4e-06,0.999996
1.335,3.6e-05,0.999964
1.335,0.000233,0.999767
1.335,1.4e-05,0.999986
1.335,9.2e-05,0.999908
1.335,0.000119,0.999881
1.335,0.000259,0.999741
1.335,0.000108,0.999892
1.335,7e-06,0.999993
1.335,0.003517,0.996483
1.335,5.6e-05,0.999944
1.335,0.0,1.0
1.341,1.2e-05,0.999988
1.341,1.4e-05,0.999986
1.341,7e-06,0.999993
1.341,0.000514,0.999486
1.341,2e-05,0.99998
1.341,3.1e-05,0.999969
1.341,0.000275,0.999725
1.341,0.111953,0.888047
1.341,0.0,1.0
1.341,2e-06,0.999998
1.341,1.5e-05,0.999985
1.341,0.000633,0.999367
1.341,0.000287,0.999713
1.341,2e-06,0.999998
1.341,9.5e-05,0.999905
1.341,0.061114,0.938886
1.341,1.7e-05,0.999983
1.341,0.060198,0.939802
1.341,4e-06,0.999996
1.341,1e-05,0.99999
1.341,6.8e-05,0.999932
1.341,1.2e-05,0.999988
1.341,1.3e-05,0.999987
1.341,6.6e-05,0.999934
1.341,0.000165,0.999835
1.341,0.000211,0.999789
1.341,9.6e-05,0.999904
1.341,5e-06,0.999996
1.341,1.9e-05,0.999981
1.341,8.9e-05,0.999911
1.341,2.7e-05,0.999973
1.341,1.8e-05,0.999982
1.341,0.00171,0.99829
1.341,0.000117,0.999883
1.341,0.000103,0.999898
1.341,0.000126,0.999874
1.341,2.3e-05,0.999977
1.341,8.2e-05,0.999918
1.341,6e-06,0.999994
1.341,4e-06,0.999996
1.341,1e-05,0.99999
1.341,3.8e-05,0.999962
1.341,2.8e-05,0.999972
1.341,0.000209,0.999791
1.341,3.8e-05,0.999962
1.341,1.1e-05,0.999989
1.341,0.000189,0.999811
1.341,0.000679,0.999321
1.341,1.1e-05,0.999989
1.341,7.7e-05,0.999923
1.341,1.2e-05,0.999988
1.341,0.000396,0.999604
1.341,0.000167,0.999833
1.341,2.3e-05,0.999978
1.341,4e-06,0.999996
1.341,4.4e-05,0.999956
1.341,0.011651,0.988348
1.341,0.000161,0.999839
1.341,0.000552,0.999448
1.341,1.8e-05,0.999982
1.341,0.001204,0.998796
1.341,0.000159,0.999841
1.341,3e-05,0.99997
1.341,3e-06,0.999997
1.341,9.5e-05,0.999905
1.341,1e-06,0.999999
1.341,0.046154,0.953846
1.341,3.9e-05,0.999961
1.341,1.9e-05,0.999981
1.341,1e-06,0.999999
1.341,4.1e-05,0.999959
1.341,2.3e-05,0.999977
1.341,9.6e-05,0.999904
1.341,0.000223,0.999777
1.341,0.000137,0.999863
1.341,0.000194,0.999806
1.341,0.000188,0.999812
1.341,2e-06,0.999998
1.341,1.1e-05,0.999989
1.341,0.000386,0.999614
1.341,0.000138,0.999862
1.341,9.2e-05,0.999908
1.341,0.023803,0.976197
1.341,0.000112,0.999888
1.341,2e-06,0.999998
1.341,9e-05,0.99991
1.341,0.000324,0.999676
1.341,1.4e-05,0.999986
1.341,1.2e-05,0.999988
1.341,0.000198,0.999802
1.341,1e-06,1.0
1.341,0.003252,0.996748
1.341,2.6e-05,0.999974
1.341,0.003319,0.996681
1.341,0.000353,0.999647
1.341,0.000275,0.999725
1.341,6e-06,0.999994
1.341,0.000102,0.999898
1.341,2e-05,0.99998
1.341,1e-05,0.99999
1.347,0.001401,0.998599
1.347,4.7e-05,0.999953
1.347,0.000425,0.999575
1.347,0.000365,0.999635
1.347,0.000219,0.999781
1.347,9.1e-05,0.99991
1.347,0.000329,0.99967
1.347,1.4e-05,0.999986
1.347,3.8e-05,0.999962
1.347,1e-06,0.999999
1.347,0.031809,0.968191
1.347,0.000309,0.999691
1.347,3e-06,0.999997
1.347,3e-06,0.999997
1.347,3.7e-05,0.999963
1.347,0.004743,0.995257
1.347,8.6e-05,0.999914
1.347,0.001615,0.998385
1.347,3.4e-05,0.999966
1.347,4.2e-05,0.999958
1.347,0.000116,0.999884
1.347,0.001045,0.998955
1.347,1.9e-05,0.999981
1.347,0.000491,0.999509
1.347,9.2e-05,0.999908
1.347,2.6e-05,0.999974
1.347,0.000497,0.999503
1.347,1.1e-05,0.999989
1.347,0.003331,0.996669
1.347,0.013274,0.986726
1.347,1.7e-05,0.999983
1.347,0.000738,0.999262
1.347,2.9e-05,0.999971
1.347,0.0,1.0
1.347,6e-06,0.999994
1.347,2e-06,0.999998
1.347,8.8e-05,0.999912
1.347,3.1e-05,0.999969
1.347,0.001746,0.998254
1.347,2e-05,0.99998
1.347,5.4e-05,0.999946
1.347,3.6e-05,0.999964
1.347,9e-06,0.999991
1.347,1.3e-05,0.999987
1.347,3.4e-05,0.999966
1.347,1e-05,0.99999
1.347,8e-06,0.999992
1.347,0.001861,0.998139
1.347,2e-06,0.999998
1.347,3.4e-05,0.999966
1.347,1e-06,0.999999
1.347,0.000214,0.999786
1.347,6e-06,0.999994
1.347,4.5e-05,0.999955
1.347,6.5e-05,0.999935
1.347,0.014348,0.985652
1.347,0.000117,0.999883
1.347,0.005296,0.994705
1.347,0.000639,0.999361
1.347,4.7e-05,0.999953
1.347,3.8e-05,0.999962
1.347,2.6e-05,0.999974
1.347,3e-06,0.999997
1.347,0.000132,0.999868
1.347,7e-06,0.999992
1.347,4.7e-05,0.999953
1.347,9.6e-05,0.999904
1.347,2.1e-05,0.999979
1.347,0.00057,0.99943
1.347,1.4e-05,0.999986
1.347,5.8e-05,0.999942
1.347,0.000207,0.999793
1.347,0.00033,0.99967
1.347,2e-06,0.999998
1.347,5e-06,0.999996
1.347,8.2e-05,0.999918
1.347,8.4e-05,0.999916
1.347,0.000296,0.999704
1.347,0.000128,0.999872
1.347,0.00135,0.99865
1.347,0.000167,0.999833
1.347,3e-05,0.99997
1.347,1e-06,0.999999
1.347,1e-05,0.99999
1.347,6e-06,0.999994
1.347,0.000286,0.999714
1.347,1.5e-05,0.999985
1.347,6e-06,0.999994
1.347,3e-06,0.999997
1.347,0.001395,0.998605
1.347,2.1e-05,0.999979
1.347,0.000933,0.999068
1.347,6e-06,0.999994
1.347,0.000175,0.999825
1.347,1.8e-05,0.999982
1.347,8e-06,0.999992
1.347,3.3e-05,0.999967
1.347,4e-06,0.999996
1.347,0.0007,0.9993
1.347,7.7e-05,0.999923
1.353,0.000291,0.999709
1.353,0.000109,0.999891
1.353,0.00011,0.99989
1.353,6e-06,0.999994
1.353,0.002635,0.997365
1.353,9e-06,0.999991
1.353,0.001245,0.998755
1.353,0.006617,0.993383
1.353,0.001442,0.998558
1.353,1.8e-05,0.999982
1.353,6e-05,0.99994
1.353,2e-06,0.999998
1.353,0.000151,0.999849
1.353,1e-06,0.999999
1.353,0.012941,0.987059
1.353,0.000529,0.999471
1.353,5.3e-05,0.999947
1.353,0.000168,0.999832
1.353,9.9e-05,0.999901
1.353,2.9e-05,0.999971
1.353,0.000789,0.999211
1.353,1.1e-05,0.999989
1.353,1.3e-05,0.999987
1.353,7e-06,0.999993
1.353,5.6e-05,0.999944
1.353,0.002817,0.997183
1.353,4.2e-05,0.999958
1.353,0.000122,0.999878
1.353,0.000417,0.999583
1.353,0.0,1.0
1.353,6e-06,0.999994
1.353,0.000401,0.999599
1.353,4.7e-05,0.999953
1.353,6e-06,0.999994
1.353,5.7e-05,0.999943
1.353,1.4e-05,0.999986
1.353,0.007079,0.992921
1.353,0.00326,0.99674
1.353,8e-06,0.999992
1.353,3.8e-05,0.999962
1.353,8e-06,0.999992
1.353,0.000132,0.999868
1.353,5e-06,0.999995
1.353,0.000234,0.999766
1.353,1.1e-05,0.999989
1.353,7e-06,0.999993
1.353,1.7e-05,0.999983
1.353,0.00014,0.99986
1.353,4.4e-05,0.999956
1.353,0.001533,0.998467
1.353,7.5e-05,0.999925
1.353,1.7e-05,0.999983
1.353,0.000119,0.999882
1.353,0.000167,0.999833
1.353,3.8e-05,0.999962
1.353,7.9e-05,0.999921
1.353,0.000138,0.999862
1.353,0.000241,0.999759
1.353,0.020763,0.979237
1.353,6.7e-05,0.999934
1.353,6e-06,0.999994
1.353,1.8e-05,0.999982
1.353,0.000472,0.999528
1.353,0.002253,0.997748
1.353,7.3e-05,0.999927
1.353,1.6e-05,0.999984
1.353,2.7e-05,0.999973
1.353,6.8e-05,0.999932
1.353,4e-06,0.999996
1.353,5e-06,0.999995
1.353,0.000167,0.999833
1.353,3e-06,0.999997
1.353,1.8e-05,0.999982
1.353,1.2e-05,0.999988
1.353,0.000145,0.999855
1.353,1.3e-05,0.999987
1.353,2.7e-05,0.999973
1.353,2.1e-05,0.999979
1.353,9.1e-05,0.999909
1.353,6e-06,0.999994
1.353,1e-06,0.999999
1.353,2.2e-05,0.999978
1.353,4e-06,0.999996
1.353,2.3e-05,0.999977
1.353,0.00025,0.99975
1.353,1e-06,1.0
1.353,2.5e-05,0.999975
1.353,4.9e-05,0.999951
1.353,1e-06,0.999999
1.353,1.7e-05,0.999983
1.353,0.002146,0.997854
1.353,8.1e-05,0.999919
1.353,5.5e-05,0.999945
1.353,3e-06,0.999997
1.353,0.000158,0.999842
1.353,5e-06,0.999995
1.353,4e-06,0.999996
1.353,5e-05,0.99995
1.353,6.6e-05,0.999934
1.353,1.5e-05,0.999985
1.359,0.001234,0.998767
1.359,2e-06,0.999998
1.359,4.4e-05,0.999956
1.359,0.005169,0.994831
1.359,1e-06,0.999999
1.359,2e-06,0.999998
1.359,2.8e-05,0.999972
1.359,1.4e-05,0.999986
1.359,0.000146,0.999854
1.359,1.5e-05,0.999985
1.359,8e-06,0.999992
1.359,2e-06,0.999998
1.359,0.000273,0.999727
1.359,0.002195,0.997805
1.359,0.001187,0.998813
1.359,0.001344,0.998656
1.359,1.1e-05,0.999989
1.359,1.1e-05,0.999989
1.359,3.7e-05,0.999963
1.359,0.002464,0.997535
1.359,1.2e-05,0.999988
1.359,2e-06,0.999998
1.359,0.000144,0.999856
1.359,0.02163,0.97837
1.359,5.7e-05,0.999943
1.359,1.4e-05,0.999986
1.359,3.3e-05,0.999967
1.359,0.000328,0.999672
1.359,3e-06,0.999998
1.359,0.000381,0.999619
1.359,0.001114,0.998886
1.359,6.8e-05,0.999932
1.359,6e-06,0.999994
1.359,0.000164,0.999836
1.359,6e-06,0.999994
1.359,5.2e-05,0.999948
1.359,3.6e-05,0.999964
1.359,1e-06,0.999999
1.359,9e-06,0.999991
1.359,9.3e-05,0.999907
1.359,0.063871,0.936129
1.359,1.3e-05,0.999987
1.359,0.001224,0.998776
1.359,0.000118,0.999882
1.359,1.2e-05,0.999988
1.359,0.000655,0.999345
1.359,6e-06,0.999994
1.359,3.8e-05,0.999962
1.359,7.2e-05,0.999928
1.359,1.4e-05,0.999986
1.359,5e-06,0.999995
1.359,2e-06,0.999998
1.359,1e-06,0.999999
1.359,0.000175,0.999825
1.359,4e-06,0.999996
1.359,2e-06,0.999998
1.359,1.8e-05,0.999982
1.359,0.000134,0.999866
1.359,7e-06,0.999993
1.359,0.000247,0.999753
1.359,3.7e-05,0.999963
1.359,8.1e-05,0.999919
1.359,1.4e-05,0.999986
1.359,0.002652,0.997348
1.359,3.5e-05,0.999965
1.359,0.000321,0.999679
1.359,3e-06,0.999997
1.359,4e-06,0.999996
1.359,0.001675,0.998325
1.359,3.8e-05,0.999962
1.359,1e-06,0.999999
1.359,1.3e-05,0.999987
1.359,0.000674,0.999326
1.359,3e-06,0.999997
1.359,2e-05,0.99998
1.359,1.8e-05,0.999982
1.359,5.8e-05,0.999942
1.359,0.000262,0.999738
1.359,0.000888,0.999112
1.359,1e-06,0.999999
1.359,0.000197,0.999803
1.359,1.1e-05,0.999989
1.359,9e-06,0.999991
1.359,5e-06,0.999995
1.359,2e-06,0.999998
1.359,0.001104,0.998896
1.359,0.000476,0.999524
1.359,2e-06,0.999998
1.359,0.000358,0.999642
1.359,1.3e-05,0.999987
1.359,0.000306,0.999694
1.359,1e-05,0.99999
1.359,3.2e-05,0.999968
1.359,0.00015,0.99985
1.359,9e-06,0.999991
1.359,0.055163,0.944837
1.359,8e-06,0.999992
1.359,0.000112,0.999888
1.359,1.3e-05,0.999987
1.359,0.000155,0.999845
1.365,0.000284,0.999716
1.365,0.000436,0.999564
1.365,4e-06,0.999996
1.365,0.00401,0.99599
1.365,0.009719,0.990281
1.365,0.000168,0.999832
1.365,1.1e-05,0.999989
1.365,2e-06,0.999998
1.365,5.5e-05,0.999945
1.365,1.7e-05,0.999983
1.365,4e-06,0.999996
1.365,1e-06,0.999999
1.365,2.3e-05,0.999977
1.365,0.000105,0.999895
1.365,1.8e-05,0.999982
1.365,0.000724,0.999276
1.365,7e-06,0.999993
1.365,0.000877,0.999123
1.365,0.000518,0.999482
1.365,1.5e-05,0.999985
1.365,9e-06,0.999991
1.365,1.1e-05,0.999989
1.365,7e-06,0.999993
1.365,1e-06,0.999999
1.365,7.4e-05,0.999926
1.365,0.000133,0.999867
1.365,7.4e-05,0.999926
1.365,2e-06,0.999998
1.365,2e-06,0.999998
1.365,3e-06,0.999997
1.365,3e-06,0.999997
1.365,6.9e-05,0.999931
1.365,1.9e-05,0.999981
1.365,0.061845,0.938155
1.365,0.000148,0.999852
1.365,3e-06,0.999998
1.365,0.000202,0.999798
1.365,1e-06,0.999999
1.365,1.7e-05,0.999983
1.365,0.000296,0.999704
1.365,6e-06,0.999994
1.365,6e-05,0.99994
1.365,0.001009,0.998991
1.365,0.000387,0.999613
1.365,5.2e-05,0.999948
1.365,2.8e-05,0.999972
1.365,0.000897,0.999103
1.365,0.000282,0.999718
1.365,5e-06,0.999996
1.365,4e-06,0.999996
1.365,7e-06,0.999993
1.365,3e-06,0.999997
1.365,0.00013,0.99987
1.365,7e-06,0.999993
1.365,1.7e-05,0.999983
1.365,0.000111,0.999889
1.365,2.5e-05,0.999975
1.365,1.2e-05,0.999988
1.365,0.001172,0.998828
1.365,1.8e-05,0.999982
1.365,3.7e-05,0.999964
1.365,4.5e-05,0.999955
1.365,1.5e-05,0.999985
1.365,0.002001,0.997999
1.365,8e-06,0.999992
1.365,0.00063,0.99937
1.365,2.3e-05,0.999977
1.365,6e-06,0.999994
1.365,0.000117,0.999883
1.365,1.2e-05,0.999988
1.365,0.004501,0.995499
1.365,6e-06,0.999994
1.365,3.7e-05,0.999963
1.365,0.000161,0.999839
1.365,0.00048,0.99952
1.365,3e-06,0.999997
1.365,2.5e-05,0.999975
1.365,6e-06,0.999994
1.365,8.8e-05,0.999912
1.365,6.1e-05,0.999939
1.365,3.7e-05,0.999963
1.365,7e-05,0.99993
1.365,6e-06,0.999994
1.365,3.5e-05,0.999965
1.365,1.4e-05,0.999986
1.365,0.005002,0.994998
1.365,2e-06,0.999998
1.365,0.020303,0.979697
1.365,1e-06,0.999999
1.365,4.1e-05,0.999959
1.365,4e-06,0.999996
1.365,5e-06,0.999994
1.365,3e-06,0.999997
1.365,0.0008,0.9992
1.365,0.000108,0.999892
1.365,1e-06,0.999999
1.365,5e-06,0.999996
1.365,2e-06,0.999998
1.365,0.000165,0.999835
1.365,3.6e-05,0.999964
1.371,4e-06,0.999996
1.371,0.000862,0.999138
1.371,1.9e-05,0.999981
1.371,0.001123,0.998877
1.371,9e-06,0.999991
1.371,2e-06,0.999998
1.371,0.000273,0.999727
1.371,0.016214,0.983786
1.371,2e-06,0.999998
1.371,0.0,1.0
1.371,3e-05,0.99997
1.371,0.028419,0.971581
1.371,1e-06,0.999998
1.371,2e-06,0.999998
1.371,0.000147,0.999853
1.371,0.002944,0.997056
1.371,2e-06,0.999998
1.371,3.4e-05,0.999966
1.371,7e-06,0.999993
1.371,0.000703,0.999297
1.371,5e-06,0.999996
1.371,0.009175,0.990825
1.371,0.000727,0.999274
1.371,9.5e-05,0.999904
1.371,0.008849,0.991151
1.371,7.7e-05,0.999923
1.371,3e-06,0.999997
1.371,5.9e-05,0.999941
1.371,0.000902,0.999098
1.371,1e-06,0.999999
1.371,0.000119,0.999881
1.371,0.000995,0.999005
1.371,6.4e-05,0.999936
1.371,2.6e-05,0.999974
1.371,0.000265,0.999735
1.371,5.3e-05,0.999947
1.371,0.001042,0.998958
1.371,0.000362,0.999638
1.371,0.000102,0.999898
1.371,0.002549,0.997451
1.371,2.8e-05,0.999972
1.371,0.000645,0.999355
1.371,9e-05,0.99991
1.371,5e-06,0.999995
1.371,4.6e-05,0.999954
1.371,0.003948,0.996052
1.371,4e-06,0.999996
1.371,3e-06,0.999997
1.371,0.002477,0.997523
1.371,0.000561,0.999439
1.371,7.7e-05,0.999923
1.371,8.4e-05,0.999916
1.371,1e-06,0.999999
1.371,6.2e-05,0.999938
1.371,9e-06,0.999991
1.371,4.4e-05,0.999956
1.371,5.7e-05,0.999943
1.371,1e-06,0.999999
1.371,3.9e-05,0.999961
1.371,0.001058,0.998942
1.371,5.8e-05,0.999942
1.371,4e-06,0.999996
1.371,0.00012,0.99988
1.371,2.8e-05,0.999972
1.371,7e-06,0.999993
1.371,6e-06,0.999994
1.371,0.000586,0.999414
1.371,0.0,1.0
1.371,1e-05,0.99999
1.371,4e-06,0.999997
1.371,0.002292,0.997708
1.371,4e-06,0.999996
1.371,9.6e-05,0.999904
1.371,8e-06,0.999992
1.371,3.7e-05,0.999963
1.371,7.8e-05,0.999922
1.371,5e-06,0.999995
1.371,6e-06,0.999994
1.371,2e-06,0.999998
1.371,0.001826,0.998174
1.371,8.6e-05,0.999914
1.371,0.008061,0.991939
1.371,3e-05,0.99997
1.371,1e-06,0.999999
1.371,0.007417,0.992583
1.371,0.005118,0.994882
1.371,1.2e-05,0.999988
1.371,2.2e-05,0.999978
1.371,0.00027,0.99973
1.371,1.1e-05,0.999989
1.371,1e-06,0.999999
1.371,6e-05,0.99994
1.371,5e-06,0.999995
1.371,2.1e-05,0.999979
1.371,3e-06,0.999997
1.371,0.000369,0.999631
1.371,0.000157,0.999843
1.371,1.1e-05,0.999989
1.371,1e-06,0.999999
1.371,2.4e-05,0.999976
1.377,0.000677,0.999323
1.377,0.001248,0.998752
1.377,0.000449,0.999551
1.377,2.3e-05,0.999977
1.377,1e-06,0.999999
1.377,0.000138,0.999862
1.377,0.003799,0.996201
1.377,6.7e-05,0.999933
1.377,1.5e-05,0.999985
1.377,8e-06,0.999992
1.377,8e-06,0.999992
1.377,1e-05,0.99999
1.377,2e-06,0.999998
1.377,2.7e-05,0.999973
1.377,3.7e-05,0.999963
1.377,2.4e-05,0.999976
1.377,1e-06,0.999999
1.377,8.8e-05,0.999912
1.377,3e-06,0.999997
1.377,3e-05,0.99997
1.377,0.000285,0.999715
1.377,1.2e-05,0.999988
1.377,0.001744,0.998256
1.377,0.000233,0.999767
1.377,4.6e-05,0.999954
1.377,4e-06,0.999996
1.377,6e-05,0.99994
1.377,0.00014,0.99986
1.377,3e-06,0.999997
1.377,1.7e-05,0.999983
1.377,0.001233,0.998767
1.377,8.2e-05,0.999918
1.377,1e-06,0.999999
1.377,0.000522,0.999478
1.377,1e-06,0.999999
1.377,1.5e-05,0.999985
1.377,1.3e-05,0.999987
1.377,7.7e-05,0.999923
1.377,0.00392,0.99608
1.377,3.4e-05,0.999966
1.377,1.5e-05,0.999985
1.377,3e-06,0.999997
1.377,4.2e-05,0.999958
1.377,1e-05,0.99999
1.377,2.2e-05,0.999978
1.377,0.001447,0.998553
1.377,1.5e-05,0.999985
1.377,1.8e-05,0.999982
1.377,0.000443,0.999557
1.377,0.002814,0.997186
1.377,2.3e-05,0.999977
1.377,1.7e-05,0.999983
1.377,0.000155,0.999845
1.377,0.000341,0.999659
1.377,4e-06,0.999996
1.377,8.9e-05,0.999911
1.377,4e-06,0.999996
1.377,2e-06,0.999998
1.377,1.5e-05,0.999985
1.377,9e-06,0.999991
1.377,1e-05,0.99999
1.377,9e-06,0.999991
1.377,0.033705,0.966295
1.377,0.000384,0.999616
1.377,9e-06,0.999991
1.377,5.2e-05,0.999948
1.377,2e-06,0.999998
1.377,2e-06,0.999998
1.377,4e-06,0.999996
1.377,7.5e-05,0.999925
1.377,2e-06,0.999998
1.377,1.7e-05,0.999983
1.377,7.6e-05,0.999924
1.377,2e-06,0.999998
1.377,0.007808,0.992192
1.377,6e-06,0.999994
1.377,0.000101,0.999899
1.377,0.000379,0.999621
1.377,8.6e-05,0.999914
1.377,2.1e-05,0.999979
1.377,1.6e-05,0.999984
1.377,3e-06,0.999997
1.377,0.001309,0.998691
1.377,0.005752,0.994248
1.377,3.4e-05,0.999966
1.377,4.5e-05,0.999955
1.377,1.1e-05,0.999989
1.377,2.2e-05,0.999978
1.377,9e-06,0.999991
1.377,5.3e-05,0.999947
1.377,0.00015,0.99985
1.377,4e-06,0.999996
1.377,2.9e-05,0.999971
1.377,2e-06,0.999998
1.377,5.5e-05,0.999945
1.377,0.006905,0.993095
1.377,0.000139,0.999861
1.377,1e-06,0.999999
1.377,2e-06,0.999998
1.377,1.1e-05,0.999989
1.383,7e-05,0.99993
1.383,2e-06,0.999998
1.383,5.4e-05,0.999946
1.383,6e-06,0.999994
1.383,2.1e-05,0.999979
1.383,0.000179,0.999821
1.383,9e-06,0.999991
1.383,8.6e-05,0.999914
1.383,9e-06,0.99999
1.383,2.6e-05,0.999974
1.383,2.8e-05,0.999972
1.383,2e-06,0.999998
1.383,0.000141,0.999859
1.383,0.0,1.0
1.383,5e-06,0.999995
1.383,2e-06,0.999998
1.383,3.8e-05,0.999962
1.383,0.000223,0.999777
1.383,1.8e-05,0.999982
1.383,0.000576,0.999424
1.383,1e-05,0.99999
1.383,6.7e-05,0.999933
1.383,1.7e-05,0.999983
1.383,7e-06,0.999993
1.383,3e-06,0.999997
1.383,0.000711,0.999289
1.383,5e-06,0.999995
1.383,6.2e-05,0.999938
1.383,0.000118,0.999882
1.383,0.00145,0.99855
1.383,0.000141,0.999859
1.383,4e-06,0.999996
1.383,0.000166,0.999834
1.383,2.9e-05,0.999971
1.383,0.000126,0.999874
1.383,1.5e-05,0.999985
1.383,7e-06,0.999993
1.383,7.3e-05,0.999927
1.383,5e-06,0.999995
1.383,2.1e-05,0.99998
1.383,1.5e-05,0.999985
1.383,4e-06,0.999996
1.383,1.4e-05,0.999986
1.383,3e-06,0.999997
1.383,1.6e-05,0.999984
1.383,0.000969,0.999031
1.383,1.6e-05,0.999984
1.383,2e-06,0.999998
1.383,3e-06,0.999997
1.383,5e-06,0.999995
1.383,4e-06,0.999996
1.383,0.000161,0.999839
1.383,1.5e-05,0.999985
1.383,3e-06,0.999997
1.383,2e-06,0.999998
1.383,1.5e-05,0.999985
1.383,1.2e-05,0.999988
1.383,0.000603,0.999397
1.383,6.3e-05,0.999937
1.383,3e-06,0.999997
1.383,0.000112,0.999888
1.383,2.4e-05,0.999976
1.383,2.9e-05,0.999971
1.383,6.3e-05,0.999937
1.383,2.1e-05,0.99998
1.383,0.000796,0.999204
1.383,0.000257,0.999743
1.383,2e-06,0.999998
1.383,0.000424,0.999576
1.383,2.4e-05,0.999976
1.383,2e-06,0.999998
1.383,4.7e-05,0.999953
1.383,2.4e-05,0.999976
1.383,2.6e-05,0.999974
1.383,0.000301,0.999699
1.383,4.8e-05,0.999952
1.383,2e-06,0.999998
1.383,1.1e-05,0.99999
1.383,0.000447,0.999553
1.383,2.1e-05,0.999979
1.383,5.3e-05,0.999947
1.383,0.00011,0.99989
1.383,3e-06,0.999997
1.383,0.000212,0.999788
1.383,8e-06,0.999992
1.383,0.0,1.0
1.383,2.8e-05,0.999972
1.383,6e-06,0.999994
1.383,4.2e-05,0.999958
1.383,0.00158,0.99842
1.383,9e-06,0.999991
1.383,2.1e-05,0.999979
1.383,6e-06,0.999994
1.383,3e-06,0.999997
1.383,5e-06,0.999995
1.383,1.1e-05,0.999989
1.383,4e-06,0.999996
1.383,6e-06,0.999994
1.383,0.001979,0.998021
1.383,0.0,1.0
1.389,1e-06,1.0
1.389,3.3e-05,0.999967
1.389,4e-06,0.999996
1.389,9.7e-05,0.999903
1.389,0.001437,0.998563
1.389,0.001234,0.998767
1.389,0.000164,0.999836
1.389,7.9e-05,0.999921
1.389,9.1e-05,0.999909
1.389,3e-05,0.99997
1.389,1.5e-05,0.999985
1.389,0.000829,0.999171
1.389,3.5e-05,0.999965
1.389,0.002678,0.997322
1.389,1e-06,0.999999
1.389,1.4e-05,0.999986
1.389,1e-06,0.999999
1.389,6e-06,0.999994
1.389,0.000333,0.999667
1.389,5.2e-05,0.999948
1.389,6.9e-05,0.999931
1.389,2e-06,0.999998
1.389,4.4e-05,0.999956
1.389,2.6e-05,0.999974
1.389,3.5e-05,0.999965
1.389,3e-06,0.999997
1.389,0.000502,0.999498
1.389,0.000382,0.999618
1.389,2e-06,0.999998
1.389,0.000293,0.999707
1.389,0.02127,0.97873
1.389,0.000395,0.999605
1.389,0.000103,0.999897
1.389,6e-06,0.999994
1.389,6e-06,0.999994
1.389,1e-06,0.999999
1.389,8.1e-05,0.999919
1.389,6.1e-05,0.999939
1.389,4e-06,0.999996
1.389,0.000139,0.999861
1.389,0.000101,0.999899
1.389,6e-06,0.999994
1.389,2e-06,0.999998
1.389,3e-06,0.999997
1.389,1e-06,0.999999
1.389,1e-06,0.999999
1.389,0.000262,0.999738
1.389,4.4e-05,0.999956
1.389,1e-06,0.999999
1.389,2.1e-05,0.999979
1.389,3e-06,0.999997
1.389,7e-06,0.999993
1.389,5.1e-05,0.999949
1.389,1e-06,0.999999
1.389,0.000505,0.999495
1.389,1e-06,0.999999
1.389,2e-06,0.999998
1.389,9e-06,0.999991
1.389,0.000136,0.999864
1.389,3.5e-05,0.999965
1.389,1.5e-05,0.999985
1.389,1e-06,0.999999
1.389,0.000146,0.999854
1.389,1.2e-05,0.999988
1.389,3.1e-05,0.999969
1.389,0.00042,0.99958
1.389,6e-06,0.999994
1.389,2e-06,0.999998
1.389,5e-06,0.999995
1.389,7.3e-05,0.999927
1.389,5e-06,0.999995
1.389,5.1e-05,0.999949
1.389,0.001912,0.998088
1.389,0.000218,0.999782
1.389,7e-06,0.999993
1.389,1.4e-05,0.999986
1.389,0.0,1.0
1.389,1.5e-05,0.999985
1.389,5e-06,0.999995
1.389,0.001123,0.998877
1.389,0.00024,0.99976
1.389,2e-06,0.999998
1.389,1.3e-05,0.999987
1.389,8e-06,0.999992
1.389,3e-06,0.999997
1.389,3e-06,0.999997
1.389,6e-06,0.999994
1.389,1e-05,0.99999
1.389,6.2e-05,0.999938
1.389,1e-06,0.999999
1.389,0.000268,0.999732
1.389,1.8e-05,0.999982
1.389,6.3e-05,0.999937
1.389,0.000503,0.999496
1.389,1e-06,0.999999
1.389,6e-06,0.999994
1.389,0.000392,0.999608
1.389,4e-06,0.999996
1.389,0.002136,0.997864
1.389,0.000913,0.999087
1.395,5e-06,0.999995
1.395,1e-06,0.999999
1.395,1e-06,0.999999
1.395,0.000498,0.999502
1.395,0.000135,0.999865
1.395,2.3e-05,0.999977
1.395,7e-06,0.999993
1.395,6e-06,0.999994
1.395,4.9e-05,0.999951
1.395,4.7e-05,0.999953
1.395,1e-06,0.999999
1.395,5e-06,0.999995
1.395,1e-06,0.999999
1.395,3e-06,0.999997
1.395,8e-06,0.999992
1.395,7e-06,0.999993
1.395,5.1e-05,0.999949
1.395,4.4e-05,0.999956
1.395,7.9e-05,0.999921
1.395,1e-06,0.999999
1.395,6e-06,0.999994
1.395,0.000119,0.999881
1.395,9.6e-05,0.999904
1.395,2e-06,0.999998
1.395,1e-06,0.999999
1.395,0.000172,0.999828
1.395,5.5e-05,0.999945
1.395,7.7e-05,0.999923
1.395,0.000148,0.999852
1.395,0.0,1.0
1.395,2.7e-05,0.999973
1.395,2.7e-05,0.999973
1.395,4.6e-05,0.999954
1.395,3.3e-05,0.999967
1.395,2e-06,0.999998
1.395,1.7e-05,0.999983
1.395,6.5e-05,0.999935
1.395,0.0,1.0
1.395,1.6e-05,0.999984
1.395,8.5e-05,0.999916
1.395,5e-06,0.999995
1.395,1.7e-05,0.999983
1.395,2e-06,0.999998
1.395,8.9e-05,0.999911
1.395,3e-05,0.99997
1.395,9e-06,0.999991
1.395,1.1e-05,0.999989
1.395,1.1e-05,0.999989
1.395,6e-06,0.999994
1.395,8.1e-05,0.999919
1.395,5.5e-05,0.999945
1.395,3.6e-05,0.999964
1.395,0.0,1.0
1.395,0.000153,0.999847
1.395,0.000109,0.999891
1.395,0.000111,0.99989
1.395,0.005743,0.994257
1.395,0.00082,0.99918
1.395,1.1e-05,0.999989
1.395,0.001145,0.998855
1.395,0.001055,0.998945
1.395,1e-06,0.999999
1.395,3.3e-05,0.999967
1.395,0.000365,0.999635
1.395,9.6e-05,0.999904
1.395,0.000415,0.999585
1.395,7e-05,0.99993
1.395,0.000109,0.999891
1.395,2.1e-05,0.99998
1.395,0.00018,0.99982
1.395,0.002044,0.997956
1.395,1.8e-05,0.999982
1.395,1e-06,0.999999
1.395,1.1e-05,0.999989
1.395,3.1e-05,0.999969
1.395,3e-06,0.999997
1.395,0.000317,0.999683
1.395,1.4e-05,0.999986
1.395,0.000669,0.999331
1.395,3e-06,0.999997
1.395,1.1e-05,0.999989
1.395,2e-05,0.99998
1.395,9.2e-05,0.999908
1.395,1e-06,0.999999
1.395,2.7e-05,0.999973
1.395,0.00011,0.99989
1.395,0.0,1.0
1.395,5e-06,0.999995
1.395,2.5e-05,0.999974
1.395,1e-06,0.999999
1.395,2e-06,0.999998
1.395,0.0,1.0
1.395,3e-06,0.999997
1.395,1.1e-05,0.999989
1.395,2.5e-05,0.999975
1.395,2e-06,0.999998
1.395,0.000144,0.999856
1.395,1.2e-05,0.999988
1.395,3.6e-05,0.999964
1.395,6e-06,0.999994
1.402,4e-06,0.999996
1.402,4e-06,0.999996
1.402,3.4e-05,0.999966
1.402,5e-06,0.999995
1.402,2e-06,0.999998
1.402,5e-06,0.999996
1.402,0.005079,0.994921
1.402,1.5e-05,0.999985
1.402,0.000128,0.999872
1.402,9e-06,0.999991
1.402,0.029087,0.970913
1.402,1e-06,0.999999
1.402,0.000201,0.999799
1.402,6.9e-05,0.999931
1.402,7e-06,0.999993
1.402,1e-06,0.999999
1.402,7.8e-05,0.999922
1.402,4.3e-05,0.999957
1.402,3e-06,0.999997
1.402,3.6e-05,0.999964
1.402,0.000498,0.999503
1.402,1e-06,0.999999
1.402,1.9e-05,0.999981
1.402,3.5e-05,0.999965
1.402,0.000415,0.999585
1.402,2.1e-05,0.999979
1.402,1.6e-05,0.999984
1.402,1.8e-05,0.999982
1.402,0.000105,0.999895
1.402,0.000326,0.999674
1.402,2.6e-05,0.999974
1.402,1.8e-05,0.999982
1.402,2e-06,0.999998
1.402,6e-06,0.999994
1.402,0.000212,0.999788
1.402,0.000178,0.999822
1.402,8e-06,0.999992
1.402,7e-06,0.999993
1.402,6.2e-05,0.999938
1.402,0.000143,0.999857
1.402,1.5e-05,0.999985
1.402,0.0,1.0
1.402,3e-06,0.999997
1.402,1.6e-05,0.999984
1.402,4.6e-05,0.999954
1.402,6.6e-05,0.999934
1.402,1.5e-05,0.999985
1.402,8.4e-05,0.999916
1.402,7.5e-05,0.999925
1.402,1.6e-05,0.999984
1.402,0.000106,0.999894
1.402,0.000187,0.999813
1.402,3e-06,0.999997
1.402,1e-06,0.999999
1.402,1.6e-05,0.999984
1.402,0.00018,0.99982
1.402,2e-06,0.999998
1.402,2.6e-05,0.999974
1.402,1e-06,0.999999
1.402,0.001276,0.998724
1.402,4.1e-05,0.999959
1.402,2.5e-05,0.999975
1.402,4.4e-05,0.999956
1.402,1e-06,0.999999
1.402,8.4e-05,0.999916
1.402,1e-06,0.999999
1.402,3.6e-05,0.999964
1.402,3e-06,0.999997
1.402,5e-06,0.999996
1.402,3.8e-05,0.999962
1.402,1.4e-05,0.999986
1.402,9e-06,0.999991
1.402,5.5e-05,0.999945
1.402,4.2e-05,0.999958
1.402,6.8e-05,0.999932
1.402,0.000462,0.999538
1.402,0.000257,0.999743
1.402,0.038359,0.961641
1.402,5.2e-05,0.999948
1.402,9.8e-05,0.999902
1.402,3.5e-05,0.999965
1.402,4.6e-05,0.999954
1.402,5.8e-05,0.999942
1.402,0.000158,0.999842
1.402,1.1e-05,0.999989
1.402,0.0,1.0
1.402,1.4e-05,0.999986
1.402,6.9e-05,0.999931
1.402,4.2e-05,0.999958
1.402,5.3e-05,0.999947
1.402,3e-05,0.99997
1.402,1.2e-05,0.999988
1.402,2.2e-05,0.999978
1.402,2e-06,0.999998
1.402,2.2e-05,0.999978
1.402,4e-06,0.999996
1.402,3e-06,0.999998
1.402,8e-05,0.99992
1.402,3e-06,0.999997
1.402,7.1e-05,0.999929
1.408,4e-06,0.999996
1.408,4.3e-05,0.999957
1.408,4.1e-05,0.999959
1.408,9.3e-05,0.999907
1.408,0.0,1.0
1.408,1e-06,0.999999
1.408,5e-06,0.999995
1.408,0.000275,0.999725
1.408,5e-06,0.999995
1.408,7e-06,0.999993
1.408,1.5e-05,0.999985
1.408,0.000168,0.999832
1.408,2.4e-05,0.999976
1.408,3e-06,0.999997
1.408,1.5e-05,0.999985
1.408,0.000111,0.999889
1.408,0.00188,0.99812
1.408,6e-06,0.999994
1.408,4.4e-05,0.999956
1.408,6.9e-05,0.999931
1.408,0.000219,0.999781
1.408,1e-06,0.999999
1.408,0.001538,0.998462
1.408,1.6e-05,0.999984
1.408,2e-05,0.99998
1.408,0.000182,0.999818
1.408,5.2e-05,0.999948
1.408,5e-06,0.999995
1.408,1.8e-05,0.999982
1.408,3e-06,0.999997
1.408,2.1e-05,0.999979
1.408,9e-06,0.999991
1.408,0.000454,0.999546
1.408,0.001666,0.998334
1.408,2e-06,0.999998
1.408,6e-06,0.999994
1.408,1e-06,0.999999
1.408,7e-06,0.999993
1.408,2.1e-05,0.999979
1.408,1e-06,0.999999
1.408,1.3e-05,0.999987
1.408,1.7e-05,0.999983
1.408,1e-06,1.0
1.408,0.000212,0.999788
1.408,2e-06,0.999998
1.408,6.4e-05,0.999936
1.408,1e-06,0.999999
1.408,1e-06,0.999999
1.408,8e-06,0.999992
1.408,6e-06,0.999994
1.408,7e-06,0.999993
1.408,4e-06,0.999996
1.408,9e-06,0.999991
1.408,0.000161,0.999839
1.408,0.00229,0.99771
1.408,5e-06,0.999995
1.408,3e-06,0.999997
1.408,3e-06,0.999997
1.408,1e-06,0.999999
1.408,6.3e-05,0.999937
1.408,4e-06,0.999996
1.408,0.015493,0.984507
1.408,3e-06,0.999997
1.408,0.000187,0.999813
1.408,1e-06,0.999999
1.408,0.019965,0.980036
1.408,0.0,1.0
1.408,7.9e-05,0.999921
1.408,3e-06,0.999997
1.408,8e-06,0.999992
1.408,1.3e-05,0.999987
1.408,0.0007,0.9993
1.408,3.6e-05,0.999964
1.408,0.000412,0.999588
1.408,5.2e-05,0.999948
1.408,0.000142,0.999858
1.408,3.9e-05,0.999961
1.408,8.5e-05,0.999915
1.408,1e-04,0.9999
1.408,2e-05,0.99998
1.408,0.00038,0.99962
1.408,0.002366,0.997634
1.408,0.000839,0.999161
1.408,1.6e-05,0.999984
1.408,5e-06,0.999995
1.408,2e-06,0.999998
1.408,1e-06,0.999999
1.408,0.001002,0.998998
1.408,0.001679,0.99832
1.408,0.002021,0.997978
1.408,4e-06,0.999996
1.408,6e-06,0.999994
1.408,0.001077,0.998922
1.408,0.000453,0.999547
1.408,1e-06,1.0
1.408,1.2e-05,0.999988
1.408,1.1e-05,0.999989
1.408,1e-06,0.999999
1.408,7.8e-05,0.999922
1.408,3.8e-05,0.999962
1.414,0.001011,0.998989
1.414,1e-06,0.999999
1.414,0.000186,0.999814
1.414,9e-06,0.999991
1.414,4e-06,0.999996
1.414,0.000175,0.999825
1.414,7.3e-05,0.999927
1.414,0.000116,0.999884
1.414,0.00026,0.99974
1.414,0.003985,0.996016
1.414,7e-06,0.999993
1.414,7e-06,0.999993
1.414,2e-06,0.999998
1.414,1e-06,0.999999
1.414,2e-06,0.999998
1.414,0.000804,0.999196
1.414,0.000897,0.999103
1.414,8.2e-05,0.999918
1.414,0.000182,0.999818
1.414,2e-06,0.999998
1.414,6e-06,0.999994
1.414,4e-06,0.999996
1.414,6.9e-05,0.999931
1.414,0.000119,0.999881
1.414,8.3e-05,0.999917
1.414,3e-06,0.999997
1.414,4e-06,0.999996
1.414,1.9e-05,0.999981
1.414,0.001732,0.998268
1.414,0.0,1.0
1.414,1e-06,1.0
1.414,0.000196,0.999804
1.414,2e-06,0.999998
1.414,1.2e-05,0.999988
1.414,5e-06,0.999995
1.414,7e-06,0.999993
1.414,2e-06,0.999998
1.414,0.001048,0.998952
1.414,9e-06,0.999991
1.414,0.000123,0.999877
1.414,3e-06,0.999997
1.414,7.9e-05,0.999921
1.414,6e-06,0.999994
1.414,2.4e-05,0.999976
1.414,0.002889,0.997111
1.414,3.1e-05,0.999969
1.414,1e-06,0.999999
1.414,2e-05,0.99998
1.414,3.3e-05,0.999967
1.414,0.000228,0.999772
1.414,3.2e-05,0.999968
1.414,5e-06,0.999995
1.414,2e-06,0.999998
1.414,1e-06,0.999999
1.414,3e-05,0.99997
1.414,6e-06,0.999994
1.414,0.000179,0.999822
1.414,3e-05,0.99997
1.414,3e-06,0.999997
1.414,0.000186,0.999814
1.414,1e-06,0.999999
1.414,1.1e-05,0.999989
1.414,5e-06,0.999996
1.414,0.0,1.0
1.414,0.0,1.0
1.414,1e-06,0.999999
1.414,0.000163,0.999837
1.414,3e-06,0.999997
1.414,0.000386,0.999614
1.414,0.000457,0.999543
1.414,0.000109,0.999891
1.414,1e-06,0.999999
1.414,1e-06,0.999999
1.414,5e-06,0.999996
1.414,5e-06,0.999996
1.414,0.002585,0.997415
1.414,9.3e-05,0.999907
1.414,9e-06,0.999991
1.414,4.6e-05,0.999954
1.414,1.7e-05,0.999982
1.414,3.6e-05,0.999964
1.414,0.000826,0.999174
1.414,4e-06,0.999996
1.414,0.0,1.0
1.414,0.000558,0.999442
1.414,0.000244,0.999756
1.414,2e-06,0.999998
1.414,1e-06,0.999999
1.414,1e-05,0.99999
1.414,2e-06,0.999998
1.414,1e-06,0.999999
1.414,0.003209,0.996791
1.414,3.3e-05,0.999967
1.414,0.008225,0.991775
1.414,2.4e-05,0.999976
1.414,4.9e-05,0.999951
1.414,3e-06,0.999997
1.414,4e-06,0.999996
1.414,0.000415,0.999585
1.414,1e-06,0.999999
1.42,1.5e-05,0.999985
1.42,3e-06,0.999997
1.42,0.0,1.0
1.42,1e-06,0.999999
1.42,2e-05,0.99998
1.42,1e-06,0.999999
1.42,6e-06,0.999994
1.42,9e-06,0.999991
1.42,1.5e-05,0.999985
1.42,4.6e-05,0.999954
1.42,0.001164,0.998836
1.42,4.3e-05,0.999957
1.42,1e-06,0.999999
1.42,0.0,1.0
1.42,3e-06,0.999997
1.42,5.5e-05,0.999945
1.42,1.1e-05,0.999989
1.42,0.000303,0.999697
1.42,6.2e-05,0.999938
1.42,8.8e-05,0.999912
1.42,5e-06,0.999995
1.42,3e-06,0.999997
1.42,3e-06,0.999997
1.42,2e-06,0.999998
1.42,0.0,1.0
1.42,1e-06,0.999999
1.42,3e-06,0.999997
1.42,3.3e-05,0.999967
1.42,3e-06,0.999998
1.42,1e-06,0.999999
1.42,1.4e-05,0.999986
1.42,3.4e-05,0.999966
1.42,3e-06,0.999997
1.42,2e-06,0.999998
1.42,2e-06,0.999998
1.42,3e-06,0.999997
1.42,1e-06,0.999999
1.42,4e-06,0.999996
1.42,1.6e-05,0.999984
1.42,1.8e-05,0.999982
1.42,0.00023,0.99977
1.42,0.0,1.0
1.42,0.000285,0.999716
1.42,0.0,1.0
1.42,1.4e-05,0.999986
1.42,7e-06,0.999993
1.42,7e-06,0.999993
1.42,0.000224,0.999776
1.42,7e-06,0.999993
1.42,2.1e-05,0.999979
1.42,5e-06,0.999995
1.42,3e-06,0.999997
1.42,7e-06,0.999993
1.42,5.9e-05,0.999941
1.42,5e-06,0.999995
1.42,1.9e-05,0.999981
1.42,0.002704,0.997296
1.42,0.007154,0.992846
1.42,3e-06,0.999997
1.42,0.000233,0.999767
1.42,1.7e-05,0.999983
1.42,3e-06,0.999997
1.42,0.000129,0.999871
1.42,5e-06,0.999995
1.42,0.00011,0.99989
1.42,2.4e-05,0.999976
1.42,0.02525,0.97475
1.42,1.5e-05,0.999985
1.42,7e-06,0.999993
1.42,1.8e-05,0.999982
1.42,1.3e-05,0.999987
1.42,3.7e-05,0.999963
1.42,2.4e-05,0.999976
1.42,1.3e-05,0.999987
1.42,6e-06,0.999994
1.42,1.9e-05,0.999981
1.42,0.00081,0.99919
1.42,0.00013,0.99987
1.42,5e-06,0.999995
1.42,0.000133,0.999867
1.42,2.2e-05,0.999978
1.42,3e-06,0.999997
1.42,3e-05,0.99997
1.42,3e-06,0.999997
1.42,6e-06,0.999994
1.42,6e-06,0.999994
1.42,8e-06,0.999992
1.42,3e-06,0.999997
1.42,4e-06,0.999996
1.42,3e-06,0.999997
1.42,1e-06,0.999999
1.42,0.000226,0.999774
1.42,2.2e-05,0.999978
1.42,0.009112,0.990888
1.42,1e-06,0.999999
1.42,1e-06,0.999999
1.42,1.9e-05,0.999981
1.42,1e-06,0.999999
1.42,1e-06,1.0
1.42,2e-06,0.999998
1.426,3e-06,0.999997
1.426,2e-06,0.999998
1.426,1.1e-05,0.999989
1.426,1.7e-05,0.999983
1.426,5.5e-05,0.999945
1.426,2e-06,0.999998
1.426,1e-06,0.999999
1.426,0.000335,0.999665
1.426,3.2e-05,0.999968
1.426,5e-06,0.999995
1.426,0.000316,0.999684
1.426,4e-05,0.99996
1.426,2e-06,0.999998
1.426,0.000148,0.999852
1.426,1e-06,0.999999
1.426,8e-06,0.999992
1.426,2e-06,0.999998
1.426,1e-05,0.99999
1.426,4.9e-05,0.999951
1.426,1e-06,0.999999
1.426,3e-06,0.999997
1.426,1e-06,0.999999
1.426,3e-06,0.999997
1.426,6.3e-05,0.999937
1.426,1e-06,0.999999
1.426,1.5e-05,0.999985
1.426,0.0,1.0
1.426,0.000143,0.999857
1.426,5e-06,0.999995
1.426,0.000141,0.999859
1.426,1e-06,0.999999
1.426,1.9e-05,0.999981
1.426,2.4e-05,0.999976
1.426,0.000299,0.999701
1.426,1.8e-05,0.999982
1.426,0.000164,0.999836
1.426,3e-06,0.999997
1.426,5e-06,0.999995
1.426,0.000231,0.999769
1.426,0.0,1.0
1.426,2e-06,0.999998
1.426,0.000112,0.999888
1.426,4e-06,0.999997
1.426,6e-06,0.999994
1.426,0.0,1.0
1.426,3e-06,0.999997
1.426,5.4e-05,0.999946
1.426,2e-06,0.999998
1.426,0.0,1.0
1.426,3e-06,0.999998
1.426,2.3e-05,0.999977
1.426,2e-06,0.999998
1.426,0.014818,0.985182
1.426,1e-06,0.999999
1.426,3e-06,0.999997
1.426,1.1e-05,0.999989
1.426,4e-06,0.999996
1.426,1.9e-05,0.999981
1.426,4e-06,0.999996
1.426,6e-06,0.999994
1.426,0.000114,0.999886
1.426,4e-05,0.99996
1.426,0.000509,0.999491
1.426,2e-06,0.999998
1.426,6.9e-05,0.999931
1.426,7e-06,0.999993
1.426,1e-06,0.999999
1.426,6e-06,0.999994
1.426,4e-06,0.999996
1.426,1.6e-05,0.999984
1.426,1e-06,0.999999
1.426,6.1e-05,0.999939
1.426,3e-06,0.999997
1.426,1.5e-05,0.999985
1.426,2e-06,0.999998
1.426,0.000258,0.999742
1.426,3e-06,0.999997
1.426,3e-06,0.999997
1.426,1.4e-05,0.999986
1.426,1.7e-05,0.999983
1.426,9e-06,0.999991
1.426,0.000622,0.999378
1.426,3.3e-05,0.999967
1.426,2e-06,0.999998
1.426,3e-06,0.999997
1.426,0.0,1.0
1.426,1.2e-05,0.999988
1.426,8e-06,0.999992
1.426,1.4e-05,0.999986
1.426,0.0,1.0
1.426,1e-06,1.0
1.426,7.2e-05,0.999928
1.426,2.6e-05,0.999974
1.426,6e-06,0.999994
1.426,1.8e-05,0.999982
1.426,3e-06,0.999997
1.426,1.2e-05,0.999988
1.426,9e-06,0.999991
1.426,3.1e-05,0.999969
1.426,1.3e-05,0.999987
1.432,0.0,1.0
1.432,5e-06,0.999995
1.432,4e-06,0.999996
1.432,1.2e-05,0.999988
1.432,1.6e-05,0.999984
1.432,6.7e-05,0.999933
1.432,4e-06,0.999996
1.432,3e-06,0.999997
1.432,1.1e-05,0.999989
1.432,1.7e-05,0.999983
1.432,0.000384,0.999616
1.432,3.9e-05,0.999961
1.432,6e-06,0.999994
1.432,4.9e-05,0.999952
1.432,1e-06,0.999999
1.432,4.8e-05,0.999952
1.432,7.3e-05,0.999927
1.432,0.010757,0.989243
1.432,4e-06,0.999996
1.432,5e-06,0.999995
1.432,1e-06,0.999999
1.432,0.000104,0.999896
1.432,7.1e-05,0.999929
1.432,0.0,1.0
1.432,4e-05,0.99996
1.432,1e-06,0.999999
1.432,5e-06,0.999995
1.432,4e-06,0.999996
1.432,0.000128,0.999872
1.432,0.001402,0.998598
1.432,5e-06,0.999995
1.432,2e-06,0.999998
1.432,3e-05,0.99997
1.432,0.000324,0.999676
1.432,6e-06,0.999994
1.432,0.000106,0.999894
1.432,9.2e-05,0.999908
1.432,3e-06,0.999997
1.432,5e-06,0.999995
1.432,9.6e-05,0.999904
1.432,0.000233,0.999767
1.432,0.000541,0.999459
1.432,3e-06,0.999997
1.432,1e-06,0.999999
1.432,5e-06,0.999995
1.432,0.0,1.0
1.432,0.0,1.0
1.432,3e-06,0.999997
1.432,2.5e-05,0.999975
1.432,8e-06,0.999992
1.432,5.6e-05,0.999944
1.432,3e-06,0.999997
1.432,5e-06,0.999995
1.432,0.001497,0.998503
1.432,0.000177,0.999823
1.432,3e-06,0.999997
1.432,1.1e-05,0.999989
1.432,2e-06,0.999998
1.432,1e-06,0.999999
1.432,0.0,1.0
1.432,1e-06,0.999999
1.432,0.0,1.0
1.432,0.0,1.0
1.432,0.000102,0.999898
1.432,7e-06,0.999993
1.432,1e-05,0.99999
1.432,1e-06,0.999999
1.432,0.0,1.0
1.432,0.0,1.0
1.432,0.002123,0.997877
1.432,0.000134,0.999866
1.432,1e-06,0.999999
1.432,5.9e-05,0.999941
1.432,1e-06,0.999999
1.432,1e-05,0.99999
1.432,4e-06,0.999996
1.432,7.4e-05,0.999926
1.432,6e-06,0.999994
1.432,1.6e-05,0.999984
1.432,0.0,1.0
1.432,4e-06,0.999996
1.432,0.000193,0.999807
1.432,1e-06,0.999999
1.432,1.8e-05,0.999982
1.432,3e-06,0.999997
1.432,2e-05,0.99998
1.432,9e-06,0.999991
1.432,3e-06,0.999997
1.432,0.0,1.0
1.432,6e-06,0.999994
1.432,1.1e-05,0.999989
1.432,1e-06,0.999999
1.432,1.3e-05,0.999987
1.432,1e-06,0.999999
1.432,6e-06,0.999994
1.432,0.000558,0.999442
1.432,0.0,1.0
1.432,1.6e-05,0.999984
1.432,5e-06,0.999995
1.432,3e-06,0.999997
1.438,1e-06,0.999999
1.438,1e-05,0.99999
1.438,2e-06,0.999998
1.438,2.2e-05,0.999978
1.438,4e-05,0.99996
1.438,2e-06,0.999998
1.438,1e-06,0.999999
1.438,1e-06,0.999999
1.438,6.7e-05,0.999933
1.438,0.000648,0.999352
1.438,1e-06,0.999999
1.438,9e-06,0.999991
1.438,0.00021,0.99979
1.438,0.000135,0.999865
1.438,2e-06,0.999998
1.438,0.00397,0.99603
1.438,0.000172,0.999828
1.438,0.000183,0.999817
1.438,1e-06,0.999999
1.438,7.3e-05,0.999927
1.438,1e-06,0.999999
1.438,0.000111,0.999889
1.438,6e-06,0.999994
1.438,0.0,1.0
1.438,0.0,1.0
1.438,1e-06,0.999999
1.438,0.000102,0.999898
1.438,1e-06,0.999999
1.438,3e-06,0.999997
1.438,2e-06,0.999998
1.438,1e-06,0.999999
1.438,6e-06,0.999994
1.438,9e-06,0.999991
1.438,0.000123,0.999877
1.438,6e-06,0.999994
1.438,9e-06,0.999991
1.438,1.6e-05,0.999984
1.438,5e-06,0.999996
1.438,2e-06,0.999998
1.438,3e-06,0.999997
1.438,7.8e-05,0.999922
1.438,3.6e-05,0.999964
1.438,3e-06,0.999997
1.438,7e-06,0.999993
1.438,9e-06,0.999991
1.438,0.000192,0.999808
1.438,1e-06,0.999999
1.438,0.000185,0.999815
1.438,1.1e-05,0.999989
1.438,6e-06,0.999994
1.438,9.2e-05,0.999908
1.438,0.00966,0.99034
1.438,1e-06,0.999999
1.438,1.1e-05,0.999989
1.438,5.4e-05,0.999946
1.438,0.002907,0.997093
1.438,1.7e-05,0.999983
1.438,7e-06,0.999993
1.438,6e-06,0.999994
1.438,0.000176,0.999824
1.438,1.3e-05,0.999988
1.438,2e-06,0.999998
1.438,1.8e-05,0.999982
1.438,4e-06,0.999996
1.438,3e-06,0.999997
1.438,5e-06,0.999995
1.438,1.1e-05,0.99999
1.438,2.7e-05,0.999973
1.438,1.2e-05,0.999988
1.438,2.4e-05,0.999976
1.438,0.0,1.0
1.438,2e-06,0.999998
1.438,2e-06,0.999998
1.438,0.000154,0.999846
1.438,2.1e-05,0.999979
1.438,1e-06,0.999999
1.438,9e-06,0.999991
1.438,4.1e-05,0.999959
1.438,4.3e-05,0.999957
1.438,1e-06,0.999999
1.438,1.1e-05,0.999989
1.438,6e-06,0.999994
1.438,6.4e-05,0.999936
1.438,0.000754,0.999246
1.438,0.0,1.0
1.438,7e-06,0.999993
1.438,2e-06,0.999998
1.438,0.001927,0.998072
1.438,2e-06,0.999998
1.438,0.0,1.0
1.438,1e-06,0.999999
1.438,0.000279,0.999721
1.438,5.4e-05,0.999946
1.438,8e-06,0.999992
1.438,1.1e-05,0.999989
1.438,8e-06,0.999992
1.438,2e-06,0.999998
1.438,2.1e-05,0.999979
1.438,1e-06,0.999999
1.438,0.000108,0.999892
1.444,0.000511,0.999489
1.444,0.000237,0.999763
1.444,1.1e-05,0.999989
1.444,1e-06,0.999999
1.444,2e-06,0.999998
1.444,1.5e-05,0.999985
1.444,2e-06,0.999998
1.444,5.2e-05,0.999948
1.444,1e-06,0.999998
1.444,1e-06,0.999999
1.444,7.2e-05,0.999928
1.444,2e-06,0.999998
1.444,0.000181,0.999819
1.444,5.6e-05,0.999944
1.444,1e-05,0.99999
1.444,2e-06,0.999998
1.444,1e-06,0.999999
1.444,0.0,1.0
1.444,6e-06,0.999994
1.444,1e-06,0.999999
1.444,8e-06,0.999992
1.444,5e-06,0.999995
1.444,1.4e-05,0.999986
1.444,1.6e-05,0.999984
1.444,2.2e-05,0.999978
1.444,1.7e-05,0.999983
1.444,2e-06,0.999998
1.444,8e-06,0.999992
1.444,5e-06,0.999995
1.444,1e-06,0.999999
1.444,1e-05,0.99999
1.444,0.000318,0.999682
1.444,1.6e-05,0.999984
1.444,6e-06,0.999994
1.444,2e-06,0.999998
1.444,0.002,0.998
1.444,4e-06,0.999996
1.444,1.1e-05,0.999989
1.444,0.0,1.0
1.444,0.000321,0.999679
1.444,0.000209,0.999791
1.444,9e-06,0.999991
1.444,4.4e-05,0.999956
1.444,3e-06,0.999997
1.444,2e-06,0.999998
1.444,0.000208,0.999792
1.444,1e-06,0.999999
1.444,2e-06,0.999998
1.444,2e-06,0.999998
1.444,1e-06,0.999999
1.444,1e-06,0.999999
1.444,4e-06,0.999996
1.444,7e-06,0.999993
1.444,1e-06,0.999999
1.444,2.9e-05,0.999971
1.444,2.6e-05,0.999974
1.444,2e-06,0.999998
1.444,1.8e-05,0.999982
1.444,6e-06,0.999994
1.444,0.0,1.0
1.444,3e-06,0.999997
1.444,3.5e-05,0.999965
1.444,1e-05,0.99999
1.444,2.2e-05,0.999978
1.444,4e-06,0.999996
1.444,3.2e-05,0.999968
1.444,1e-06,0.999999
1.444,0.0,1.0
1.444,2e-06,0.999998
1.444,0.000552,0.999448
1.444,3.4e-05,0.999966
1.444,0.0,1.0
1.444,1e-06,0.999999
1.444,0.0,1.0
1.444,1.6e-05,0.999984
1.444,3e-05,0.99997
1.444,7e-06,0.999993
1.444,1e-06,0.999999
1.444,1.2e-05,0.999988
1.444,2e-06,0.999998
1.444,1e-06,0.999999
1.444,7e-06,0.999993
1.444,4e-06,0.999996
1.444,1e-06,0.999999
1.444,2e-06,0.999998
1.444,0.0,1.0
1.444,2.6e-05,0.999974
1.444,3.8e-05,0.999962
1.444,2.7e-05,0.999973
1.444,0.0,1.0
1.444,3e-06,0.999997
1.444,2.3e-05,0.999977
1.444,2e-06,0.999998
1.444,2e-05,0.99998
1.444,1.5e-05,0.999985
1.444,0.000363,0.999637
1.444,3e-06,0.999997
1.444,3e-06,0.999997
1.444,3.3e-05,0.999967
1.444,4e-06,0.999996
1.45,2e-06,0.999998
1.45,0.0,1.0
1.45,0.000269,0.999731
1.45,1e-06,0.999999
1.45,9.9e-05,0.999901
1.45,5.5e-05,0.999945
1.45,2.2e-05,0.999978
1.45,0.00095,0.99905
1.45,7e-06,0.999993
1.45,8e-06,0.999992
1.45,8e-06,0.999992
1.45,2.2e-05,0.999978
1.45,9.2e-05,0.999908
1.45,8e-06,0.999992
1.45,3e-06,0.999997
1.45,1e-06,0.999999
1.45,1e-06,0.999999
1.45,1.1e-05,0.999989
1.45,5e-06,0.999996
1.45,4.4e-05,0.999956
1.45,1e-06,0.999999
1.45,7.2e-05,0.999928
1.45,6e-05,0.99994
1.45,4e-06,0.999996
1.45,6.2e-05,0.999938
1.45,4e-06,0.999996
1.45,9.1e-05,0.999909
1.45,2.6e-05,0.999974
1.45,0.000103,0.999897
1.45,0.0,1.0
1.45,0.000343,0.999657
1.45,2.7e-05,0.999973
1.45,7.8e-05,0.999922
1.45,4.3e-05,0.999957
1.45,4e-05,0.99996
1.45,2e-06,0.999998
1.45,6e-06,0.999994
1.45,1e-06,0.999999
1.45,4.4e-05,0.999956
1.45,0.0,1.0
1.45,2e-06,0.999998
1.45,0.0,1.0
1.45,5e-06,0.999995
1.45,3e-06,0.999997
1.45,6.4e-05,0.999936
1.45,0.000106,0.999894
1.45,7e-06,0.999993
1.45,2e-06,0.999998
1.45,0.000136,0.999864
1.45,8e-06,0.999992
1.45,7e-06,0.999993
1.45,1e-06,1.0
1.45,0.0,1.0
1.45,1.3e-05,0.999986
1.45,1e-06,0.999999
1.45,2e-06,0.999998
1.45,8.5e-05,0.999915
1.45,1e-06,0.999999
1.45,1e-06,0.999999
1.45,0.001566,0.998434
1.45,3.1e-05,0.999969
1.45,1.6e-05,0.999984
1.45,2.3e-05,0.999977
1.45,5e-06,0.999996
1.45,4e-06,0.999996
1.45,1.4e-05,0.999986
1.45,5.1e-05,0.999949
1.45,0.0,1.0
1.45,3e-06,0.999997
1.45,5e-06,0.999995
1.45,8e-06,0.999992
1.45,6.4e-05,0.999936
1.45,9.4e-05,0.999906
1.45,0.0,1.0
1.45,1.8e-05,0.999982
1.45,1e-05,0.99999
1.45,7e-06,0.999993
1.45,1.7e-05,0.999983
1.45,9e-06,0.999991
1.45,2.2e-05,0.999978
1.45,4e-06,0.999996
1.45,6.2e-05,0.999938
1.45,2.7e-05,0.999973
1.45,1.6e-05,0.999984
1.45,0.0,1.0
1.45,9e-06,0.999991
1.45,1.8e-05,0.999982
1.45,0.0,1.0
1.45,5e-06,0.999995
1.45,1.1e-05,0.999989
1.45,2e-06,0.999998
1.45,2e-06,0.999998
1.45,2e-06,0.999998
1.45,2e-06,0.999998
1.45,2e-06,0.999998
1.45,2e-06,0.999998
1.45,0.0,1.0
1.45,2e-06,0.999998
1.45,2e-06,0.999998
1.45,1e-06,0.999999
