temperature,ordered_probability,amorphous_probability
0.750,0.999933,6.7e-05
0.750,0.999954,4.6e-05
0.750,0.999978,2.2e-05
0.750,0.999988,1.2e-05
0.750,0.99996,4e-05
0.750,0.999974,2.6e-05
0.750,0.99995,5e-05
0.750,0.999981,1.9e-05
0.750,0.999989,1.1e-05
0.750,0.999976,2.4e-05
0.750,0.999983,1.7e-05
0.750,0.999986,1.4e-05
0.750,0.999985,1.5e-05
0.750,0.99998,2e-05
0.750,0.999968,3.2e-05
0.750,0.999947,5.3e-05
0.750,0.999959,4.1e-05
0.750,0.999961,3.9e-05
0.750,0.999985,1.5e-05
0.750,0.999984,1.6e-05
0.750,0.999978,2.2e-05
0.750,0.999992,8e-06
0.750,0.999992,8e-06
0.750,0.999989,1.1e-05
0.750,0.999975,2.5e-05
0.750,0.999962,3.8e-05
0.750,0.999972,2.8e-05
0.750,0.999852,0.000148
0.750,0.999976,2.4e-05
0.750,0.999978,2.3e-05
0.750,0.999984,1.6e-05
0.750,0.999967,3.3e-05
0.750,0.999964,3.6e-05
0.750,0.999975,2.5e-05
0.750,0.999994,6e-06
0.750,0.999994,6e-06
0.750,0.999961,3.9e-05
0.750,0.999933,6.7e-05
0.750,0.99997,3e-05
0.750,0.999984,1.6e-05
0.750,0.999969,3.1e-05
0.750,0.999991,9e-06
0.750,0.999933,6.7e-05
0.750,0.99996,4e-05
0.750,0.999964,3.6e-05
0.750,0.999985,1.5e-05
0.750,0.99998,2e-05
0.750,0.999979,2.1e-05
0.750,0.999973,2.7e-05
0.750,0.99998,2e-05
0.750,0.999975,2.5e-05
0.750,0.999972,2.8e-05
0.750,0.999973,2.7e-05
0.750,0.999962,3.8e-05
0.750,0.999914,8.6e-05
0.750,0.99999,1e-05
0.750,0.999981,1.9e-05
0.750,0.99998,2e-05
0.750,0.999826,0.000174
0.750,0.999977,2.3e-05
0.750,0.999974,2.6e-05
0.750,0.99996,4.1e-05
0.750,0.999968,3.2e-05
0.750,0.999973,2.7e-05
0.750,0.999959,4.1e-05
0.750,0.999986,1.4e-05
0.750,0.999982,1.8e-05
0.750,0.999994,6e-06
0.750,0.999989,1.1e-05
0.750,0.999978,2.2e-05
0.750,0.999989,1.1e-05
0.750,0.999979,2.1e-05
0.750,0.999979,2.1e-05
0.750,0.999986,1.4e-05
0.750,0.999939,6.1e-05
0.750,0.999935,6.5e-05
0.750,0.999979,2.1e-05
0.750,0.999982,1.8e-05
0.750,0.999982,1.7e-05
0.750,0.999986,1.4e-05
0.750,0.999971,2.9e-05
0.750,0.999985,1.5e-05
0.750,0.999957,4.3e-05
0.750,0.999992,9e-06
0.750,0.999986,1.4e-05
0.750,0.999985,1.5e-05
0.750,0.999985,1.5e-05
0.750,0.999979,2.1e-05
0.750,0.999992,8e-06
0.750,0.999945,5.5e-05
0.750,0.99997,3e-05
0.750,0.999947,5.3e-05
0.750,0.999975,2.5e-05
0.750,0.999924,7.6e-05
0.750,0.999977,2.3e-05
0.750,0.999989,1.1e-05
0.750,0.999946,5.4e-05
0.750,0.999959,4.1e-05
0.750,0.999982,1.8e-05
0.750,0.999959,4.1e-05
0.750,0.99995,4.9e-05
0.762,0.999964,3.6e-05
0.762,0.999979,2.1e-05
0.762,0.999978,2.2e-05
0.762,0.999974,2.5e-05
0.762,0.999953,4.7e-05
0.762,0.999987,1.3e-05
0.762,0.999992,8e-06
0.762,0.999958,4.2e-05
0.762,0.999979,2.1e-05
0.762,0.999976,2.4e-05
0.762,0.999965,3.5e-05
0.762,0.999976,2.4e-05
0.762,0.999984,1.6e-05
0.762,0.999751,0.000249
0.762,0.999967,3.3e-05
0.762,0.999961,3.9e-05
0.762,0.999973,2.7e-05
0.762,0.999369,0.000631
0.762,0.999988,1.2e-05
0.762,0.999945,5.5e-05
0.762,0.999979,2.1e-05
0.762,0.99998,2e-05
0.762,0.999992,8e-06
0.762,0.999987,1.3e-05
0.762,0.999974,2.6e-05
0.762,0.999966,3.4e-05
0.762,0.999983,1.7e-05
0.762,0.999977,2.3e-05
0.762,0.999976,2.4e-05
0.762,0.99997,3e-05
0.762,0.999981,1.9e-05
0.762,0.999991,9e-06
0.762,0.99999,1e-05
0.762,0.999991,9e-06
0.762,0.999937,6.3e-05
0.762,0.999948,5.2e-05
0.762,0.999987,1.3e-05
0.762,0.99998,2e-05
0.762,0.999988,1.2e-05
0.762,0.99994,6e-05
0.762,0.999944,5.6e-05
0.762,0.999983,1.7e-05
0.762,0.999981,1.9e-05
0.762,0.999953,4.7e-05
0.762,0.99998,2e-05
0.762,0.999971,2.9e-05
0.762,0.999969,3.1e-05
0.762,0.999956,4.4e-05
0.762,0.999984,1.6e-05
0.762,0.999974,2.6e-05
0.762,0.999986,1.3e-05
0.762,0.999973,2.7e-05
0.762,0.999932,6.8e-05
0.762,0.999872,0.000128
0.762,0.999938,6.2e-05
0.762,0.999972,2.8e-05
0.762,0.99996,4e-05
0.762,0.999992,8e-06
0.762,0.999986,1.4e-05
0.762,0.999971,2.9e-05
0.762,0.999964,3.6e-05
0.762,0.999979,2.1e-05
0.762,0.999989,1.1e-05
0.762,0.999985,1.4e-05
0.762,0.999828,0.000172
0.762,0.99999,1e-05
0.762,0.999991,9e-06
0.762,0.999977,2.3e-05
0.762,0.999985,1.5e-05
0.762,0.999932,6.8e-05
0.762,0.999969,3.1e-05
0.762,0.999976,2.4e-05
0.762,0.999966,3.4e-05
0.762,0.99997,3.1e-05
0.762,0.999966,3.4e-05
0.762,0.999977,2.3e-05
0.762,0.999932,6.8e-05
0.762,0.999946,5.4e-05
0.762,0.999978,2.2e-05
0.762,0.999961,3.9e-05
0.762,0.999955,4.5e-05
0.762,0.999989,1.1e-05
0.762,0.999902,9.8e-05
0.762,0.999964,3.6e-05
0.762,0.999978,2.3e-05
0.762,0.999954,4.7e-05
0.762,0.999984,1.5e-05
0.762,0.999986,1.4e-05
0.762,0.999972,2.8e-05
0.762,0.99996,4e-05
0.762,0.999983,1.7e-05
0.762,0.999968,3.2e-05
0.762,0.999978,2.2e-05
0.762,0.999958,4.2e-05
0.762,0.999967,3.3e-05
0.762,0.999974,2.6e-05
0.762,0.999946,5.4e-05
0.762,0.999989,1.1e-05
0.762,0.999958,4.2e-05
0.762,0.999967,3.3e-05
0.762,0.999985,1.5e-05
0.774,0.999961,3.9e-05
0.774,0.999864,0.000136
0.774,0.999981,1.9e-05
0.774,0.999931,6.9e-05
0.774,0.999949,5.1e-05
0.774,0.999929,7.1e-05
0.774,0.999986,1.4e-05
0.774,0.999982,1.8e-05
0.774,0.999983,1.7e-05
0.774,0.999943,5.7e-05
0.774,0.999989,1.1e-05
0.774,0.999992,8e-06
0.774,0.999979,2.1e-05
0.774,0.999968,3.2e-05
0.774,0.999953,4.7e-05
0.774,0.999982,1.8e-05
0.774,0.999944,5.6e-05
0.774,0.99991,9e-05
0.774,0.999973,2.7e-05
0.774,0.999979,2.1e-05
0.774,0.999985,1.5e-05
0.774,0.999978,2.2e-05
0.774,0.999937,6.3e-05
0.774,0.99998,2e-05
0.774,0.999983,1.7e-05
0.774,0.999975,2.5e-05
0.774,0.999962,3.8e-05
0.774,0.999991,9e-06
0.774,0.999868,0.000132
0.774,0.999988,1.2e-05
0.774,0.999962,3.8e-05
0.774,0.999955,4.5e-05
0.774,0.999985,1.5e-05
0.774,0.999988,1.2e-05
0.774,0.999958,4.2e-05
0.774,0.99999,1.1e-05
0.774,0.999924,7.6e-05
0.774,0.999986,1.3e-05
0.774,0.999982,1.8e-05
0.774,0.999987,1.3e-05
0.774,0.999988,1.2e-05
0.774,0.999979,2.1e-05
0.774,0.999954,4.6e-05
0.774,0.999957,4.3e-05
0.774,0.99997,3e-05
0.774,0.999971,2.9e-05
0.774,0.999952,4.8e-05
0.774,0.999975,2.5e-05
0.774,0.999938,6.2e-05
0.774,0.999972,2.8e-05
0.774,0.999984,1.6e-05
0.774,0.999928,7.2e-05
0.774,0.999982,1.7e-05
0.774,0.999975,2.5e-05
0.774,0.99998,2e-05
0.774,0.999982,1.8e-05
0.774,0.999979,2.1e-05
0.774,0.999988,1.2e-05
0.774,0.999991,9e-06
0.774,0.999977,2.3e-05
0.774,0.999981,1.9e-05
0.774,0.999769,0.000231
0.774,0.999605,0.000395
0.774,0.999916,8.5e-05
0.774,0.999984,1.6e-05
0.774,0.999977,2.3e-05
0.774,0.999972,2.8e-05
0.774,0.999976,2.4e-05
0.774,0.999961,3.9e-05
0.774,0.999957,4.3e-05
0.774,0.999983,1.7e-05
0.774,0.999978,2.2e-05
0.774,0.99994,6e-05
0.774,0.999949,5.1e-05
0.774,0.999973,2.7e-05
0.774,0.99996,4e-05
0.774,0.999979,2.1e-05
0.774,0.999969,3.1e-05
0.774,0.999871,0.000129
0.774,0.999951,4.9e-05
0.774,0.999938,6.2e-05
0.774,0.999971,2.9e-05
0.774,0.999985,1.5e-05
0.774,0.999976,2.4e-05
0.774,0.999992,9e-06
0.774,0.99999,1e-05
0.774,0.999978,2.2e-05
0.774,0.999825,0.000175
0.774,0.999964,3.6e-05
0.774,0.99998,2e-05
0.774,0.999972,2.8e-05
0.774,0.999989,1.1e-05
0.774,0.999983,1.7e-05
0.774,0.999988,1.2e-05
0.774,0.999848,0.000152
0.774,0.999988,1.2e-05
0.774,0.999978,2.2e-05
0.774,0.999973,2.7e-05
0.774,0.999942,5.8e-05
0.774,0.999974,2.6e-05
0.774,0.999987,1.3e-05
0.787,0.999954,4.6e-05
0.787,0.999958,4.1e-05
0.787,0.999984,1.6e-05
0.787,0.999989,1.1e-05
0.787,0.999991,9e-06
0.787,0.999928,7.3e-05
0.787,0.999982,1.8e-05
0.787,0.999625,0.000375
0.787,0.999973,2.7e-05
0.787,0.999732,0.000268
0.787,0.999988,1.2e-05
0.787,0.999982,1.8e-05
0.787,0.999989,1.1e-05
0.787,0.999967,3.3e-05
0.787,0.999974,2.6e-05
0.787,0.999915,8.5e-05
0.787,0.999992,8e-06
0.787,0.999955,4.5e-05
0.787,0.999919,8.1e-05
0.787,0.999981,1.9e-05
0.787,0.999978,2.2e-05
0.787,0.999961,3.9e-05
0.787,0.999215,0.000785
0.787,0.999984,1.6e-05
0.787,0.999973,2.7e-05
0.787,0.999935,6.5e-05
0.787,0.999973,2.7e-05
0.787,0.999987,1.3e-05
0.787,0.999523,0.000477
0.787,0.999766,0.000234
0.787,0.999839,0.00016
0.787,0.999988,1.3e-05
0.787,0.999979,2.1e-05
0.787,0.999943,5.7e-05
0.787,0.99999,1e-05
0.787,0.999951,4.9e-05
0.787,0.999924,7.6e-05
0.787,0.999892,0.000108
0.787,0.999686,0.000314
0.787,0.999951,4.9e-05
0.787,0.999961,3.9e-05
0.787,0.999942,5.8e-05
0.787,0.999958,4.2e-05
0.787,0.99993,7e-05
0.787,0.999957,4.3e-05
0.787,0.999977,2.3e-05
0.787,0.999954,4.6e-05
0.787,0.999965,3.5e-05
0.787,0.999983,1.7e-05
0.787,0.999964,3.5e-05
0.787,0.999973,2.7e-05
0.787,0.999695,0.000305
0.787,0.999991,9e-06
0.787,0.99998,2e-05
0.787,0.999489,0.000511
0.787,0.999978,2.2e-05
0.787,0.999992,9e-06
0.787,0.999718,0.000282
0.787,0.999935,6.5e-05
0.787,0.999968,3.2e-05
0.787,0.999971,2.9e-05
0.787,0.999954,4.5e-05
0.787,0.99996,4e-05
0.787,0.999969,3.1e-05
0.787,0.999992,9e-06
0.787,0.999988,1.3e-05
0.787,0.999988,1.3e-05
0.787,0.999988,1.2e-05
0.787,0.99987,0.00013
0.787,0.999967,3.3e-05
0.787,0.999832,0.000168
0.787,0.999992,8e-06
0.787,0.999917,8.3e-05
0.787,0.99998,2.1e-05
0.787,0.999992,8e-06
0.787,0.99996,4e-05
0.787,0.999975,2.5e-05
0.787,0.999956,4.4e-05
0.787,0.99999,1e-05
0.787,0.999984,1.6e-05
0.787,0.999986,1.4e-05
0.787,0.999936,6.4e-05
0.787,0.999881,0.000119
0.787,0.999951,4.9e-05
0.787,0.99999,1e-05
0.787,0.999967,3.3e-05
0.787,0.999972,2.8e-05
0.787,0.999988,1.2e-05
0.787,0.999971,2.9e-05
0.787,0.999839,0.000161
0.787,0.999963,3.7e-05
0.787,0.999473,0.000527
0.787,0.999952,4.8e-05
0.787,0.999944,5.6e-05
0.787,0.999966,3.4e-05
0.787,0.99995,5e-05
0.787,0.99996,4e-05
0.787,0.99997,3e-05
0.787,0.999842,0.000158
0.787,0.999984,1.6e-05
0.787,0.999968,3.2e-05
0.799,0.999522,0.000478
0.799,0.999831,0.000169
0.799,0.999887,0.000113
0.799,0.999961,3.9e-05
0.799,0.999976,2.4e-05
0.799,0.999985,1.5e-05
0.799,0.999936,6.4e-05
0.799,0.999682,0.000318
0.799,0.999915,8.5e-05
0.799,0.999923,7.7e-05
0.799,0.99993,7e-05
0.799,0.999976,2.4e-05
0.799,0.999751,0.000249
0.799,0.999982,1.8e-05
0.799,0.999959,4.1e-05
0.799,0.999932,6.8e-05
0.799,0.999911,8.9e-05
0.799,0.999944,5.7e-05
0.799,0.99998,2e-05
0.799,0.999755,0.000245
0.799,0.999662,0.000338
0.799,0.999922,7.8e-05
0.799,0.99734,0.00266
0.799,0.999928,7.2e-05
0.799,0.999987,1.3e-05
0.799,0.999907,9.3e-05
0.799,0.9997,0.000301
0.799,0.999981,1.9e-05
0.799,0.999968,3.1e-05
0.799,0.999771,0.000229
0.799,0.999977,2.3e-05
0.799,0.99996,4e-05
0.799,0.999969,3.1e-05
0.799,0.999925,7.5e-05
0.799,0.999968,3.2e-05
0.799,0.999954,4.6e-05
0.799,0.999959,4.1e-05
0.799,0.999981,1.9e-05
0.799,0.999977,2.3e-05
0.799,0.999878,0.000122
0.799,0.99992,8e-05
0.799,0.999976,2.4e-05
0.799,0.999906,9.4e-05
0.799,0.999949,5.1e-05
0.799,0.999968,3.1e-05
0.799,0.999976,2.3e-05
0.799,0.999977,2.3e-05
0.799,0.999546,0.000454
0.799,0.999985,1.5e-05
0.799,0.999969,3.1e-05
0.799,0.999987,1.3e-05
0.799,0.999601,0.000399
0.799,0.999959,4.1e-05
0.799,0.999982,1.7e-05
0.799,0.999978,2.2e-05
0.799,0.99985,0.00015
0.799,0.999978,2.2e-05
0.799,0.999976,2.4e-05
0.799,0.999991,9e-06
0.799,0.99998,2e-05
0.799,0.999916,8.5e-05
0.799,0.999823,0.000177
0.799,0.999965,3.5e-05
0.799,0.999799,0.000201
0.799,0.999988,1.2e-05
0.799,0.999947,5.3e-05
0.799,0.999978,2.2e-05
0.799,0.99978,0.00022
0.799,0.999976,2.4e-05
0.799,0.99998,2e-05
0.799,0.999981,1.9e-05
0.799,0.999994,5e-06
0.799,0.999967,3.3e-05
0.799,0.999982,1.8e-05
0.799,0.999916,8.4e-05
0.799,0.999507,0.000493
0.799,0.999976,2.4e-05
0.799,0.999958,4.2e-05
0.799,0.999935,6.5e-05
0.799,0.999945,5.5e-05
0.799,0.999957,4.3e-05
0.799,0.999942,5.8e-05
0.799,0.999987,1.3e-05
0.799,0.999984,1.6e-05
0.799,0.999926,7.4e-05
0.799,0.999962,3.8e-05
0.799,0.999982,1.8e-05
0.799,0.999963,3.7e-05
0.799,0.999978,2.2e-05
0.799,0.999987,1.3e-05
0.799,0.999991,9e-06
0.799,0.999934,6.6e-05
0.799,0.999841,0.000159
0.799,0.999816,0.000184
0.799,0.999977,2.3e-05
0.799,0.999979,2.1e-05
0.799,0.999972,2.8e-05
0.799,0.999984,1.6e-05
0.799,0.999979,2.1e-05
0.799,0.999954,4.6e-05
0.799,0.999992,8e-06
0.811,0.999961,3.9e-05
0.811,0.999927,7.3e-05
0.811,0.999953,4.7e-05
0.811,0.999899,0.000101
0.811,0.99995,5e-05
0.811,0.999944,5.6e-05
0.811,0.999965,3.5e-05
0.811,0.999948,5.2e-05
0.811,0.999905,9.5e-05
0.811,0.99998,2e-05
0.811,0.999938,6.2e-05
0.811,0.999917,8.3e-05
0.811,0.995489,0.004511
0.811,0.999935,6.5e-05
0.811,0.999988,1.2e-05
0.811,0.999963,3.7e-05
0.811,0.999949,5.1e-05
0.811,0.999964,3.6e-05
0.811,0.999752,0.000248
0.811,0.999993,7e-06
0.811,0.999925,7.5e-05
0.811,0.999991,9e-06
0.811,0.999975,2.5e-05
0.811,0.999928,7.2e-05
0.811,0.999932,6.8e-05
0.811,0.999973,2.7e-05
0.811,0.999971,2.9e-05
0.811,0.999982,1.8e-05
0.811,0.999986,1.4e-05
0.811,0.999971,2.9e-05
0.811,0.999959,4.1e-05
0.811,0.999914,8.6e-05
0.811,0.999955,4.5e-05
0.811,0.999916,8.4e-05
0.811,0.99997,3.1e-05
0.811,0.999961,3.9e-05
0.811,0.999972,2.8e-05
0.811,0.999971,2.9e-05
0.811,0.999982,1.8e-05
0.811,0.99997,3e-05
0.811,0.999958,4.2e-05
0.811,0.999967,3.3e-05
0.811,0.999954,4.6e-05
0.811,0.999961,4e-05
0.811,0.996012,0.003988
0.811,0.999958,4.1e-05
0.811,0.999975,2.5e-05
0.811,0.999963,3.7e-05
0.811,0.999845,0.000155
0.811,0.999474,0.000526
0.811,0.999713,0.000287
0.811,0.999988,1.2e-05
0.811,0.999981,1.9e-05
0.811,0.999583,0.000417
0.811,0.999936,6.4e-05
0.811,0.99993,7e-05
0.811,0.999661,0.000339
0.811,0.999972,2.8e-05
0.811,0.999984,1.6e-05
0.811,0.999964,3.6e-05
0.811,0.999415,0.000585
0.811,0.999987,1.3e-05
0.811,0.999984,1.6e-05
0.811,0.999967,3.3e-05
0.811,0.999011,0.000989
0.811,0.999921,7.9e-05
0.811,0.999894,0.000106
0.811,0.999972,2.8e-05
0.811,0.999925,7.5e-05
0.811,0.999976,2.4e-05
0.811,0.999962,3.8e-05
0.811,0.999975,2.5e-05
0.811,0.99999,1e-05
0.811,0.999939,6.1e-05
0.811,0.999817,0.000183
0.811,0.999807,0.000193
0.811,0.999899,0.000101
0.811,0.999937,6.3e-05
0.811,0.999245,0.000755
0.811,0.999986,1.4e-05
0.811,0.999985,1.5e-05
0.811,0.999907,9.3e-05
0.811,0.999943,5.7e-05
0.811,0.999836,0.000164
0.811,0.999931,6.9e-05
0.811,0.99999,1e-05
0.811,0.999834,0.000166
0.811,0.999948,5.2e-05
0.811,0.999909,9.1e-05
0.811,0.99995,5e-05
0.811,0.999959,4.1e-05
0.811,0.999971,2.9e-05
0.811,0.999958,4.2e-05
0.811,0.999914,8.6e-05
0.811,0.999966,3.4e-05
0.811,0.999963,3.7e-05
0.811,0.999956,4.4e-05
0.811,0.999939,6.1e-05
0.811,0.999914,8.6e-05
0.811,0.999861,0.000139
0.811,0.999957,4.3e-05
0.823,0.999937,6.3e-05
0.823,0.999931,6.9e-05
0.823,0.999773,0.000227
0.823,0.99992,8e-05
0.823,0.999908,9.2e-05
0.823,0.999974,2.6e-05
0.823,0.999958,4.2e-05
0.823,0.999929,7.1e-05
0.823,0.999985,1.5e-05
0.823,0.999949,5.1e-05
0.823,0.998155,0.001845
0.823,0.999985,1.5e-05
0.823,0.999964,3.6e-05
0.823,0.999957,4.3e-05
0.823,0.999913,8.7e-05
0.823,0.999917,8.3e-05
0.823,0.999973,2.7e-05
0.823,0.999982,1.8e-05
0.823,0.999947,5.3e-05
0.823,0.999916,8.4e-05
0.823,0.99927,0.00073
0.823,0.999973,2.7e-05
0.823,0.999907,9.3e-05
0.823,0.999953,4.7e-05
0.823,0.999918,8.2e-05
0.823,0.999984,1.6e-05
0.823,0.999962,3.8e-05
0.823,0.999925,7.5e-05
0.823,0.999979,2.1e-05
0.823,0.999969,3.1e-05
0.823,0.999981,1.9e-05
0.823,0.998749,0.001251
0.823,0.999975,2.5e-05
0.823,0.999971,2.9e-05
0.823,0.999533,0.000467
0.823,0.999978,2.2e-05
0.823,0.999968,3.2e-05
0.823,0.999798,0.000202
0.823,0.999898,0.000102
0.823,0.999975,2.5e-05
0.823,0.999928,7.2e-05
0.823,0.999972,2.8e-05
0.823,0.999953,4.7e-05
0.823,0.999896,0.000104
0.823,0.999794,0.000206
0.823,0.999952,4.8e-05
0.823,0.999971,2.9e-05
0.823,0.999955,4.5e-05
0.823,0.999963,3.7e-05
0.823,0.999882,0.000118
0.823,0.999961,3.9e-05
0.823,0.99997,3e-05
0.823,0.99978,0.00022
0.823,0.999916,8.4e-05
0.823,0.999986,1.4e-05
0.823,0.999989,1.1e-05
0.823,0.999817,0.000183
0.823,0.999941,5.9e-05
0.823,0.99993,7e-05
0.823,0.999975,2.5e-05
0.823,0.999932,6.8e-05
0.823,0.999943,5.7e-05
0.823,0.999939,6.1e-05
0.823,0.999698,0.000302
0.823,0.999971,2.9e-05
0.823,0.99998,2e-05
0.823,0.999974,2.6e-05
0.823,0.999981,1.9e-05
0.823,0.999952,4.8e-05
0.823,0.999938,6.2e-05
0.823,0.999952,4.8e-05
0.823,0.999831,0.000169
0.823,0.999993,7e-06
0.823,0.999794,0.000207
0.823,0.999908,9.2e-05
0.823,0.999989,1.1e-05
0.823,0.999979,2.1e-05
0.823,0.999982,1.8e-05
0.823,0.999977,2.3e-05
0.823,0.999991,9e-06
0.823,0.99992,8e-05
0.823,0.999914,8.6e-05
0.823,0.999983,1.7e-05
0.823,0.999985,1.5e-05
0.823,0.999949,5.1e-05
0.823,0.999964,3.6e-05
0.823,0.99907,0.000931
0.823,0.999415,0.000585
0.823,0.999969,3.1e-05
0.823,0.999869,0.000131
0.823,0.999844,0.000156
0.823,0.999982,1.8e-05
0.823,0.999859,0.000141
0.823,0.998702,0.001298
0.823,0.999916,8.4e-05
0.823,0.999982,1.8e-05
0.823,0.999896,0.000104
0.823,0.999947,5.3e-05
0.823,0.999973,2.7e-05
0.823,0.999986,1.4e-05
0.823,0.999991,9e-06
0.836,0.999969,3.1e-05
0.836,0.99979,0.00021
0.836,0.999865,0.000135
0.836,0.999734,0.000266
0.836,0.999936,6.3e-05
0.836,0.999817,0.000183
0.836,0.999894,0.000106
0.836,0.999975,2.5e-05
0.836,0.999983,1.7e-05
0.836,0.999986,1.4e-05
0.836,0.999919,8.1e-05
0.836,0.999978,2.2e-05
0.836,0.999942,5.8e-05
0.836,0.999971,2.9e-05
0.836,0.999913,8.7e-05
0.836,0.999761,0.000239
0.836,0.999981,1.9e-05
0.836,0.99943,0.00057
0.836,0.996062,0.003938
0.836,0.999882,0.000118
0.836,0.999817,0.000183
0.836,0.999944,5.6e-05
0.836,0.999923,7.7e-05
0.836,0.999836,0.000164
0.836,0.999898,0.000102
0.836,0.999936,6.4e-05
0.836,0.999951,4.9e-05
0.836,0.999924,7.6e-05
0.836,0.99992,8e-05
0.836,0.999956,4.4e-05
0.836,0.99995,5e-05
0.836,0.999844,0.000156
0.836,0.99991,9e-05
0.836,0.999429,0.000571
0.836,0.999986,1.4e-05
0.836,0.999924,7.6e-05
0.836,0.999983,1.7e-05
0.836,0.999954,4.6e-05
0.836,0.999946,5.4e-05
0.836,0.999936,6.4e-05
0.836,0.999929,7.1e-05
0.836,0.999641,0.000359
0.836,0.999948,5.2e-05
0.836,0.999807,0.000193
0.836,0.999966,3.4e-05
0.836,0.999905,9.5e-05
0.836,0.998956,0.001044
0.836,0.999694,0.000306
0.836,0.999839,0.000161
0.836,0.99985,0.00015
0.836,0.999982,1.8e-05
0.836,0.897527,0.102473
0.836,0.999872,0.000128
0.836,0.999779,0.000221
0.836,0.999921,7.9e-05
0.836,0.999938,6.2e-05
0.836,0.99998,2e-05
0.836,0.999955,4.5e-05
0.836,0.999899,0.000101
0.836,0.999975,2.5e-05
0.836,0.999952,4.8e-05
0.836,0.999742,0.000259
0.836,0.999992,8e-06
0.836,0.999986,1.4e-05
0.836,0.998689,0.001311
0.836,0.999668,0.000332
0.836,0.99994,6e-05
0.836,0.999973,2.7e-05
0.836,0.999952,4.8e-05
0.836,0.99998,2e-05
0.836,0.999947,5.3e-05
0.836,0.999988,1.2e-05
0.836,0.999946,5.4e-05
0.836,0.999979,2.1e-05
0.836,0.999953,4.7e-05
0.836,0.999947,5.3e-05
0.836,0.999985,1.5e-05
0.836,0.999738,0.000262
0.836,0.999965,3.5e-05
0.836,0.999969,3.1e-05
0.836,0.999889,0.000111
0.836,0.99994,6e-05
0.836,0.999866,0.000134
0.836,0.999941,5.9e-05
0.836,0.999922,7.8e-05
0.836,0.999902,9.7e-05
0.836,0.999471,0.000529
0.836,0.99997,3e-05
0.836,0.999976,2.4e-05
0.836,0.999983,1.7e-05
0.836,0.999986,1.4e-05
0.836,0.999972,2.8e-05
0.836,0.999387,0.000613
0.836,0.999955,4.5e-05
0.836,0.999928,7.2e-05
0.836,0.99998,2e-05
0.836,0.99998,2e-05
0.836,0.999976,2.4e-05
0.836,0.999984,1.6e-05
0.836,0.999919,8.1e-05
0.836,0.999968,3.1e-05
0.848,0.999939,6.1e-05
0.848,0.999974,2.6e-05
0.848,0.985856,0.014144
0.848,0.997538,0.002462
0.848,0.999975,2.5e-05
0.848,0.999984,1.6e-05
0.848,0.999934,6.6e-05
0.848,0.998981,0.001019
0.848,0.9998,0.0002
0.848,0.999829,0.000171
0.848,0.999952,4.8e-05
0.848,0.999549,0.000451
0.848,0.999948,5.2e-05
0.848,0.999943,5.7e-05
0.848,0.999949,5.1e-05
0.848,0.999873,0.000127
0.848,0.99994,6e-05
0.848,0.999843,0.000157
0.848,0.999734,0.000266
0.848,0.999977,2.3e-05
0.848,0.99555,0.00445
0.848,0.999824,0.000176
0.848,0.999857,0.000143
0.848,0.999881,0.000119
0.848,0.999972,2.8e-05
0.848,0.999986,1.4e-05
0.848,0.999966,3.4e-05
0.848,0.999771,0.000229
0.848,0.999908,9.2e-05
0.848,0.990991,0.009009
0.848,0.999803,0.000197
0.848,0.99976,0.00024
0.848,0.999859,0.000141
0.848,0.999478,0.000522
0.848,0.999901,9.9e-05
0.848,0.999803,0.000197
0.848,0.999983,1.7e-05
0.848,0.973967,0.026033
0.848,0.999855,0.000145
0.848,0.999914,8.6e-05
0.848,0.999986,1.4e-05
0.848,0.999951,4.9e-05
0.848,0.999928,7.2e-05
0.848,0.999864,0.000136
0.848,0.99816,0.00184
0.848,0.999944,5.6e-05
0.848,0.999976,2.4e-05
0.848,0.999919,8.1e-05
0.848,0.999964,3.6e-05
0.848,0.999859,0.000141
0.848,0.999971,2.9e-05
0.848,0.999925,7.5e-05
0.848,0.999434,0.000565
0.848,0.999944,5.6e-05
0.848,0.999627,0.000373
0.848,0.999892,0.000108
0.848,0.999986,1.4e-05
0.848,0.998563,0.001437
0.848,0.999957,4.3e-05
0.848,0.99972,0.00028
0.848,0.999626,0.000374
0.848,0.999984,1.6e-05
0.848,0.999924,7.6e-05
0.848,0.999954,4.6e-05
0.848,0.999913,8.7e-05
0.848,0.999983,1.7e-05
0.848,0.999839,0.000161
0.848,0.999822,0.000179
0.848,0.999786,0.000214
0.848,0.999958,4.2e-05
0.848,0.994729,0.005271
0.848,0.997457,0.002543
0.848,0.999964,3.6e-05
0.848,0.999964,3.6e-05
0.848,0.999961,3.9e-05
0.848,0.999895,0.000105
0.848,0.999425,0.000575
0.848,0.999889,0.000111
0.848,0.999929,7.1e-05
0.848,0.999838,0.000162
0.848,0.999956,4.4e-05
0.848,0.999979,2.1e-05
0.848,0.999944,5.6e-05
0.848,0.999121,0.000879
0.848,0.999928,7.2e-05
0.848,0.999927,7.3e-05
0.848,0.999901,9.9e-05
0.848,0.999925,7.5e-05
0.848,0.999927,7.3e-05
0.848,0.99992,8e-05
0.848,0.999944,5.6e-05
0.848,0.999948,5.2e-05
0.848,0.999859,0.000141
0.848,0.999357,0.000643
0.848,0.996161,0.003839
0.848,0.99998,2e-05
0.848,0.999799,0.000201
0.848,0.999972,2.8e-05
0.848,0.999981,1.9e-05
0.848,0.999143,0.000857
0.848,0.999788,0.000213
0.860,0.99998,2e-05
0.860,0.995473,0.004527
0.860,0.963605,0.036395
0.860,0.962616,0.037385
0.860,0.999954,4.6e-05
0.860,0.999953,4.7e-05
0.860,0.999639,0.000361
0.860,0.999945,5.5e-05
0.860,0.999859,0.000141
0.860,0.999958,4.2e-05
0.860,0.999142,0.000858
0.860,0.999925,7.5e-05
0.860,0.999973,2.7e-05
0.860,0.999689,0.000311
0.860,0.999968,3.2e-05
0.860,0.999942,5.8e-05
0.860,0.999885,0.000115
0.860,0.999947,5.3e-05
0.860,0.999913,8.7e-05
0.860,0.999956,4.4e-05
0.860,0.999932,6.8e-05
0.860,0.9763,0.0237
0.860,0.99995,5e-05
0.860,0.999979,2.1e-05
0.860,0.999969,3.1e-05
0.860,0.999938,6.2e-05
0.860,0.999894,0.000106
0.860,0.999623,0.000377
0.860,0.999912,8.8e-05
0.860,0.999965,3.5e-05
0.860,0.999726,0.000274
0.860,0.999971,2.9e-05
0.860,0.999569,0.000431
0.860,0.997651,0.002349
0.860,0.999959,4.1e-05
0.860,0.982951,0.017049
0.860,0.999919,8.1e-05
0.860,0.99993,7e-05
0.860,0.999979,2.1e-05
0.860,0.999062,0.000938
0.860,0.99998,2e-05
0.860,0.999455,0.000545
0.860,0.996103,0.003897
0.860,0.999966,3.4e-05
0.860,0.999935,6.5e-05
0.860,0.999979,2.1e-05
0.860,0.999445,0.000555
0.860,0.999972,2.8e-05
0.860,0.998028,0.001972
0.860,0.999403,0.000597
0.860,0.999968,3.2e-05
0.860,0.999973,2.7e-05
0.860,0.997706,0.002294
0.860,0.998433,0.001567
0.860,0.999935,6.5e-05
0.860,0.999976,2.4e-05
0.860,0.999963,3.7e-05
0.860,0.999835,0.000165
0.860,0.999761,0.000239
0.860,0.999747,0.000253
0.860,0.966623,0.033377
0.860,0.999463,0.000537
0.860,0.999304,0.000696
0.860,0.999982,1.8e-05
0.860,0.999409,0.000591
0.860,0.995204,0.004797
0.860,0.996838,0.003162
0.860,0.999963,3.7e-05
0.860,0.999493,0.000507
0.860,0.999921,7.9e-05
0.860,0.99999,1e-05
0.860,0.991917,0.008083
0.860,0.999906,9.4e-05
0.860,0.999969,3.1e-05
0.860,0.961589,0.038411
0.860,0.999761,0.000239
0.860,0.999689,0.000311
0.860,0.999947,5.3e-05
0.860,0.992359,0.007641
0.860,0.999895,0.000105
0.860,0.999475,0.000525
0.860,0.999534,0.000466
0.860,0.999977,2.3e-05
0.860,0.999981,1.9e-05
0.860,0.99234,0.00766
0.860,0.999843,0.000157
0.860,0.999924,7.6e-05
0.860,0.999877,0.000123
0.860,0.997808,0.002192
0.860,0.999972,2.8e-05
0.860,0.999016,0.000984
0.860,0.999919,8.1e-05
0.860,0.999971,2.9e-05
0.860,0.999898,0.000102
0.860,0.999956,4.4e-05
0.860,0.99997,3e-05
0.860,0.999903,9.7e-05
0.860,0.998918,0.001082
0.860,0.999948,5.1e-05
0.860,0.963422,0.036578
0.860,0.999963,3.7e-05
0.872,0.999965,3.5e-05
0.872,0.999864,0.000136
0.872,0.999898,0.000102
0.872,0.999934,6.6e-05
0.872,0.999403,0.000597
0.872,0.999819,0.000181
0.872,0.999941,5.9e-05
0.872,0.999982,1.8e-05
0.872,0.999872,0.000128
0.872,0.999955,4.5e-05
0.872,0.999966,3.4e-05
0.872,0.999736,0.000265
0.872,0.997638,0.002362
0.872,0.999969,3.1e-05
0.872,0.999911,8.9e-05
0.872,0.999953,4.7e-05
0.872,0.999768,0.000232
0.872,0.999937,6.3e-05
0.872,0.999748,0.000252
0.872,0.999855,0.000145
0.872,0.999962,3.8e-05
0.872,0.999398,0.000602
0.872,0.998758,0.001242
0.872,0.999893,0.000107
0.872,0.999957,4.3e-05
0.872,0.999959,4.1e-05
0.872,0.989468,0.010532
0.872,0.999073,0.000927
0.872,0.999985,1.5e-05
0.872,0.999798,0.000202
0.872,0.999866,0.000134
0.872,0.999549,0.000451
0.872,0.999875,0.000125
0.872,0.999924,7.6e-05
0.872,0.999648,0.000352
0.872,0.993736,0.006264
0.872,0.999898,0.000102
0.872,0.999867,0.000133
0.872,0.999942,5.8e-05
0.872,0.996699,0.003301
0.872,0.996929,0.003071
0.872,0.999834,0.000166
0.872,0.999929,7.1e-05
0.872,0.998925,0.001075
0.872,0.952803,0.047197
0.872,0.997688,0.002312
0.872,0.999026,0.000974
0.872,0.999958,4.2e-05
0.872,0.999519,0.000481
0.872,0.998533,0.001467
0.872,0.999513,0.000487
0.872,0.985826,0.014174
0.872,0.999952,4.8e-05
0.872,0.999944,5.6e-05
0.872,0.999959,4.1e-05
0.872,0.999887,0.000112
0.872,0.999852,0.000148
0.872,0.99988,0.00012
0.872,0.999954,4.6e-05
0.872,0.999905,9.5e-05
0.872,0.99706,0.00294
0.872,0.999937,6.3e-05
0.872,0.999923,7.7e-05
0.872,0.983582,0.016418
0.872,0.999955,4.5e-05
0.872,0.999962,3.8e-05
0.872,0.999858,0.000142
0.872,0.999938,6.2e-05
0.872,0.999927,7.3e-05
0.872,0.999904,9.6e-05
0.872,0.999811,0.000189
0.872,0.996707,0.003293
0.872,0.999963,3.7e-05
0.872,0.984348,0.015652
0.872,0.999736,0.000264
0.872,0.993833,0.006167
0.872,0.999894,0.000106
0.872,0.999964,3.6e-05
0.872,0.999923,7.7e-05
0.872,0.999966,3.4e-05
0.872,0.999963,3.7e-05
0.872,0.999837,0.000163
0.872,0.999787,0.000213
0.872,0.999787,0.000213
0.872,0.999961,3.9e-05
0.872,0.999936,6.4e-05
0.872,0.99987,0.00013
0.872,0.999621,0.000379
0.872,0.998642,0.001358
0.872,0.999914,8.6e-05
0.872,0.99995,5e-05
0.872,0.988021,0.011979
0.872,0.989973,0.010027
0.872,0.999918,8.2e-05
0.872,0.999964,3.6e-05
0.872,0.999874,0.000126
0.872,0.994359,0.005641
0.872,0.99995,5e-05
0.872,0.996375,0.003625
0.872,0.999641,0.000359
0.872,0.996588,0.003412
0.885,0.999959,4.1e-05
0.885,0.999951,4.9e-05
0.885,0.99967,0.00033
0.885,0.892078,0.107922
0.885,0.78704,0.21296
0.885,0.997963,0.002037
0.885,0.999873,0.000127
0.885,0.999734,0.000266
0.885,0.999973,2.7e-05
0.885,0.999916,8.4e-05
0.885,0.999957,4.3e-05
0.885,0.999907,9.3e-05
0.885,0.997927,0.002073
0.885,0.999983,1.7e-05
0.885,0.99936,0.00064
0.885,0.999956,4.4e-05
0.885,0.99997,3e-05
0.885,0.99994,6e-05
0.885,0.999942,5.8e-05
0.885,0.999939,6e-05
0.885,0.999449,0.000551
0.885,0.982675,0.017325
0.885,0.987156,0.012844
0.885,0.968242,0.031758
0.885,0.999987,1.3e-05
0.885,0.99854,0.00146
0.885,0.999885,0.000115
0.885,0.999766,0.000234
0.885,0.906509,0.093491
0.885,0.999965,3.5e-05
0.885,0.999955,4.5e-05
0.885,0.998994,0.001005
0.885,0.99779,0.00221
0.885,0.999348,0.000652
0.885,0.999968,3.2e-05
0.885,0.99755,0.00245
0.885,0.994017,0.005983
0.885,0.999915,8.5e-05
0.885,0.99998,2e-05
0.885,0.999908,9.2e-05
0.885,0.999664,0.000336
0.885,0.997712,0.002288
0.885,0.999976,2.4e-05
0.885,0.999816,0.000184
0.885,0.999865,0.000135
0.885,0.999928,7.2e-05
0.885,0.9968,0.0032
0.885,0.99754,0.002461
0.885,0.998181,0.001819
0.885,0.996929,0.003071
0.885,0.999566,0.000434
0.885,0.57286,0.42714
0.885,0.999922,7.8e-05
0.885,0.997204,0.002796
0.885,0.985993,0.014007
0.885,0.979688,0.020312
0.885,0.998867,0.001133
0.885,0.999946,5.4e-05
0.885,0.999921,7.9e-05
0.885,0.982999,0.017001
0.885,0.980772,0.019228
0.885,0.999876,0.000124
0.885,0.999858,0.000142
0.885,0.999776,0.000224
0.885,0.99942,0.000581
0.885,0.999805,0.000195
0.885,0.999833,0.000167
0.885,0.999496,0.000504
0.885,0.999512,0.000488
0.885,0.999787,0.000213
0.885,0.999691,0.000309
0.885,0.999518,0.000482
0.885,0.993971,0.006029
0.885,0.999974,2.6e-05
0.885,0.99996,4e-05
0.885,0.998903,0.001097
0.885,0.999954,4.6e-05
0.885,0.999957,4.3e-05
0.885,0.777634,0.222366
0.885,0.999719,0.000281
0.885,0.998487,0.001513
0.885,0.999072,0.000928
0.885,0.999961,3.9e-05
0.885,0.998691,0.001309
0.885,0.999914,8.6e-05
0.885,0.999894,0.000106
0.885,0.999816,0.000184
0.885,0.999707,0.000293
0.885,0.999831,0.000169
0.885,0.999199,0.000801
0.885,0.999975,2.5e-05
0.885,0.997667,0.002333
0.885,0.999974,2.6e-05
0.885,0.984113,0.015887
0.885,0.999867,0.000133
0.885,0.999945,5.5e-05
0.885,0.999939,6.1e-05
0.885,0.980172,0.019828
0.885,0.999904,9.6e-05
0.885,0.999919,8.1e-05
0.885,0.986446,0.013554
0.897,0.999825,0.000175
0.897,0.999151,0.000849
0.897,0.999974,2.6e-05
0.897,0.997125,0.002875
0.897,0.999948,5.2e-05
0.897,0.998202,0.001798
0.897,0.999813,0.000187
0.897,0.990153,0.009847
0.897,0.999929,7.1e-05
0.897,0.998565,0.001435
0.897,0.996133,0.003867
0.897,0.999165,0.000835
0.897,0.999034,0.000966
0.897,0.999815,0.000185
0.897,0.99954,0.00046
0.897,0.999933,6.7e-05
0.897,0.982684,0.017316
0.897,0.999616,0.000384
0.897,0.99995,5e-05
0.897,0.999971,2.9e-05
0.897,0.715218,0.284783
0.897,0.999949,5.1e-05
0.897,0.998244,0.001756
0.897,0.518371,0.481629
0.897,0.999907,9.3e-05
0.897,0.995806,0.004194
0.897,0.999165,0.000835
0.897,0.999969,3.1e-05
0.897,0.99992,8e-05
0.897,0.999953,4.7e-05
0.897,0.99698,0.00302
0.897,0.998713,0.001287
0.897,0.997612,0.002388
0.897,0.999967,3.3e-05
0.897,0.976939,0.023061
0.897,0.999339,0.000661
0.897,0.999744,0.000256
0.897,0.999348,0.000651
0.897,0.999916,8.4e-05
0.897,0.98478,0.01522
0.897,0.999955,4.5e-05
0.897,0.984438,0.015562
0.897,0.99994,6e-05
0.897,0.999171,0.000829
0.897,0.995353,0.004647
0.897,0.991404,0.008596
0.897,0.999953,4.7e-05
0.897,0.999575,0.000425
0.897,0.899879,0.100121
0.897,0.947171,0.052829
0.897,0.893178,0.106822
0.897,0.99993,7e-05
0.897,0.990564,0.009436
0.897,0.999983,1.7e-05
0.897,0.998721,0.001279
0.897,0.962106,0.037894
0.897,0.998777,0.001223
0.897,0.999514,0.000486
0.897,0.998231,0.001769
0.897,0.999855,0.000145
0.897,0.999358,0.000642
0.897,0.999859,0.000141
0.897,0.999878,0.000122
0.897,0.999946,5.4e-05
0.897,0.999889,0.000111
0.897,0.835304,0.164696
0.897,0.996762,0.003238
0.897,0.999964,3.6e-05
0.897,0.995456,0.004544
0.897,0.998992,0.001008
0.897,0.998102,0.001899
0.897,0.999872,0.000128
0.897,0.999904,9.6e-05
0.897,0.979679,0.020321
0.897,0.999573,0.000427
0.897,0.999221,0.000779
0.897,0.99942,0.00058
0.897,0.999485,0.000515
0.897,0.999511,0.000489
0.897,0.999848,0.000152
0.897,0.999791,0.000209
0.897,0.999709,0.000291
0.897,0.997837,0.002163
0.897,0.999119,0.000881
0.897,0.999379,0.000621
0.897,0.686426,0.313574
0.897,0.99973,0.00027
0.897,0.999814,0.000186
0.897,0.997953,0.002047
0.897,0.993982,0.006018
0.897,0.999942,5.8e-05
0.897,0.999846,0.000154
0.897,0.998758,0.001242
0.897,0.999803,0.000197
0.897,0.999609,0.000391
0.897,0.999754,0.000246
0.897,0.998732,0.001268
0.897,0.880062,0.119938
0.897,0.999952,4.8e-05
0.897,0.998642,0.001358
0.897,0.970914,0.029085
0.909,0.999342,0.000658
0.909,0.99956,0.00044
0.909,0.999901,9.9e-05
0.909,0.999828,0.000172
0.909,0.999557,0.000443
0.909,0.999953,4.7e-05
0.909,0.999748,0.000252
0.909,0.998502,0.001498
0.909,0.722222,0.277778
0.909,0.932625,0.067375
0.909,0.999944,5.6e-05
0.909,0.999937,6.3e-05
0.909,0.944495,0.055505
0.909,0.999836,0.000164
0.909,0.973291,0.026709
0.909,0.998742,0.001258
0.909,0.999582,0.000418
0.909,0.999852,0.000148
0.909,0.999872,0.000128
0.909,0.982719,0.017281
0.909,0.999881,0.000119
0.909,0.999978,2.2e-05
0.909,0.999741,0.000259
0.909,0.998837,0.001163
0.909,0.999486,0.000514
0.909,0.999859,0.000141
0.909,0.990159,0.009841
0.909,0.911146,0.088854
0.909,0.999834,0.000166
0.909,0.99993,7e-05
0.909,0.999498,0.000502
0.909,0.999968,3.2e-05
0.909,0.999896,0.000104
0.909,0.999374,0.000626
0.909,0.999508,0.000492
0.909,0.999776,0.000224
0.909,0.992661,0.007339
0.909,0.907253,0.092747
0.909,0.999897,0.000103
0.909,0.999902,9.8e-05
0.909,0.999904,9.6e-05
0.909,0.999883,0.000117
0.909,0.199771,0.800229
0.909,0.998597,0.001403
0.909,0.998812,0.001188
0.909,0.999927,7.3e-05
0.909,0.999685,0.000315
0.909,0.96752,0.03248
0.909,0.998096,0.001904
0.909,0.935297,0.064703
0.909,0.999913,8.7e-05
0.909,0.999917,8.3e-05
0.909,0.999871,0.000129
0.909,0.999768,0.000232
0.909,0.999939,6e-05
0.909,0.999928,7.2e-05
0.909,0.999654,0.000346
0.909,0.999828,0.000172
0.909,0.999414,0.000587
0.909,0.999591,0.000409
0.909,0.99983,0.00017
0.909,0.687364,0.312636
0.909,0.999978,2.2e-05
0.909,0.991027,0.008973
0.909,0.994252,0.005748
0.909,0.999616,0.000384
0.909,0.999846,0.000154
0.909,0.998264,0.001736
0.909,0.997448,0.002552
0.909,0.990841,0.009159
0.909,0.98865,0.01135
0.909,0.999335,0.000665
0.909,0.999937,6.3e-05
0.909,0.999563,0.000437
0.909,0.999946,5.4e-05
0.909,0.996226,0.003774
0.909,0.999798,0.000202
0.909,0.997263,0.002737
0.909,0.999584,0.000416
0.909,0.999934,6.6e-05
0.909,0.999224,0.000776
0.909,0.991131,0.008869
0.909,0.999966,3.4e-05
0.909,0.999917,8.3e-05
0.909,0.99998,2e-05
0.909,0.993727,0.006273
0.909,0.998318,0.001682
0.909,0.999784,0.000216
0.909,0.999699,0.000301
0.909,0.998428,0.001572
0.909,0.999951,4.9e-05
0.909,0.960001,0.039999
0.909,0.999912,8.8e-05
0.909,0.998868,0.001132
0.909,0.971308,0.028692
0.909,0.708272,0.291728
0.909,0.999695,0.000305
0.909,0.999919,8.1e-05
0.909,0.998689,0.001311
0.909,0.999948,5.2e-05
0.909,0.99968,0.00032
0.921,0.996774,0.003225
0.921,0.997842,0.002158
0.921,0.999269,0.000731
0.921,0.999893,0.000107
0.921,0.999069,0.000931
0.921,0.999778,0.000223
0.921,0.999981,1.9e-05
0.921,0.999906,9.4e-05
0.921,0.999843,0.000157
0.921,0.999355,0.000645
0.921,0.998928,0.001072
0.921,0.999834,0.000166
0.921,0.910326,0.089674
0.921,0.866047,0.133953
0.921,0.999201,0.000799
0.921,0.999881,0.000119
0.921,0.987544,0.012456
0.921,0.998836,0.001164
0.921,0.999862,0.000137
0.921,0.999524,0.000476
0.921,0.999925,7.5e-05
0.921,0.893089,0.106911
0.921,0.041384,0.958616
0.921,0.999302,0.000697
0.921,0.997988,0.002012
0.921,0.999924,7.6e-05
0.921,0.999868,0.000132
0.921,0.999813,0.000187
0.921,0.999334,0.000666
0.921,0.999702,0.000298
0.921,0.999791,0.000209
0.921,0.939338,0.060662
0.921,0.991619,0.008381
0.921,0.990778,0.009222
0.921,0.999469,0.000531
0.921,0.881525,0.118475
0.921,0.999857,0.000143
0.921,0.999525,0.000475
0.921,0.960142,0.039858
0.921,0.999856,0.000144
0.921,0.999954,4.6e-05
0.921,0.886187,0.113813
0.921,0.999862,0.000138
0.921,0.856388,0.143612
0.921,0.971144,0.028856
0.921,0.998406,0.001594
0.921,0.999825,0.000175
0.921,0.999742,0.000258
0.921,0.999408,0.000592
0.921,0.999776,0.000224
0.921,0.862483,0.137517
0.921,0.999718,0.000282
0.921,0.999856,0.000144
0.921,0.999586,0.000414
0.921,0.998634,0.001366
0.921,0.992056,0.007944
0.921,0.999917,8.3e-05
0.921,0.999919,8.1e-05
0.921,0.999861,0.000139
0.921,0.999899,0.000101
0.921,0.999843,0.000157
0.921,0.997962,0.002038
0.921,0.999945,5.5e-05
0.921,0.999655,0.000345
0.921,0.999907,9.3e-05
0.921,0.999952,4.8e-05
0.921,0.97498,0.02502
0.921,0.999795,0.000205
0.921,0.999017,0.000983
0.921,0.99993,7e-05
0.921,0.999757,0.000243
0.921,0.999963,3.7e-05
0.921,0.99964,0.00036
0.921,0.928628,0.071372
0.921,0.999772,0.000228
0.921,0.948039,0.051961
0.921,0.999941,5.9e-05
0.921,0.999953,4.8e-05
0.921,0.036615,0.963386
0.921,0.999905,9.5e-05
0.921,0.999895,0.000105
0.921,0.99748,0.00252
0.921,0.999939,6.1e-05
0.921,0.890414,0.109586
0.921,0.996838,0.003162
0.921,0.999878,0.000122
0.921,0.997291,0.002709
0.921,0.999913,8.7e-05
0.921,0.998207,0.001793
0.921,0.999595,0.000405
0.921,0.934733,0.065267
0.921,0.993679,0.006321
0.921,0.999956,4.4e-05
0.921,0.999827,0.000173
0.921,0.99988,0.00012
0.921,0.994176,0.005824
0.921,0.214872,0.785128
0.921,0.99986,0.00014
0.921,0.535917,0.464083
0.921,0.999973,2.7e-05
0.921,0.998463,0.001537
0.934,0.999936,6.4e-05
0.934,0.991425,0.008575
0.934,0.84609,0.15391
0.934,0.997464,0.002536
0.934,0.800576,0.199424
0.934,0.998978,0.001022
0.934,0.999877,0.000123
0.934,0.999933,6.7e-05
0.934,0.763331,0.236669
0.934,0.995707,0.004293
0.934,0.902662,0.097338
0.934,0.984805,0.015195
0.934,0.999889,0.000111
0.934,0.948815,0.051185
0.934,0.999912,8.8e-05
0.934,0.999924,7.6e-05
0.934,0.999246,0.000754
0.934,0.927019,0.072981
0.934,0.983302,0.016698
0.934,0.999741,0.000259
0.934,0.997876,0.002124
0.934,0.991898,0.008102
0.934,0.998516,0.001484
0.934,0.997987,0.002013
0.934,0.999859,0.000141
0.934,0.996698,0.003302
0.934,0.999978,2.2e-05
0.934,0.999926,7.4e-05
0.934,0.995706,0.004294
0.934,0.996318,0.003682
0.934,0.999309,0.000691
0.934,0.999958,4.2e-05
0.934,0.997853,0.002148
0.934,0.99986,0.00014
0.934,0.998615,0.001385
0.934,0.998394,0.001606
0.934,0.999548,0.000452
0.934,0.980211,0.019789
0.934,0.992241,0.007759
0.934,0.999475,0.000525
0.934,0.995684,0.004316
0.934,0.999915,8.5e-05
0.934,0.999955,4.5e-05
0.934,0.976866,0.023134
0.934,0.999885,0.000115
0.934,0.999707,0.000293
0.934,0.951986,0.048014
0.934,0.998997,0.001003
0.934,0.997372,0.002628
0.934,0.980714,0.019286
0.934,0.268771,0.73123
0.934,0.999055,0.000945
0.934,0.81575,0.18425
0.934,0.999887,0.000113
0.934,0.892841,0.107159
0.934,0.716537,0.283463
0.934,0.991667,0.008333
0.934,0.997815,0.002185
0.934,0.986725,0.013275
0.934,0.999161,0.000839
0.934,0.999758,0.000242
0.934,0.075343,0.924657
0.934,0.999679,0.000321
0.934,0.987238,0.012762
0.934,0.939338,0.060662
0.934,0.999532,0.000468
0.934,0.999213,0.000787
0.934,0.999844,0.000156
0.934,0.936609,0.063391
0.934,0.998825,0.001175
0.934,0.925217,0.074783
0.934,0.976935,0.023065
0.934,0.965565,0.034435
0.934,0.999871,0.000129
0.934,0.999718,0.000282
0.934,0.999835,0.000165
0.934,0.998128,0.001872
0.934,0.999879,0.000121
0.934,0.640798,0.359202
0.934,0.999016,0.000984
0.934,0.596972,0.403028
0.934,0.999909,9.1e-05
0.934,0.999932,6.8e-05
0.934,0.996333,0.003667
0.934,0.950728,0.049272
0.934,0.888999,0.111001
0.934,0.996182,0.003818
0.934,0.999929,7.1e-05
0.934,0.999535,0.000465
0.934,0.999564,0.000436
0.934,0.999904,9.6e-05
0.934,0.941928,0.058072
0.934,0.999611,0.000389
0.934,0.999756,0.000244
0.934,0.992939,0.007061
0.934,0.999944,5.6e-05
0.934,0.999847,0.000153
0.934,0.999722,0.000278
0.934,0.998596,0.001404
0.934,0.999502,0.000498
0.934,0.990435,0.009565
0.946,0.999935,6.5e-05
0.946,0.997341,0.002659
0.946,0.846332,0.153668
0.946,0.994978,0.005022
0.946,0.997378,0.002622
0.946,0.983483,0.016517
0.946,0.999701,0.000299
0.946,0.999765,0.000235
0.946,0.999903,9.7e-05
0.946,0.437891,0.562109
0.946,0.999143,0.000857
0.946,0.841758,0.158242
0.946,0.097659,0.902341
0.946,0.999889,0.000111
0.946,0.760938,0.239062
0.946,0.999828,0.000172
0.946,0.99988,0.00012
0.946,0.999469,0.000531
0.946,0.99987,0.00013
0.946,0.99991,9e-05
0.946,0.999429,0.000571
0.946,0.402697,0.597303
0.946,0.999793,0.000207
0.946,0.422223,0.577777
0.946,0.999756,0.000244
0.946,0.022679,0.977321
0.946,0.976842,0.023159
0.946,0.969681,0.030319
0.946,0.999915,8.5e-05
0.946,0.407227,0.592773
0.946,0.99989,0.00011
0.946,0.998479,0.001521
0.946,0.479083,0.520917
0.946,0.999351,0.000649
0.946,0.996089,0.003911
0.946,0.99996,4e-05
0.946,0.999121,0.000879
0.946,0.947629,0.052371
0.946,0.999104,0.000896
0.946,0.990707,0.009293
0.946,0.998507,0.001493
0.946,0.87714,0.12286
0.946,0.998151,0.001849
0.946,0.996312,0.003688
0.946,0.999963,3.7e-05
0.946,0.978247,0.021753
0.946,0.998725,0.001275
0.946,0.999228,0.000772
0.946,0.997641,0.002359
0.946,0.992271,0.007729
0.946,0.999947,5.3e-05
0.946,0.97573,0.02427
0.946,0.998591,0.001409
0.946,0.995261,0.004739
0.946,0.999213,0.000787
0.946,0.154891,0.845109
0.946,0.987596,0.012404
0.946,0.999782,0.000218
0.946,0.999014,0.000986
0.946,0.998279,0.001721
0.946,0.999696,0.000304
0.946,0.53655,0.46345
0.946,0.993774,0.006226
0.946,0.828194,0.171806
0.946,0.409045,0.590955
0.946,0.95853,0.04147
0.946,0.99975,0.00025
0.946,0.999463,0.000537
0.946,0.236747,0.763253
0.946,0.999952,4.8e-05
0.946,0.999056,0.000944
0.946,0.999618,0.000381
0.946,0.997734,0.002266
0.946,0.998173,0.001827
0.946,0.262375,0.737625
0.946,0.921856,0.078144
0.946,0.999832,0.000168
0.946,0.999848,0.000152
0.946,0.983574,0.016426
0.946,0.999684,0.000316
0.946,0.906178,0.093822
0.946,0.987911,0.012089
0.946,0.005365,0.994635
0.946,0.551334,0.448666
0.946,0.929624,0.070376
0.946,0.998334,0.001666
0.946,0.999905,9.5e-05
0.946,0.908752,0.091248
0.946,0.999283,0.000717
0.946,0.999525,0.000475
0.946,0.999916,8.4e-05
0.946,0.200928,0.799072
0.946,0.999421,0.000579
0.946,0.852957,0.147043
0.946,0.995287,0.004713
0.946,0.984352,0.015647
0.946,0.9999,1e-04
0.946,0.7997,0.2003
0.946,0.97071,0.02929
0.946,0.999807,0.000193
0.946,0.999782,0.000218
0.958,0.895971,0.104029
0.958,0.999828,0.000172
0.958,0.996795,0.003205
0.958,0.999552,0.000448
0.958,0.900122,0.099877
0.958,0.995631,0.004369
0.958,0.995176,0.004824
0.958,0.391977,0.608023
0.958,0.999334,0.000666
0.958,0.999075,0.000925
0.958,0.999799,0.000201
0.958,0.17761,0.82239
0.958,0.994759,0.005241
0.958,0.958409,0.041591
0.958,0.074762,0.925238
0.958,0.975373,0.024627
0.958,0.98353,0.01647
0.958,0.999774,0.000226
0.958,0.999783,0.000217
0.958,0.999696,0.000304
0.958,0.951428,0.048572
0.958,0.99985,0.00015
0.958,0.999701,0.000299
0.958,0.987294,0.012707
0.958,0.964424,0.035576
0.958,0.998135,0.001865
0.958,0.99747,0.00253
0.958,0.99454,0.00546
0.958,0.964605,0.035395
0.958,0.99991,9e-05
0.958,0.997363,0.002637
0.958,0.997703,0.002297
0.958,0.999789,0.000211
0.958,0.999474,0.000526
0.958,0.999722,0.000278
0.958,0.999199,0.000801
0.958,0.999623,0.000377
0.958,0.999311,0.000689
0.958,0.999282,0.000718
0.958,0.533945,0.466055
0.958,0.999717,0.000283
0.958,0.999754,0.000246
0.958,0.998123,0.001877
0.958,0.096034,0.903966
0.958,0.999396,0.000604
0.958,0.999345,0.000655
0.958,0.983672,0.016328
0.958,0.99961,0.000391
0.958,0.996145,0.003855
0.958,0.976447,0.023553
0.958,0.184009,0.815991
0.958,0.996122,0.003878
0.958,0.999569,0.000431
0.958,0.999796,0.000204
0.958,0.999809,0.000191
0.958,0.998752,0.001248
0.958,0.999568,0.000432
0.958,0.999482,0.000518
0.958,0.070485,0.929515
0.958,0.99977,0.00023
0.958,0.96642,0.03358
0.958,0.992538,0.007462
0.958,0.001966,0.998034
0.958,0.99441,0.00559
0.958,0.428928,0.571072
0.958,0.98758,0.01242
0.958,0.999921,7.9e-05
0.958,0.999896,0.000104
0.958,0.992783,0.007217
0.958,0.407638,0.592362
0.958,0.293837,0.706163
0.958,0.959857,0.040143
0.958,0.81499,0.18501
0.958,0.984647,0.015353
0.958,0.999238,0.000762
0.958,0.999483,0.000517
0.958,0.425621,0.574379
0.958,0.999886,0.000114
0.958,0.952849,0.047151
0.958,0.99971,0.00029
0.958,0.856239,0.143761
0.958,0.99796,0.00204
0.958,0.99982,0.00018
0.958,0.999611,0.000389
0.958,0.99848,0.00152
0.958,0.998671,0.001329
0.958,0.999921,7.9e-05
0.958,0.999734,0.000266
0.958,0.477796,0.522204
0.958,0.922996,0.077004
0.958,0.851025,0.148975
0.958,0.998675,0.001325
0.958,0.983919,0.016081
0.958,0.837654,0.162346
0.958,0.895677,0.104323
0.958,0.993371,0.006629
0.958,0.999138,0.000862
0.958,0.999766,0.000234
0.958,0.0103,0.9897
0.958,0.376009,0.623991
0.958,0.999763,0.000237
0.970,0.999498,0.000502
0.970,0.999037,0.000963
0.970,0.999415,0.000585
0.970,0.829793,0.170207
0.970,0.981521,0.018479
0.970,0.998671,0.001329
0.970,0.970743,0.029257
0.970,0.966681,0.033319
0.970,0.96796,0.03204
0.970,0.632135,0.367865
0.970,0.999834,0.000166
0.970,0.573056,0.426944
0.970,0.991334,0.008665
0.970,0.998662,0.001338
0.970,0.997825,0.002175
0.970,0.999826,0.000175
0.970,0.594658,0.405342
0.970,0.018432,0.981568
0.970,0.972107,0.027893
0.970,0.598505,0.401495
0.970,0.998464,0.001536
0.970,0.999808,0.000192
0.970,0.001944,0.998056
0.970,0.458863,0.541137
0.970,0.999281,0.000719
0.970,0.962492,0.037508
0.970,0.991709,0.008291
0.970,0.996138,0.003861
0.970,0.973131,0.026869
0.970,0.998641,0.001359
0.970,0.148646,0.851354
0.970,0.740164,0.259837
0.970,0.999466,0.000534
0.970,0.552191,0.447809
0.970,0.423982,0.576018
0.970,0.999969,3.1e-05
0.970,0.999658,0.000342
0.970,0.862282,0.137718
0.970,0.529759,0.470241
0.970,0.999635,0.000365
0.970,0.999168,0.000833
0.970,0.999788,0.000212
0.970,0.999815,0.000185
0.970,0.999359,0.000641
0.970,0.059977,0.940024
0.970,0.998831,0.001169
0.970,0.979578,0.020422
0.970,0.995278,0.004722
0.970,0.998271,0.001729
0.970,0.998099,0.001901
0.970,0.999685,0.000315
0.970,0.833015,0.166985
0.970,0.999689,0.000311
0.970,0.329228,0.670772
0.970,0.987415,0.012586
0.970,0.999437,0.000563
0.970,0.999172,0.000828
0.970,0.999783,0.000217
0.970,0.998667,0.001333
0.970,0.998471,0.001529
0.970,0.997307,0.002693
0.970,0.996871,0.003129
0.970,0.413218,0.586782
0.970,0.999734,0.000266
0.970,0.994145,0.005855
0.970,0.99982,0.00018
0.970,0.997916,0.002084
0.970,0.996245,0.003755
0.970,0.997182,0.002818
0.970,0.939346,0.060654
0.970,0.971825,0.028175
0.970,0.997788,0.002212
0.970,0.986941,0.013059
0.970,0.099066,0.900934
0.970,0.181496,0.818504
0.970,0.99559,0.00441
0.970,0.999902,9.8e-05
0.970,0.999744,0.000256
0.970,0.912324,0.087676
0.970,0.996896,0.003104
0.970,0.99968,0.00032
0.970,0.998624,0.001376
0.970,0.765164,0.234836
0.970,0.998234,0.001766
0.970,0.99968,0.00032
0.970,0.956071,0.043929
0.970,0.997774,0.002226
0.970,0.995452,0.004548
0.970,0.135387,0.864612
0.970,0.999885,0.000115
0.970,0.208557,0.791443
0.970,0.999807,0.000193
0.970,0.998162,0.001838
0.970,0.999891,0.000109
0.970,0.999912,8.8e-05
0.970,0.999407,0.000593
0.970,0.9997,0.0003
0.970,0.99231,0.00769
0.970,0.977598,0.022402
0.970,0.999866,0.000134
0.970,0.990749,0.009251
0.983,0.964218,0.035782
0.983,0.930628,0.069372
0.983,0.996046,0.003954
0.983,0.997906,0.002094
0.983,0.999343,0.000657
0.983,0.064284,0.935716
0.983,0.994053,0.005947
0.983,0.131003,0.868997
0.983,0.911254,0.088746
0.983,0.998048,0.001952
0.983,0.997261,0.002739
0.983,0.307524,0.692476
0.983,0.998978,0.001022
0.983,0.085558,0.914441
0.983,0.01163,0.98837
0.983,0.999266,0.000734
0.983,0.993593,0.006407
0.983,0.002357,0.997643
0.983,0.997983,0.002017
0.983,0.984702,0.015298
0.983,0.957085,0.042915
0.983,0.998337,0.001663
0.983,0.865154,0.134847
0.983,0.954318,0.045682
0.983,0.469456,0.530544
0.983,0.441604,0.558396
0.983,0.972814,0.027186
0.983,0.222476,0.777524
0.983,0.999931,6.9e-05
0.983,0.996286,0.003714
0.983,0.999589,0.000411
0.983,0.998349,0.001651
0.983,0.999523,0.000477
0.983,0.993726,0.006274
0.983,0.99272,0.00728
0.983,0.993286,0.006714
0.983,0.99854,0.00146
0.983,0.998936,0.001064
0.983,0.143191,0.856809
0.983,0.934053,0.065947
0.983,0.01031,0.98969
0.983,0.070403,0.929597
0.983,0.999174,0.000826
0.983,0.999252,0.000748
0.983,0.955031,0.044969
0.983,0.99852,0.00148
0.983,0.996067,0.003933
0.983,0.999524,0.000476
0.983,0.998964,0.001036
0.983,0.992203,0.007797
0.983,0.964706,0.035294
0.983,0.190228,0.809772
0.983,0.999819,0.000181
0.983,0.99981,0.00019
0.983,0.569692,0.430308
0.983,0.999635,0.000365
0.983,0.9976,0.0024
0.983,0.997385,0.002615
0.983,0.798722,0.201278
0.983,0.984414,0.015586
0.983,0.999012,0.000988
0.983,0.874505,0.125495
0.983,0.897327,0.102673
0.983,0.999851,0.000149
0.983,0.999497,0.000503
0.983,0.996629,0.003371
0.983,0.99951,0.00049
0.983,0.124194,0.875806
0.983,0.999519,0.000481
0.983,0.869473,0.130527
0.983,0.907678,0.092322
0.983,0.999568,0.000432
0.983,0.999437,0.000563
0.983,0.997611,0.002389
0.983,0.999346,0.000654
0.983,0.004754,0.995246
0.983,0.879744,0.120257
0.983,0.874838,0.125162
0.983,0.993721,0.006279
0.983,0.49604,0.50396
0.983,0.719093,0.280907
0.983,0.933611,0.066389
0.983,0.999884,0.000116
0.983,0.99959,0.00041
0.983,0.998337,0.001663
0.983,0.949485,0.050515
0.983,0.997472,0.002528
0.983,0.997434,0.002566
0.983,0.999439,0.000561
0.983,0.820734,0.179266
0.983,0.828453,0.171547
0.983,0.997036,0.002964
0.983,0.999252,0.000748
0.983,0.990721,0.009279
0.983,0.999392,0.000608
0.983,0.414645,0.585355
0.983,0.99933,0.00067
0.983,0.840308,0.159692
0.983,0.997346,0.002653
0.983,0.995846,0.004154
0.983,0.063024,0.936976
0.995,0.128735,0.871265
0.995,0.997775,0.002225
0.995,0.988264,0.011736
0.995,0.111318,0.888682
0.995,0.309872,0.690128
0.995,0.627242,0.372758
0.995,0.051679,0.948321
0.995,0.997068,0.002932
0.995,0.997687,0.002313
0.995,0.999144,0.000856
0.995,0.91714,0.08286
0.995,0.981935,0.018065
0.995,0.725372,0.274628
0.995,0.999766,0.000234
0.995,0.964278,0.035722
0.995,0.952889,0.047111
0.995,0.999399,0.000601
0.995,0.481322,0.518678
0.995,0.999656,0.000344
0.995,0.328382,0.671618
0.995,0.000822,0.999178
0.995,0.178121,0.821879
0.995,0.99039,0.00961
0.995,0.995048,0.004952
0.995,0.998462,0.001538
0.995,0.230998,0.769002
0.995,0.926765,0.073235
0.995,0.992833,0.007167
0.995,0.990937,0.009063
0.995,0.992454,0.007546
0.995,0.97257,0.02743
0.995,0.910178,0.089822
0.995,0.990565,0.009435
0.995,0.995437,0.004563
0.995,0.997954,0.002046
0.995,0.999967,3.3e-05
0.995,0.896771,0.103229
0.995,0.969794,0.030207
0.995,0.953482,0.046518
0.995,0.912097,0.087903
0.995,0.994854,0.005146
0.995,0.9968,0.0032
0.995,0.988719,0.011281
0.995,0.995139,0.004861
0.995,0.971133,0.028867
0.995,0.99859,0.00141
0.995,0.011346,0.988654
0.995,0.999895,0.000105
0.995,0.999717,0.000283
0.995,0.994979,0.005021
0.995,0.670253,0.329747
0.995,0.654575,0.345425
0.995,0.233212,0.766788
0.995,0.986482,0.013519
0.995,0.542164,0.457836
0.995,0.998842,0.001158
0.995,0.99104,0.008959
0.995,0.428778,0.571222
0.995,0.99925,0.00075
0.995,0.270308,0.729692
0.995,0.141335,0.858665
0.995,0.288007,0.711993
0.995,0.825179,0.174821
0.995,0.944802,0.055197
0.995,0.949772,0.050228
0.995,0.971993,0.028007
0.995,0.997089,0.002911
0.995,0.018105,0.981895
0.995,0.026156,0.973844
0.995,0.116182,0.883818
0.995,0.011899,0.988101
0.995,0.235307,0.764693
0.995,0.990412,0.009588
0.995,0.30523,0.69477
0.995,0.999711,0.000289
0.995,0.9988,0.0012
0.995,0.99926,0.00074
0.995,0.982367,0.017633
0.995,0.056707,0.943293
0.995,0.990498,0.009502
0.995,0.795918,0.204082
0.995,0.254172,0.745828
0.995,0.917784,0.082216
0.995,0.980693,0.019307
0.995,0.112404,0.887596
0.995,0.999425,0.000575
0.995,0.019498,0.980502
0.995,0.99704,0.00296
0.995,0.99798,0.00202
0.995,0.973879,0.026121
0.995,0.997646,0.002354
0.995,0.671322,0.328678
0.995,0.670301,0.329699
0.995,0.952034,0.047966
0.995,0.003326,0.996674
0.995,0.90514,0.09486
0.995,0.998606,0.001394
0.995,0.977133,0.022867
0.995,0.969801,0.030199
0.995,0.999465,0.000535
0.995,0.096393,0.903607
1.007,0.99987,0.00013
1.007,0.999404,0.000596
1.007,0.005921,0.994079
1.007,0.998986,0.001014
1.007,0.999826,0.000174
1.007,0.98679,0.01321
1.007,0.197755,0.802245
1.007,0.998746,0.001254
1.007,0.960613,0.039387
1.007,0.71354,0.28646
1.007,0.002667,0.997333
1.007,0.999622,0.000378
1.007,0.998775,0.001225
1.007,0.825553,0.174447
1.007,0.988686,0.011314
1.007,0.94024,0.05976
1.007,0.911317,0.088683
1.007,0.996058,0.003942
1.007,0.935316,0.064684
1.007,0.998867,0.001133
1.007,0.009406,0.990594
1.007,0.353122,0.646878
1.007,0.775795,0.224205
1.007,0.990495,0.009505
1.007,0.014713,0.985287
1.007,0.026024,0.973976
1.007,0.731425,0.268575
1.007,0.708992,0.291008
1.007,0.019949,0.980051
1.007,0.999273,0.000727
1.007,0.98213,0.01787
1.007,0.995647,0.004353
1.007,0.921984,0.078016
1.007,0.98783,0.01217
1.007,0.999607,0.000393
1.007,0.941871,0.058129
1.007,0.999168,0.000832
1.007,0.094217,0.905783
1.007,0.107913,0.892087
1.007,0.966751,0.033249
1.007,0.999294,0.000706
1.007,0.359992,0.640008
1.007,0.99321,0.00679
1.007,0.002821,0.997179
1.007,0.999868,0.000132
1.007,0.994784,0.005216
1.007,0.965437,0.034563
1.007,0.999672,0.000328
1.007,0.009229,0.990771
1.007,0.01198,0.98802
1.007,0.993639,0.006361
1.007,0.037579,0.962421
1.007,0.278841,0.721159
1.007,0.731215,0.268785
1.007,0.965781,0.034219
1.007,0.140732,0.859268
1.007,0.998448,0.001553
1.007,0.919703,0.080297
1.007,0.969795,0.030205
1.007,0.985426,0.014574
1.007,0.003817,0.996183
1.007,0.558165,0.441835
1.007,0.787765,0.212235
1.007,0.149979,0.850021
1.007,0.903227,0.096773
1.007,0.895458,0.104542
1.007,0.251346,0.748654
1.007,0.999057,0.000943
1.007,0.999809,0.000191
1.007,0.989893,0.010107
1.007,0.999691,0.000309
1.007,0.694121,0.305879
1.007,0.617693,0.382307
1.007,0.463283,0.536717
1.007,0.999381,0.000619
1.007,0.913757,0.086243
1.007,0.005214,0.994786
1.007,0.98434,0.01566
1.007,0.999861,0.000139
1.007,0.977672,0.022328
1.007,0.999836,0.000164
1.007,0.246778,0.753222
1.007,0.995721,0.004279
1.007,0.973757,0.026243
1.007,0.996822,0.003178
1.007,0.998563,0.001437
1.007,0.991494,0.008506
1.007,0.942927,0.057073
1.007,0.072045,0.927955
1.007,0.982024,0.017976
1.007,0.99942,0.00058
1.007,0.998553,0.001447
1.007,0.999596,0.000404
1.007,0.01083,0.98917
1.007,0.99852,0.00148
1.007,0.595602,0.404398
1.007,0.987408,0.012592
1.007,0.983881,0.016119
1.007,0.985272,0.014728
1.007,0.898605,0.101395
1.007,0.976448,0.023552
1.019,0.508266,0.491734
1.019,0.5292,0.4708
1.019,0.371015,0.628985
1.019,0.644088,0.355912
1.019,0.968794,0.031206
1.019,0.440564,0.559436
1.019,0.169491,0.830509
1.019,0.813223,0.186777
1.019,0.888148,0.111853
1.019,0.999174,0.000826
1.019,0.997646,0.002354
1.019,0.999751,0.000249
1.019,0.999772,0.000228
1.019,0.993762,0.006238
1.019,0.046507,0.953493
1.019,0.997516,0.002484
1.019,0.22282,0.77718
1.019,0.998973,0.001027
1.019,0.063916,0.936084
1.019,0.970158,0.029842
1.019,0.997623,0.002377
1.019,0.994323,0.005677
1.019,0.092465,0.907535
1.019,0.607763,0.392237
1.019,0.935821,0.064179
1.019,0.078197,0.921803
1.019,0.00121,0.99879
1.019,0.991434,0.008566
1.019,0.998915,0.001085
1.019,0.998032,0.001968
1.019,0.997839,0.002161
1.019,0.000548,0.999452
1.019,0.000275,0.999725
1.019,0.98025,0.01975
1.019,0.686078,0.313922
1.019,0.991061,0.008939
1.019,0.129894,0.870106
1.019,0.939948,0.060052
1.019,0.040243,0.959757
1.019,0.009953,0.990047
1.019,0.908025,0.091975
1.019,0.370867,0.629133
1.019,0.001511,0.998489
1.019,0.96556,0.034441
1.019,0.170016,0.829984
1.019,0.008353,0.991647
1.019,0.983682,0.016318
1.019,0.994181,0.005819
1.019,0.969768,0.030232
1.019,0.850446,0.149554
1.019,0.02001,0.97999
1.019,0.102267,0.897733
1.019,0.999079,0.000921
1.019,0.998225,0.001775
1.019,0.999272,0.000728
1.019,0.039621,0.960379
1.019,0.027672,0.972328
1.019,0.744636,0.255364
1.019,0.766452,0.233548
1.019,0.657501,0.342499
1.019,0.980166,0.019834
1.019,0.995002,0.004998
1.019,0.062554,0.937446
1.019,0.035398,0.964602
1.019,0.429381,0.570619
1.019,0.019257,0.980743
1.019,0.02085,0.97915
1.019,0.928612,0.071388
1.019,0.93144,0.06856
1.019,0.715565,0.284435
1.019,0.998336,0.001664
1.019,0.189504,0.810496
1.019,0.000154,0.999846
1.019,0.962031,0.037969
1.019,0.075009,0.924991
1.019,0.924691,0.075309
1.019,0.995608,0.004392
1.019,0.100218,0.899782
1.019,0.999523,0.000477
1.019,0.964986,0.035014
1.019,0.001982,0.998018
1.019,0.04609,0.95391
1.019,0.131821,0.868179
1.019,0.667225,0.332775
1.019,0.999844,0.000156
1.019,0.04912,0.95088
1.019,0.992984,0.007016
1.019,0.998613,0.001387
1.019,0.350513,0.649487
1.019,0.999548,0.000452
1.019,0.996064,0.003936
1.019,0.998671,0.001329
1.019,0.989609,0.010391
1.019,0.069022,0.930979
1.019,0.85318,0.14682
1.019,0.997971,0.002029
1.019,0.941252,0.058747
1.019,0.444652,0.555348
1.019,0.947828,0.052172
1.019,0.956853,0.043147
1.019,0.252922,0.747078
1.032,0.946727,0.053273
1.032,0.660857,0.339143
1.032,0.056117,0.943883
1.032,0.944947,0.055053
1.032,0.971505,0.028495
1.032,0.995816,0.004184
1.032,0.997921,0.002079
1.032,0.002172,0.997828
1.032,0.004081,0.995919
1.032,0.008528,0.991472
1.032,0.884481,0.115519
1.032,0.999401,0.000599
1.032,0.998012,0.001988
1.032,0.00239,0.99761
1.032,0.869175,0.130825
1.032,0.994716,0.005284
1.032,0.026464,0.973536
1.032,0.766294,0.233706
1.032,0.99664,0.00336
1.032,0.023675,0.976325
1.032,0.988533,0.011467
1.032,0.032276,0.967724
1.032,0.595928,0.404072
1.032,0.066551,0.933449
1.032,0.997275,0.002725
1.032,0.834554,0.165446
1.032,0.703267,0.296733
1.032,0.002092,0.997908
1.032,0.048164,0.951836
1.032,0.598581,0.401419
1.032,0.029567,0.970433
1.032,0.182497,0.817503
1.032,0.994563,0.005437
1.032,0.067954,0.932046
1.032,0.999494,0.000506
1.032,0.668966,0.331034
1.032,0.956876,0.043124
1.032,0.070396,0.929604
1.032,0.997466,0.002534
1.032,0.987572,0.012428
1.032,0.567232,0.432768
1.032,0.021741,0.978259
1.032,0.991153,0.008847
1.032,0.999461,0.000539
1.032,0.020644,0.979356
1.032,0.99887,0.00113
1.032,0.012141,0.987859
1.032,0.004133,0.995867
1.032,0.661996,0.338004
1.032,0.413564,0.586436
1.032,0.556134,0.443866
1.032,0.972148,0.027852
1.032,0.973254,0.026746
1.032,0.044637,0.955363
1.032,0.183727,0.816273
1.032,0.995401,0.004599
1.032,0.000827,0.999173
1.032,0.296924,0.703076
1.032,0.021841,0.978159
1.032,0.999736,0.000264
1.032,0.949113,0.050887
1.032,0.985017,0.014983
1.032,0.433093,0.566907
1.032,0.885978,0.114022
1.032,0.001338,0.998662
1.032,0.988869,0.011131
1.032,0.844169,0.155831
1.032,0.061641,0.938359
1.032,0.996744,0.003256
1.032,0.019606,0.980394
1.032,0.333607,0.666393
1.032,0.00454,0.99546
1.032,0.986533,0.013467
1.032,0.911482,0.088518
1.032,0.063168,0.936832
1.032,0.997913,0.002087
1.032,0.004028,0.995972
1.032,0.002124,0.997876
1.032,0.457241,0.542759
1.032,0.998945,0.001055
1.032,0.003223,0.996777
1.032,0.001029,0.99897
1.032,0.999723,0.000277
1.032,0.242075,0.757925
1.032,0.004511,0.995489
1.032,0.991961,0.008039
1.032,0.999949,5.1e-05
1.032,0.541884,0.458116
1.032,0.472611,0.527389
1.032,0.971293,0.028707
1.032,0.16724,0.83276
1.032,0.995791,0.004209
1.032,0.994084,0.005916
1.032,0.998924,0.001077
1.032,0.03702,0.96298
1.032,0.990224,0.009776
1.032,0.77652,0.22348
1.032,0.958093,0.041907
1.032,0.972589,0.027411
1.032,0.994309,0.005691
1.032,0.993643,0.006357
1.044,0.487444,0.512556
1.044,0.987277,0.012723
1.044,0.021519,0.978481
1.044,0.734034,0.265966
1.044,0.98985,0.01015
1.044,0.022543,0.977457
1.044,0.444615,0.555385
1.044,0.00259,0.99741
1.044,0.002782,0.997218
1.044,0.992181,0.007819
1.044,0.794208,0.205792
1.044,0.997958,0.002042
1.044,0.096938,0.903062
1.044,0.999444,0.000557
1.044,0.993944,0.006056
1.044,0.999357,0.000643
1.044,0.604604,0.395396
1.044,0.790668,0.209332
1.044,0.999196,0.000804
1.044,0.99983,0.00017
1.044,0.194487,0.805513
1.044,0.280023,0.719977
1.044,0.056112,0.943888
1.044,0.999739,0.000261
1.044,0.005699,0.994301
1.044,0.895988,0.104012
1.044,0.994933,0.005067
1.044,0.981761,0.018239
1.044,0.998435,0.001565
1.044,0.91159,0.088409
1.044,0.996782,0.003218
1.044,0.004229,0.995771
1.044,0.994135,0.005865
1.044,0.994855,0.005145
1.044,0.998002,0.001998
1.044,0.044259,0.955741
1.044,0.038009,0.961991
1.044,0.009658,0.990342
1.044,0.001515,0.998485
1.044,0.089987,0.910013
1.044,0.011365,0.988635
1.044,0.999223,0.000777
1.044,0.734239,0.265761
1.044,0.978549,0.021451
1.044,0.934859,0.065141
1.044,0.00231,0.99769
1.044,0.059774,0.940226
1.044,0.003181,0.996819
1.044,0.004276,0.995724
1.044,0.010359,0.989641
1.044,0.132254,0.867746
1.044,0.005299,0.994701
1.044,0.962218,0.037782
1.044,0.656248,0.343752
1.044,0.939646,0.060354
1.044,0.978493,0.021507
1.044,0.165761,0.834239
1.044,0.363088,0.636912
1.044,0.991628,0.008372
1.044,0.000619,0.999381
1.044,0.140414,0.859585
1.044,0.168809,0.831191
1.044,0.036621,0.963379
1.044,0.961275,0.038725
1.044,0.000146,0.999854
1.044,0.002247,0.997753
1.044,0.758508,0.241492
1.044,0.049554,0.950446
1.044,0.989541,0.010459
1.044,0.004427,0.995573
1.044,0.961092,0.038908
1.044,0.996279,0.003721
1.044,0.00239,0.99761
1.044,0.005865,0.994135
1.044,0.999789,0.000211
1.044,0.007059,0.992941
1.044,0.055877,0.944123
1.044,0.998695,0.001305
1.044,0.002153,0.997847
1.044,0.240306,0.759694
1.044,0.00495,0.99505
1.044,0.039595,0.960404
1.044,0.071951,0.928049
1.044,0.115485,0.884515
1.044,0.23798,0.76202
1.044,0.032349,0.967651
1.044,0.001272,0.998728
1.044,0.814939,0.185061
1.044,0.99387,0.00613
1.044,0.549491,0.450509
1.044,0.017582,0.982418
1.044,0.310886,0.689114
1.044,0.989176,0.010824
1.044,0.00384,0.99616
1.044,0.994784,0.005216
1.044,0.917666,0.082334
1.044,0.594453,0.405547
1.044,0.996573,0.003427
1.044,0.047405,0.952595
1.044,0.040265,0.959735
1.044,0.329923,0.670077
1.056,0.009169,0.990831
1.056,0.691944,0.308056
1.056,0.990981,0.009019
1.056,0.000968,0.999032
1.056,0.003604,0.996396
1.056,0.000511,0.999489
1.056,0.057942,0.942058
1.056,0.002449,0.997551
1.056,0.977846,0.022154
1.056,0.142152,0.857848
1.056,0.961007,0.038993
1.056,0.008207,0.991793
1.056,0.130852,0.869148
1.056,0.000999,0.999001
1.056,0.273152,0.726848
1.056,0.832234,0.167766
1.056,0.964935,0.035065
1.056,0.006542,0.993458
1.056,0.004001,0.995999
1.056,0.119034,0.880966
1.056,0.00044,0.99956
1.056,0.116852,0.883148
1.056,0.001686,0.998314
1.056,0.003446,0.996554
1.056,0.001637,0.998363
1.056,0.001344,0.998656
1.056,0.764316,0.235684
1.056,0.042354,0.957646
1.056,0.13363,0.86637
1.056,0.015237,0.984763
1.056,0.019486,0.980514
1.056,0.043893,0.956107
1.056,0.998602,0.001398
1.056,0.002166,0.997834
1.056,0.979511,0.020489
1.056,0.973717,0.026283
1.056,0.003484,0.996516
1.056,0.008066,0.991934
1.056,0.016024,0.983976
1.056,0.017101,0.982899
1.056,0.940532,0.059468
1.056,0.199429,0.800571
1.056,0.565522,0.434478
1.056,0.000797,0.999203
1.056,0.001319,0.998681
1.056,0.95405,0.04595
1.056,0.754136,0.245864
1.056,0.012942,0.987058
1.056,0.017502,0.982498
1.056,0.230592,0.769408
1.056,0.543035,0.456965
1.056,0.159308,0.840692
1.056,0.213217,0.786783
1.056,0.029129,0.970871
1.056,0.99391,0.00609
1.056,0.996541,0.003459
1.056,0.841536,0.158464
1.056,0.846383,0.153617
1.056,0.35271,0.64729
1.056,0.031291,0.968709
1.056,0.99577,0.00423
1.056,0.592959,0.407041
1.056,0.926611,0.073389
1.056,0.000779,0.999221
1.056,0.139515,0.860485
1.056,0.433531,0.566469
1.056,0.877763,0.122237
1.056,0.995958,0.004042
1.056,0.00079,0.99921
1.056,0.81003,0.18997
1.056,0.016332,0.983668
1.056,0.021329,0.978671
1.056,0.013365,0.986635
1.056,0.772062,0.227938
1.056,0.00445,0.99555
1.056,0.379862,0.620138
1.056,0.007154,0.992846
1.056,0.999464,0.000536
1.056,0.992825,0.007175
1.056,0.342783,0.657217
1.056,0.004523,0.995477
1.056,0.936223,0.063777
1.056,0.003159,0.996841
1.056,0.881757,0.118243
1.056,0.052499,0.947501
1.056,0.251421,0.748579
1.056,0.000386,0.999614
1.056,0.937936,0.062064
1.056,0.222241,0.777759
1.056,0.002617,0.997383
1.056,0.992799,0.007201
1.056,0.844183,0.155817
1.056,0.751373,0.248627
1.056,0.003228,0.996772
1.056,0.997051,0.002949
1.056,0.585003,0.414997
1.056,0.97587,0.02413
1.056,0.001714,0.998286
1.056,0.471073,0.528927
1.056,0.156756,0.843244
1.056,0.468156,0.531844
1.068,0.000485,0.999515
1.068,0.408266,0.591734
1.068,0.006851,0.993149
1.068,0.766748,0.233252
1.068,0.969764,0.030236
1.068,0.126516,0.873484
1.068,0.003991,0.996009
1.068,0.019248,0.980752
1.068,0.000607,0.999393
1.068,0.732195,0.267805
1.068,0.001818,0.998182
1.068,0.000592,0.999408
1.068,0.008819,0.991181
1.068,0.160561,0.839439
1.068,0.000641,0.999359
1.068,0.970703,0.029297
1.068,0.855546,0.144454
1.068,0.646595,0.353405
1.068,0.162922,0.837078
1.068,0.6237,0.3763
1.068,0.000733,0.999267
1.068,0.176173,0.823827
1.068,0.04135,0.95865
1.068,0.569382,0.430618
1.068,0.024657,0.975343
1.068,0.000991,0.999009
1.068,0.982629,0.017371
1.068,0.037352,0.962648
1.068,0.07732,0.92268
1.068,0.018429,0.981571
1.068,0.007421,0.992579
1.068,0.392247,0.607753
1.068,0.218641,0.781359
1.068,0.093003,0.906997
1.068,0.004392,0.995608
1.068,0.673191,0.326809
1.068,0.00216,0.99784
1.068,0.978908,0.021092
1.068,0.00867,0.99133
1.068,0.208594,0.791406
1.068,0.005803,0.994197
1.068,0.001116,0.998884
1.068,0.756578,0.243423
1.068,0.000533,0.999467
1.068,0.920631,0.079369
1.068,0.000397,0.999603
1.068,0.075302,0.924698
1.068,8.1e-05,0.999919
1.068,0.002547,0.997453
1.068,0.631446,0.368554
1.068,0.119444,0.880556
1.068,0.65165,0.34835
1.068,0.000679,0.999321
1.068,0.15974,0.84026
1.068,0.917965,0.082035
1.068,0.976059,0.023941
1.068,0.916093,0.083907
1.068,0.03801,0.96199
1.068,0.051952,0.948048
1.068,0.925002,0.074998
1.068,0.000504,0.999496
1.068,0.000837,0.999163
1.068,0.007975,0.992025
1.068,0.025249,0.974751
1.068,0.205506,0.794494
1.068,0.601653,0.398347
1.068,0.982844,0.017156
1.068,0.992726,0.007274
1.068,0.039585,0.960416
1.068,0.999009,0.000991
1.068,0.933595,0.066405
1.068,0.034562,0.965438
1.068,0.225399,0.774601
1.068,0.885717,0.114283
1.068,0.020616,0.979384
1.068,0.326102,0.673898
1.068,0.00267,0.99733
1.068,0.514626,0.485374
1.068,0.994019,0.005981
1.068,0.662854,0.337146
1.068,0.954141,0.045859
1.068,0.000956,0.999044
1.068,0.027834,0.972166
1.068,0.007937,0.992063
1.068,0.273035,0.726965
1.068,0.021175,0.978825
1.068,0.998491,0.001509
1.068,0.13757,0.86243
1.068,0.305555,0.694445
1.068,0.035181,0.964819
1.068,0.002171,0.997829
1.068,0.086312,0.913688
1.068,0.899781,0.100219
1.068,0.860138,0.139862
1.068,0.63378,0.36622
1.068,0.982843,0.017157
1.068,0.034288,0.965712
1.068,0.754414,0.245586
1.068,0.009667,0.990333
1.068,0.764759,0.235241
1.068,0.084469,0.915531
1.081,0.597054,0.402946
1.081,0.192153,0.807847
1.081,0.688531,0.311469
1.081,0.000577,0.999423
1.081,0.009034,0.990966
1.081,0.223486,0.776514
1.081,0.000623,0.999377
1.081,0.001534,0.998466
1.081,0.000262,0.999738
1.081,0.310288,0.689712
1.081,7.4e-05,0.999926
1.081,0.00573,0.99427
1.081,0.002129,0.997871
1.081,0.000629,0.999371
1.081,0.192205,0.807795
1.081,0.002384,0.997616
1.081,0.002307,0.997693
1.081,0.644685,0.355315
1.081,0.011535,0.988465
1.081,0.007067,0.992933
1.081,0.829613,0.170387
1.081,0.006047,0.993953
1.081,0.781648,0.218352
1.081,0.004798,0.995202
1.081,0.156177,0.843823
1.081,0.912915,0.087085
1.081,0.000703,0.999297
1.081,0.646215,0.353785
1.081,0.001021,0.998979
1.081,0.012939,0.987061
1.081,0.002754,0.997246
1.081,0.515542,0.484458
1.081,0.32938,0.67062
1.081,0.007378,0.992622
1.081,0.002543,0.997457
1.081,0.004804,0.995196
1.081,0.007915,0.992085
1.081,0.000587,0.999413
1.081,0.063433,0.936567
1.081,0.024215,0.975785
1.081,0.000584,0.999416
1.081,0.000456,0.999544
1.081,0.002366,0.997634
1.081,0.726845,0.273155
1.081,0.001571,0.99843
1.081,0.805288,0.194712
1.081,0.016083,0.983917
1.081,0.001065,0.998935
1.081,0.118661,0.881339
1.081,0.020204,0.979796
1.081,0.000542,0.999458
1.081,0.004044,0.995956
1.081,0.000367,0.999632
1.081,0.001819,0.998181
1.081,0.002582,0.997418
1.081,0.003703,0.996297
1.081,0.89048,0.10952
1.081,0.590304,0.409696
1.081,0.062481,0.937519
1.081,0.000598,0.999402
1.081,0.309121,0.690879
1.081,0.629038,0.370962
1.081,0.366579,0.633421
1.081,0.014067,0.985933
1.081,0.952151,0.047849
1.081,0.066017,0.933983
1.081,0.262251,0.737749
1.081,0.000183,0.999817
1.081,0.141731,0.858269
1.081,0.535681,0.464319
1.081,0.266264,0.733736
1.081,0.001194,0.998806
1.081,0.782702,0.217298
1.081,0.030126,0.969874
1.081,0.985687,0.014313
1.081,0.97407,0.02593
1.081,0.075354,0.924646
1.081,0.965243,0.034757
1.081,0.000313,0.999687
1.081,0.000281,0.999719
1.081,0.998493,0.001507
1.081,0.007801,0.992199
1.081,0.990481,0.009519
1.081,0.129845,0.870155
1.081,0.919538,0.080462
1.081,0.292457,0.707543
1.081,0.013162,0.986838
1.081,0.000661,0.999339
1.081,0.000754,0.999246
1.081,0.027652,0.972348
1.081,0.000909,0.999091
1.081,0.013127,0.986873
1.081,0.000197,0.999803
1.081,0.003594,0.996406
1.081,9.3e-05,0.999908
1.081,0.00275,0.99725
1.081,0.00053,0.99947
1.081,0.003452,0.996548
1.081,0.378089,0.621911
1.081,0.000345,0.999655
1.081,0.01704,0.98296
1.093,0.081374,0.918626
1.093,0.056546,0.943454
1.093,0.000651,0.999349
1.093,0.003789,0.996211
1.093,0.001108,0.998892
1.093,0.163104,0.836896
1.093,0.005948,0.994052
1.093,0.61074,0.38926
1.093,0.008808,0.991192
1.093,0.896596,0.103404
1.093,0.149979,0.850021
1.093,0.008901,0.991099
1.093,0.130575,0.869425
1.093,0.068899,0.931101
1.093,0.03197,0.96803
1.093,0.012273,0.987727
1.093,0.020043,0.979957
1.093,0.005469,0.994531
1.093,0.13078,0.86922
1.093,0.006293,0.993706
1.093,0.002576,0.997424
1.093,0.001482,0.998518
1.093,0.086528,0.913472
1.093,0.054471,0.945529
1.093,0.000561,0.999439
1.093,0.000327,0.999673
1.093,0.001391,0.998609
1.093,0.920327,0.079673
1.093,0.689556,0.310444
1.093,0.008962,0.991038
1.093,0.008531,0.991469
1.093,0.008566,0.991434
1.093,0.002466,0.997534
1.093,0.701862,0.298138
1.093,0.001801,0.998199
1.093,0.033251,0.966749
1.093,0.014287,0.985714
1.093,0.001789,0.998211
1.093,0.947273,0.052727
1.093,0.062995,0.937005
1.093,0.001389,0.998611
1.093,0.000543,0.999457
1.093,0.000246,0.999754
1.093,0.802824,0.197176
1.093,0.0013,0.9987
1.093,0.001533,0.998467
1.093,0.000442,0.999558
1.093,0.592782,0.407218
1.093,0.000206,0.999794
1.093,0.143609,0.856391
1.093,0.859339,0.140661
1.093,0.4119,0.5881
1.093,0.047637,0.952363
1.093,0.728753,0.271247
1.093,0.064533,0.935468
1.093,0.000641,0.999359
1.093,0.000131,0.999869
1.093,0.184256,0.815744
1.093,0.53688,0.46312
1.093,0.017528,0.982472
1.093,0.006476,0.993524
1.093,0.002536,0.997464
1.093,0.017599,0.982401
1.093,0.00073,0.99927
1.093,0.050858,0.949142
1.093,0.500981,0.499019
1.093,0.197906,0.802094
1.093,0.106983,0.893018
1.093,0.068917,0.931083
1.093,0.050924,0.949076
1.093,0.026129,0.973871
1.093,0.003216,0.996784
1.093,0.810653,0.189347
1.093,0.000751,0.999249
1.093,0.011879,0.988121
1.093,0.100363,0.899637
1.093,0.012373,0.987627
1.093,0.024749,0.975251
1.093,0.946354,0.053646
1.093,0.000269,0.999731
1.093,0.401826,0.598174
1.093,0.00449,0.99551
1.093,0.000441,0.999559
1.093,0.003404,0.996596
1.093,0.027581,0.972419
1.093,0.001036,0.998964
1.093,0.0037,0.9963
1.093,0.062854,0.937146
1.093,0.007107,0.992893
1.093,0.020169,0.979831
1.093,0.901995,0.098005
1.093,0.012152,0.987848
1.093,0.001792,0.998208
1.093,0.019108,0.980892
1.093,0.000236,0.999764
1.093,0.000526,0.999474
1.093,0.350247,0.649753
1.093,8.6e-05,0.999913
1.093,0.00546,0.99454
1.093,0.000318,0.999682
1.093,0.032393,0.967607
1.105,0.253946,0.746054
1.105,0.839783,0.160217
1.105,0.001016,0.998984
1.105,0.026908,0.973092
1.105,0.000133,0.999867
1.105,0.000977,0.999023
1.105,0.000571,0.999429
1.105,0.981821,0.018179
1.105,0.001193,0.998807
1.105,0.000623,0.999377
1.105,0.080038,0.919962
1.105,0.020079,0.979921
1.105,0.045266,0.954734
1.105,6.2e-05,0.999938
1.105,0.003573,0.996427
1.105,0.078847,0.921153
1.105,0.001011,0.998989
1.105,0.02389,0.97611
1.105,0.009113,0.990887
1.105,0.002257,0.997743
1.105,0.383462,0.616538
1.105,0.005635,0.994365
1.105,0.065471,0.934529
1.105,0.001571,0.998429
1.105,0.012431,0.987569
1.105,0.656605,0.343395
1.105,0.008194,0.991806
1.105,0.000262,0.999738
1.105,0.000979,0.999021
1.105,0.001402,0.998598
1.105,0.893739,0.106261
1.105,0.850385,0.149615
1.105,0.404914,0.595087
1.105,0.001448,0.998552
1.105,0.566229,0.433771
1.105,0.599306,0.400694
1.105,0.597662,0.402338
1.105,0.011713,0.988287
1.105,0.002618,0.997382
1.105,0.001608,0.998392
1.105,0.015137,0.984863
1.105,0.105887,0.894113
1.105,0.00298,0.99702
1.105,0.001791,0.998209
1.105,0.00583,0.99417
1.105,0.107462,0.892538
1.105,0.00211,0.99789
1.105,0.257225,0.742775
1.105,0.9164,0.0836
1.105,0.001022,0.998978
1.105,0.003141,0.996859
1.105,0.111673,0.888327
1.105,0.001114,0.998886
1.105,0.022013,0.977987
1.105,0.000729,0.999271
1.105,0.00925,0.99075
1.105,0.001588,0.998412
1.105,0.001956,0.998044
1.105,0.251676,0.748324
1.105,0.00115,0.99885
1.105,0.02897,0.97103
1.105,9.9e-05,0.999901
1.105,0.982456,0.017544
1.105,0.003071,0.996929
1.105,0.001448,0.998552
1.105,0.000222,0.999778
1.105,0.017792,0.982208
1.105,0.039514,0.960487
1.105,0.004392,0.995608
1.105,0.335893,0.664107
1.105,0.092525,0.907475
1.105,0.007918,0.992082
1.105,0.046629,0.953371
1.105,0.015227,0.984773
1.105,0.000278,0.999722
1.105,0.000228,0.999772
1.105,0.001129,0.998871
1.105,0.628083,0.371917
1.105,0.871802,0.128198
1.105,0.975454,0.024546
1.105,0.000188,0.999812
1.105,0.000566,0.999434
1.105,0.004875,0.995125
1.105,0.000176,0.999824
1.105,0.017524,0.982476
1.105,0.000412,0.999588
1.105,0.959542,0.040458
1.105,0.007108,0.992892
1.105,0.009429,0.990571
1.105,0.006695,0.993304
1.105,0.192107,0.807893
1.105,0.001512,0.998488
1.105,0.237417,0.762583
1.105,0.029396,0.970604
1.105,0.039179,0.960821
1.105,0.001308,0.998692
1.105,0.000277,0.999724
1.105,0.005151,0.99485
1.105,9.3e-05,0.999907
1.105,0.00583,0.99417
1.105,0.000285,0.999715
1.117,0.001553,0.998448
1.117,0.040585,0.959415
1.117,0.000954,0.999046
1.117,0.002993,0.997006
1.117,0.000114,0.999886
1.117,0.183208,0.816792
1.117,0.002482,0.997518
1.117,0.001832,0.998168
1.117,0.000328,0.999672
1.117,0.003197,0.996803
1.117,0.000102,0.999898
1.117,0.006663,0.993337
1.117,0.105718,0.894282
1.117,0.009773,0.990227
1.117,0.001691,0.998309
1.117,0.108759,0.891241
1.117,0.000145,0.999855
1.117,0.772543,0.227457
1.117,0.001606,0.998394
1.117,0.007278,0.992722
1.117,0.003373,0.996627
1.117,0.001615,0.998385
1.117,0.000721,0.999279
1.117,0.824799,0.175201
1.117,0.001965,0.998035
1.117,0.000301,0.999699
1.117,3.9e-05,0.999961
1.117,0.364042,0.635958
1.117,0.000799,0.999201
1.117,0.016227,0.983773
1.117,0.007853,0.992147
1.117,0.001602,0.998398
1.117,0.104013,0.895987
1.117,0.087993,0.912007
1.117,0.094504,0.905496
1.117,0.032928,0.967072
1.117,0.017708,0.982292
1.117,0.000468,0.999532
1.117,0.295026,0.704974
1.117,0.107316,0.892684
1.117,0.019652,0.980348
1.117,0.000288,0.999712
1.117,0.003638,0.996362
1.117,0.00216,0.99784
1.117,0.001944,0.998056
1.117,0.000801,0.999199
1.117,0.000278,0.999722
1.117,0.000106,0.999894
1.117,0.004033,0.995967
1.117,0.000572,0.999428
1.117,0.002557,0.997443
1.117,0.975333,0.024667
1.117,0.014823,0.985177
1.117,0.004088,0.995912
1.117,0.000381,0.999619
1.117,0.000167,0.999833
1.117,0.000463,0.999536
1.117,0.287205,0.712795
1.117,0.000226,0.999774
1.117,0.00015,0.99985
1.117,0.000382,0.999618
1.117,0.2369,0.7631
1.117,0.003502,0.996498
1.117,0.000764,0.999236
1.117,0.578043,0.421957
1.117,0.128616,0.871384
1.117,0.000616,0.999384
1.117,0.002372,0.997628
1.117,0.000135,0.999865
1.117,0.001157,0.998843
1.117,0.000131,0.999869
1.117,0.011134,0.988866
1.117,0.008192,0.991808
1.117,0.00858,0.99142
1.117,0.019595,0.980405
1.117,0.007431,0.992569
1.117,0.152555,0.847445
1.117,0.001941,0.998059
1.117,0.78465,0.21535
1.117,0.000648,0.999352
1.117,0.006957,0.993043
1.117,0.015452,0.984548
1.117,0.001095,0.998905
1.117,0.076931,0.923069
1.117,0.000424,0.999576
1.117,0.000214,0.999786
1.117,0.000151,0.999848
1.117,0.000815,0.999185
1.117,0.056856,0.943144
1.117,0.007157,0.992843
1.117,0.105821,0.894179
1.117,0.000754,0.999246
1.117,0.009985,0.990015
1.117,0.000777,0.999223
1.117,0.001033,0.998967
1.117,0.043784,0.956216
1.117,0.00058,0.99942
1.117,0.000825,0.999175
1.117,0.016197,0.983803
1.117,0.164354,0.835646
1.117,0.001063,0.998937
1.130,0.004789,0.995212
1.130,0.134927,0.865073
1.130,0.11699,0.88301
1.130,0.000547,0.999453
1.130,0.012875,0.987125
1.130,0.024604,0.975396
1.130,0.001842,0.998158
1.130,0.010266,0.989734
1.130,0.339837,0.660163
1.130,0.009476,0.990524
1.130,0.002868,0.997132
1.130,0.007982,0.992018
1.130,0.001809,0.998191
1.130,0.465795,0.534205
1.130,0.104413,0.895587
1.130,0.00454,0.99546
1.130,0.001221,0.998779
1.130,0.035406,0.964595
1.130,0.000447,0.999553
1.130,0.000438,0.999562
1.130,0.046408,0.953591
1.130,0.000296,0.999704
1.130,5.1e-05,0.999949
1.130,0.000683,0.999317
1.130,0.05592,0.94408
1.130,0.000204,0.999796
1.130,0.081749,0.918251
1.130,0.000125,0.999875
1.130,0.001941,0.998059
1.130,0.00264,0.99736
1.130,0.000637,0.999363
1.130,0.02719,0.97281
1.130,0.004476,0.995524
1.130,0.000162,0.999838
1.130,0.005131,0.99487
1.130,0.000246,0.999754
1.130,0.071555,0.928445
1.130,0.596923,0.403077
1.130,0.000792,0.999208
1.130,0.662374,0.337626
1.130,0.005961,0.994039
1.130,0.261528,0.738472
1.130,0.000139,0.999861
1.130,0.008896,0.991104
1.130,0.001723,0.998278
1.130,0.105838,0.894162
1.130,0.001147,0.998853
1.130,0.000466,0.999534
1.130,0.002282,0.997718
1.130,0.000512,0.999488
1.130,0.236876,0.763124
1.130,0.000259,0.999741
1.130,0.000647,0.999353
1.130,0.00042,0.99958
1.130,0.033262,0.966738
1.130,0.016579,0.983421
1.130,0.000949,0.999051
1.130,0.002171,0.997829
1.130,0.032017,0.967983
1.130,0.845144,0.154856
1.130,0.104031,0.895969
1.130,0.01418,0.98582
1.130,0.963327,0.036673
1.130,0.005918,0.994082
1.130,0.097944,0.902056
1.130,0.001624,0.998376
1.130,0.000269,0.999731
1.130,0.002592,0.997408
1.130,0.005655,0.994345
1.130,0.001199,0.998801
1.130,0.002567,0.997433
1.130,0.029954,0.970046
1.130,0.002022,0.997978
1.130,8.6e-05,0.999914
1.130,0.073963,0.926037
1.130,0.000405,0.999595
1.130,0.000298,0.999702
1.130,0.000267,0.999733
1.130,0.000139,0.999861
1.130,0.00468,0.99532
1.130,0.039841,0.960159
1.130,0.100845,0.899155
1.130,0.006605,0.993395
1.130,0.002146,0.997854
1.130,0.002711,0.997289
1.130,0.00135,0.99865
1.130,0.000325,0.999675
1.130,0.001197,0.998803
1.130,0.038594,0.961406
1.130,0.069232,0.930768
1.130,0.000686,0.999314
1.130,0.039797,0.960203
1.130,0.139622,0.860378
1.130,0.462889,0.537111
1.130,0.000138,0.999862
1.130,0.003837,0.996163
1.130,0.000818,0.999182
1.130,0.060734,0.939266
1.130,0.000321,0.999679
1.130,0.000145,0.999855
1.130,0.009016,0.990984
1.142,0.003121,0.996879
1.142,0.00039,0.99961
1.142,0.000749,0.999251
1.142,0.026642,0.973358
1.142,0.000106,0.999894
1.142,0.004215,0.995785
1.142,0.000499,0.9995
1.142,0.000853,0.999147
1.142,0.005034,0.994966
1.142,0.061303,0.938697
1.142,0.000176,0.999824
1.142,0.004644,0.995356
1.142,0.037087,0.962913
1.142,0.027808,0.972192
1.142,0.001577,0.998423
1.142,0.000299,0.999701
1.142,0.013071,0.986929
1.142,0.009543,0.990457
1.142,0.000235,0.999765
1.142,0.648394,0.351606
1.142,0.462028,0.537972
1.142,0.000312,0.999688
1.142,0.000105,0.999895
1.142,0.000288,0.999712
1.142,0.000362,0.999638
1.142,0.095383,0.904617
1.142,0.007345,0.992655
1.142,0.002581,0.997419
1.142,0.02728,0.97272
1.142,0.002998,0.997002
1.142,0.538959,0.461041
1.142,0.575259,0.424741
1.142,0.000496,0.999504
1.142,0.024363,0.975637
1.142,0.206187,0.793813
1.142,0.00101,0.99899
1.142,0.001311,0.998689
1.142,0.000473,0.999527
1.142,7.6e-05,0.999924
1.142,0.0212,0.9788
1.142,0.005431,0.994569
1.142,0.00028,0.99972
1.142,0.001386,0.998614
1.142,0.00122,0.99878
1.142,0.005261,0.994739
1.142,0.002575,0.997425
1.142,0.004564,0.995436
1.142,0.001408,0.998592
1.142,6.4e-05,0.999936
1.142,0.003148,0.996852
1.142,0.00014,0.99986
1.142,0.000446,0.999554
1.142,6.1e-05,0.999938
1.142,0.000767,0.999233
1.142,0.000425,0.999575
1.142,0.000371,0.999629
1.142,0.000489,0.999511
1.142,0.007688,0.992312
1.142,0.000776,0.999224
1.142,0.005947,0.994053
1.142,0.000221,0.999779
1.142,0.00031,0.99969
1.142,5e-05,0.99995
1.142,0.006242,0.993758
1.142,7.7e-05,0.999923
1.142,0.00047,0.99953
1.142,0.001076,0.998924
1.142,0.399821,0.600179
1.142,0.053295,0.946705
1.142,0.000419,0.999581
1.142,0.149395,0.850605
1.142,0.007197,0.992803
1.142,0.015569,0.984431
1.142,7e-05,0.99993
1.142,0.027304,0.972696
1.142,0.000238,0.999762
1.142,0.002168,0.997832
1.142,0.000646,0.999354
1.142,0.001622,0.998378
1.142,0.000818,0.999182
1.142,0.060393,0.939607
1.142,0.003546,0.996454
1.142,0.393503,0.606497
1.142,8.2e-05,0.999918
1.142,0.001963,0.998037
1.142,0.000797,0.999203
1.142,0.006707,0.993293
1.142,0.000112,0.999888
1.142,0.000251,0.999749
1.142,0.001782,0.998218
1.142,0.00187,0.99813
1.142,0.000566,0.999434
1.142,0.003948,0.996052
1.142,0.010277,0.989723
1.142,0.000333,0.999668
1.142,0.0308,0.9692
1.142,9.7e-05,0.999903
1.142,0.000293,0.999707
1.142,0.000208,0.999792
1.142,0.000471,0.999529
1.142,0.000795,0.999205
1.154,0.002287,0.997713
1.154,0.000519,0.999481
1.154,0.000609,0.999391
1.154,0.000116,0.999884
1.154,0.001794,0.998206
1.154,0.001762,0.998238
1.154,0.000206,0.999794
1.154,1e-04,0.9999
1.154,0.371226,0.628774
1.154,0.000747,0.999253
1.154,0.001456,0.998544
1.154,0.01109,0.98891
1.154,0.000654,0.999346
1.154,0.001422,0.998578
1.154,0.000222,0.999778
1.154,0.007125,0.992875
1.154,0.001382,0.998618
1.154,0.000803,0.999197
1.154,0.00034,0.99966
1.154,0.000525,0.999475
1.154,0.018875,0.981124
1.154,0.001025,0.998975
1.154,0.00166,0.99834
1.154,0.000218,0.999782
1.154,0.000536,0.999464
1.154,0.002484,0.997516
1.154,0.000121,0.999878
1.154,0.003913,0.996087
1.154,0.00129,0.99871
1.154,0.014691,0.985309
1.154,0.00065,0.99935
1.154,0.000257,0.999744
1.154,0.00012,0.99988
1.154,0.001342,0.998658
1.154,8.9e-05,0.999911
1.154,0.004223,0.995777
1.154,0.002761,0.997239
1.154,0.008279,0.991721
1.154,0.003012,0.996988
1.154,0.000279,0.999721
1.154,0.009902,0.990098
1.154,0.001474,0.998526
1.154,0.105941,0.894059
1.154,0.000145,0.999855
1.154,0.344738,0.655262
1.154,0.005176,0.994824
1.154,0.00185,0.99815
1.154,0.01471,0.98529
1.154,0.005514,0.994486
1.154,0.000344,0.999656
1.154,0.001483,0.998516
1.154,0.000808,0.999192
1.154,0.000128,0.999872
1.154,0.002595,0.997405
1.154,0.000376,0.999624
1.154,0.000378,0.999622
1.154,0.005598,0.994402
1.154,0.001806,0.998194
1.154,0.000202,0.999798
1.154,7.7e-05,0.999923
1.154,0.000192,0.999808
1.154,0.00055,0.99945
1.154,0.000122,0.999878
1.154,0.000916,0.999084
1.154,0.002505,0.997495
1.154,0.000588,0.999412
1.154,0.000216,0.999784
1.154,0.005439,0.994561
1.154,0.000144,0.999856
1.154,0.046543,0.953457
1.154,0.001076,0.998924
1.154,0.000639,0.999361
1.154,0.00059,0.99941
1.154,0.002337,0.997663
1.154,0.006308,0.993692
1.154,0.00067,0.99933
1.154,0.000134,0.999866
1.154,0.028499,0.971501
1.154,0.007779,0.992221
1.154,0.632433,0.367567
1.154,0.000291,0.999708
1.154,0.000243,0.999757
1.154,0.001135,0.998865
1.154,0.00062,0.99938
1.154,0.000403,0.999597
1.154,0.000296,0.999704
1.154,0.000324,0.999676
1.154,8.4e-05,0.999916
1.154,0.00043,0.99957
1.154,9.4e-05,0.999906
1.154,0.000591,0.999409
1.154,0.00021,0.99979
1.154,0.000576,0.999424
1.154,0.001234,0.998766
1.154,0.000242,0.999758
1.154,0.001227,0.998773
1.154,0.000713,0.999287
1.154,0.000797,0.999203
1.154,0.001325,0.998675
1.154,0.045374,0.954626
1.154,0.001841,0.998159
1.166,0.010013,0.989987
1.166,0.002314,0.997686
1.166,0.016825,0.983175
1.166,8e-05,0.99992
1.166,0.000236,0.999764
1.166,0.007471,0.992529
1.166,0.000201,0.999799
1.166,0.002723,0.997277
1.166,0.000113,0.999887
1.166,0.000658,0.999342
1.166,0.002016,0.997984
1.166,3.7e-05,0.999963
1.166,0.000315,0.999685
1.166,0.000509,0.999491
1.166,0.001715,0.998285
1.166,0.000263,0.999737
1.166,0.002854,0.997146
1.166,0.035365,0.964635
1.166,3e-05,0.99997
1.166,0.001005,0.998995
1.166,0.000239,0.999761
1.166,0.000296,0.999704
1.166,0.000198,0.999802
1.166,9.1e-05,0.999909
1.166,0.005118,0.994882
1.166,0.001075,0.998925
1.166,0.000537,0.999463
1.166,0.000458,0.999542
1.166,8.7e-05,0.999913
1.166,0.001857,0.998142
1.166,0.025604,0.974396
1.166,0.000775,0.999225
1.166,0.000128,0.999872
1.166,4.9e-05,0.999951
1.166,0.000237,0.999763
1.166,8.3e-05,0.999917
1.166,0.000328,0.999673
1.166,0.000211,0.999789
1.166,5.3e-05,0.999947
1.166,0.001654,0.998346
1.166,0.000418,0.999582
1.166,0.003279,0.996721
1.166,1e-04,0.9999
1.166,0.000547,0.999453
1.166,0.004714,0.995286
1.166,0.000749,0.999251
1.166,0.001075,0.998925
1.166,7.8e-05,0.999922
1.166,8.9e-05,0.999911
1.166,6.3e-05,0.999937
1.166,0.003647,0.996353
1.166,0.000295,0.999705
1.166,0.037418,0.962582
1.166,0.000438,0.999562
1.166,0.003603,0.996397
1.166,0.001966,0.998034
1.166,0.000146,0.999854
1.166,0.000176,0.999824
1.166,0.001299,0.998701
1.166,0.001346,0.998654
1.166,0.550728,0.449272
1.166,8.3e-05,0.999917
1.166,0.003384,0.996616
1.166,0.000346,0.999654
1.166,6.2e-05,0.999938
1.166,8.4e-05,0.999916
1.166,0.001921,0.998079
1.166,0.00016,0.99984
1.166,0.001636,0.998364
1.166,0.000529,0.999471
1.166,6.9e-05,0.999931
1.166,0.001804,0.998196
1.166,0.000425,0.999575
1.166,0.001006,0.998994
1.166,0.000453,0.999547
1.166,0.000704,0.999296
1.166,0.000231,0.999769
1.166,6.7e-05,0.999934
1.166,0.000435,0.999565
1.166,0.000152,0.999848
1.166,0.00035,0.99965
1.166,0.000284,0.999716
1.166,0.004602,0.995398
1.166,0.000582,0.999418
1.166,0.000103,0.999897
1.166,0.288191,0.711809
1.166,0.001994,0.998006
1.166,0.000108,0.999892
1.166,0.001468,0.998532
1.166,0.328314,0.671686
1.166,4.7e-05,0.999953
1.166,0.024439,0.975561
1.166,0.005835,0.994165
1.166,0.001324,0.998676
1.166,0.000932,0.999068
1.166,4.5e-05,0.999955
1.166,0.000107,0.999893
1.166,0.000464,0.999536
1.166,0.000273,0.999727
1.166,0.000649,0.999351
1.166,0.000664,0.999336
1.179,0.000124,0.999876
1.179,0.001723,0.998277
1.179,0.000353,0.999647
1.179,0.000836,0.999164
1.179,6e-05,0.99994
1.179,7.9e-05,0.999921
1.179,4.6e-05,0.999954
1.179,0.032209,0.967791
1.179,0.000761,0.999239
1.179,0.000645,0.999355
1.179,0.000214,0.999786
1.179,0.012313,0.987687
1.179,0.000845,0.999155
1.179,0.038343,0.961657
1.179,0.008449,0.991551
1.179,0.000443,0.999557
1.179,0.001222,0.998778
1.179,0.001822,0.998178
1.179,0.000394,0.999606
1.179,6.6e-05,0.999934
1.179,0.002436,0.997565
1.179,0.000573,0.999427
1.179,0.001265,0.998735
1.179,3.6e-05,0.999964
1.179,0.001187,0.998814
1.179,7.3e-05,0.999927
1.179,0.014377,0.985623
1.179,0.00019,0.99981
1.179,0.000542,0.999458
1.179,0.00038,0.99962
1.179,0.003453,0.996547
1.179,0.000669,0.999331
1.179,0.001107,0.998893
1.179,9.4e-05,0.999906
1.179,0.000217,0.999782
1.179,0.001625,0.998375
1.179,0.000222,0.999778
1.179,0.000134,0.999866
1.179,6.3e-05,0.999937
1.179,0.003188,0.996812
1.179,0.000215,0.999784
1.179,0.00903,0.99097
1.179,0.007002,0.992998
1.179,0.000211,0.999789
1.179,0.000209,0.999791
1.179,0.000142,0.999858
1.179,0.002774,0.997226
1.179,0.000165,0.999835
1.179,7.5e-05,0.999925
1.179,0.001597,0.998403
1.179,0.000172,0.999828
1.179,0.000277,0.999723
1.179,0.000361,0.999639
1.179,0.001162,0.998838
1.179,0.028551,0.971449
1.179,0.00102,0.99898
1.179,0.00017,0.99983
1.179,0.010551,0.989449
1.179,0.000114,0.999886
1.179,0.001041,0.998959
1.179,0.000712,0.999288
1.179,5.9e-05,0.999941
1.179,0.000131,0.999869
1.179,0.005876,0.994124
1.179,0.000405,0.999595
1.179,0.000917,0.999083
1.179,0.0008,0.9992
1.179,0.000147,0.999853
1.179,9.4e-05,0.999906
1.179,8e-05,0.99992
1.179,0.000232,0.999768
1.179,0.000347,0.999653
1.179,0.749775,0.250225
1.179,0.005261,0.99474
1.179,6.8e-05,0.999932
1.179,0.000224,0.999776
1.179,5.7e-05,0.999943
1.179,0.000384,0.999616
1.179,0.000241,0.999759
1.179,0.000161,0.999839
1.179,0.000148,0.999851
1.179,0.001688,0.998312
1.179,0.000108,0.999892
1.179,5.8e-05,0.999942
1.179,0.001614,0.998386
1.179,0.000186,0.999814
1.179,0.000123,0.999877
1.179,0.000255,0.999745
1.179,0.000595,0.999405
1.179,4.3e-05,0.999957
1.179,0.000382,0.999618
1.179,0.002117,0.997883
1.179,0.000136,0.999864
1.179,0.001436,0.998564
1.179,0.000438,0.999562
1.179,0.000863,0.999137
1.179,0.000184,0.999816
1.179,0.04165,0.95835
1.179,0.001842,0.998158
1.179,0.000116,0.999884
1.179,0.004503,0.995497
1.191,8.5e-05,0.999915
1.191,7.2e-05,0.999928
1.191,3.2e-05,0.999968
1.191,0.052639,0.947361
1.191,0.000279,0.999721
1.191,0.001083,0.998917
1.191,0.000192,0.999808
1.191,0.004491,0.995509
1.191,0.000666,0.999334
1.191,0.000778,0.999222
1.191,0.00021,0.99979
1.191,0.024177,0.975823
1.191,0.000114,0.999886
1.191,0.004586,0.995414
1.191,0.000305,0.999695
1.191,0.000263,0.999737
1.191,4.7e-05,0.999953
1.191,5.2e-05,0.999948
1.191,6.4e-05,0.999936
1.191,0.000583,0.999417
1.191,0.000121,0.999878
1.191,0.000127,0.999873
1.191,0.000467,0.999533
1.191,0.001398,0.998602
1.191,0.000197,0.999804
1.191,5.1e-05,0.999949
1.191,0.0518,0.9482
1.191,0.00017,0.99983
1.191,0.000955,0.999045
1.191,0.003711,0.996289
1.191,0.000879,0.999121
1.191,0.000724,0.999276
1.191,0.000141,0.999858
1.191,0.000314,0.999686
1.191,0.001501,0.998499
1.191,0.000154,0.999846
1.191,8.4e-05,0.999916
1.191,0.000135,0.999865
1.191,0.015584,0.984416
1.191,0.001454,0.998546
1.191,7.5e-05,0.999925
1.191,0.002018,0.997982
1.191,0.002488,0.997512
1.191,0.000205,0.999795
1.191,0.000159,0.999841
1.191,5.4e-05,0.999946
1.191,2.8e-05,0.999972
1.191,0.000841,0.999159
1.191,0.000245,0.999755
1.191,0.000545,0.999455
1.191,0.000147,0.999853
1.191,0.000122,0.999878
1.191,0.00065,0.99935
1.191,0.001397,0.998603
1.191,0.00025,0.99975
1.191,0.000496,0.999504
1.191,4.5e-05,0.999955
1.191,0.000373,0.999626
1.191,8.2e-05,0.999918
1.191,0.000563,0.999437
1.191,0.000246,0.999754
1.191,0.0019,0.9981
1.191,0.008029,0.991971
1.191,0.001319,0.998681
1.191,0.00361,0.99639
1.191,0.000123,0.999877
1.191,0.000421,0.999579
1.191,0.000108,0.999892
1.191,0.00036,0.99964
1.191,7.5e-05,0.999925
1.191,6.4e-05,0.999936
1.191,0.000139,0.999861
1.191,5.2e-05,0.999948
1.191,0.000116,0.999884
1.191,0.197827,0.802173
1.191,0.000752,0.999248
1.191,0.000348,0.999652
1.191,0.001521,0.998479
1.191,0.016921,0.983079
1.191,6.9e-05,0.999931
1.191,0.027095,0.972905
1.191,0.000121,0.999879
1.191,0.001176,0.998824
1.191,0.000869,0.999131
1.191,0.000327,0.999673
1.191,0.000288,0.999712
1.191,0.000121,0.999879
1.191,4e-05,0.99996
1.191,9.2e-05,0.999908
1.191,0.000204,0.999796
1.191,9.5e-05,0.999905
1.191,7.3e-05,0.999927
1.191,0.000163,0.999837
1.191,0.00483,0.99517
1.191,4.1e-05,0.999959
1.191,0.000495,0.999505
1.191,0.00041,0.99959
1.191,0.00033,0.99967
1.191,0.000566,0.999434
1.191,0.00296,0.99704
1.191,0.000233,0.999767
1.203,0.00015,0.99985
1.203,0.000228,0.999772
1.203,0.000278,0.999722
1.203,0.000119,0.999881
1.203,8.4e-05,0.999916
1.203,0.02091,0.97909
1.203,0.000276,0.999724
1.203,5.9e-05,0.999941
1.203,0.000602,0.999398
1.203,6.7e-05,0.999933
1.203,0.000189,0.999812
1.203,0.000195,0.999805
1.203,0.000453,0.999547
1.203,0.000223,0.999778
1.203,0.000191,0.999809
1.203,0.001406,0.998594
1.203,5.7e-05,0.999943
1.203,0.000344,0.999656
1.203,0.001977,0.998023
1.203,0.000309,0.999691
1.203,7.7e-05,0.999923
1.203,9.4e-05,0.999906
1.203,0.000164,0.999836
1.203,4.6e-05,0.999954
1.203,0.004579,0.995421
1.203,9.9e-05,0.999901
1.203,0.000399,0.999601
1.203,0.00182,0.99818
1.203,7.3e-05,0.999927
1.203,7.3e-05,0.999927
1.203,4e-05,0.99996
1.203,0.001315,0.998685
1.203,0.000602,0.999398
1.203,0.00014,0.99986
1.203,0.018593,0.981407
1.203,0.00236,0.99764
1.203,0.000371,0.999629
1.203,0.011126,0.988874
1.203,0.001467,0.998533
1.203,7.4e-05,0.999926
1.203,0.000363,0.999637
1.203,0.000905,0.999095
1.203,0.003105,0.996895
1.203,0.000283,0.999717
1.203,5.5e-05,0.999945
1.203,0.024545,0.975455
1.203,5.2e-05,0.999948
1.203,0.000203,0.999797
1.203,9.5e-05,0.999905
1.203,0.00035,0.99965
1.203,0.002835,0.997165
1.203,0.000307,0.999693
1.203,6.2e-05,0.999938
1.203,0.000103,0.999897
1.203,0.000207,0.999793
1.203,4.1e-05,0.999959
1.203,6.2e-05,0.999938
1.203,0.000617,0.999383
1.203,0.000714,0.999286
1.203,0.001677,0.998323
1.203,0.000546,0.999454
1.203,0.000862,0.999138
1.203,0.000518,0.999482
1.203,0.001862,0.998138
1.203,0.0003,0.9997
1.203,0.000645,0.999356
1.203,0.000321,0.999679
1.203,0.011793,0.988207
1.203,0.000291,0.999709
1.203,2.4e-05,0.999976
1.203,0.000215,0.999785
1.203,0.000103,0.999897
1.203,5.6e-05,0.999944
1.203,0.003141,0.996859
1.203,0.000484,0.999516
1.203,0.000114,0.999886
1.203,0.000223,0.999777
1.203,7.3e-05,0.999927
1.203,6.9e-05,0.99993
1.203,0.000688,0.999312
1.203,8e-05,0.99992
1.203,0.000134,0.999866
1.203,0.010355,0.989645
1.203,0.000125,0.999875
1.203,6.7e-05,0.999933
1.203,0.000198,0.999802
1.203,0.000171,0.999829
1.203,0.000254,0.999746
1.203,0.00026,0.99974
1.203,9e-05,0.99991
1.203,0.001029,0.998971
1.203,0.000139,0.999861
1.203,0.000202,0.999798
1.203,0.002308,0.997692
1.203,0.000361,0.999639
1.203,0.001213,0.998787
1.203,0.000134,0.999866
1.203,0.002004,0.997996
1.203,8.5e-05,0.999916
1.203,6.7e-05,0.999933
1.203,0.000152,0.999848
1.215,5e-05,0.99995
1.215,7.7e-05,0.999923
1.215,0.232147,0.767853
1.215,0.000219,0.99978
1.215,0.003032,0.996968
1.215,6.8e-05,0.999932
1.215,0.000113,0.999887
1.215,4.2e-05,0.999958
1.215,0.0016,0.9984
1.215,0.000214,0.999786
1.215,0.000286,0.999714
1.215,8.9e-05,0.999911
1.215,0.000409,0.999591
1.215,0.000552,0.999448
1.215,0.00028,0.99972
1.215,7.6e-05,0.999924
1.215,5.3e-05,0.999947
1.215,0.000284,0.999716
1.215,4e-05,0.99996
1.215,9.3e-05,0.999907
1.215,0.009743,0.990257
1.215,4.2e-05,0.999958
1.215,0.003108,0.996892
1.215,9.7e-05,0.999903
1.215,0.000666,0.999334
1.215,7.2e-05,0.999928
1.215,0.000177,0.999823
1.215,0.000698,0.999302
1.215,0.000983,0.999017
1.215,4.4e-05,0.999956
1.215,0.000214,0.999786
1.215,0.000757,0.999243
1.215,0.000248,0.999752
1.215,0.000169,0.999831
1.215,0.000719,0.999281
1.215,0.000156,0.999844
1.215,0.001359,0.998641
1.215,0.000119,0.999881
1.215,0.00055,0.99945
1.215,0.000271,0.999729
1.215,9.7e-05,0.999903
1.215,0.000368,0.999632
1.215,0.00018,0.99982
1.215,6.2e-05,0.999938
1.215,4.5e-05,0.999955
1.215,1e-04,0.9999
1.215,0.000618,0.999382
1.215,0.000419,0.999581
1.215,0.001345,0.998655
1.215,9.2e-05,0.999908
1.215,0.000211,0.999789
1.215,0.00036,0.99964
1.215,0.000358,0.999642
1.215,8e-05,0.99992
1.215,0.001231,0.998769
1.215,0.000101,0.9999
1.215,4.6e-05,0.999954
1.215,0.00064,0.99936
1.215,0.000989,0.999011
1.215,3.2e-05,0.999968
1.215,6.5e-05,0.999935
1.215,0.00024,0.99976
1.215,0.00091,0.99909
1.215,0.000201,0.999799
1.215,0.000496,0.999504
1.215,7.2e-05,0.999928
1.215,0.000106,0.999894
1.215,4.4e-05,0.999956
1.215,4.9e-05,0.999951
1.215,6e-05,0.99994
1.215,0.000207,0.999793
1.215,0.000226,0.999774
1.215,6.9e-05,0.999931
1.215,0.005575,0.994425
1.215,0.000268,0.999732
1.215,0.000177,0.999824
1.215,0.00016,0.99984
1.215,0.001709,0.998291
1.215,8.5e-05,0.999915
1.215,6.9e-05,0.999931
1.215,4.2e-05,0.999958
1.215,0.00011,0.99989
1.215,0.000574,0.999426
1.215,0.000161,0.999839
1.215,6.3e-05,0.999937
1.215,0.000291,0.999709
1.215,0.000198,0.999802
1.215,5.6e-05,0.999944
1.215,0.000235,0.999764
1.215,4e-05,0.99996
1.215,0.000218,0.999782
1.215,0.000143,0.999857
1.215,0.000416,0.999584
1.215,3.8e-05,0.999962
1.215,9.9e-05,0.999901
1.215,4.6e-05,0.999954
1.215,0.000265,0.999735
1.215,3.8e-05,0.999962
1.215,0.000152,0.999848
1.215,0.000124,0.999876
1.215,4.8e-05,0.999952
1.228,0.001366,0.998634
1.228,0.000232,0.999768
1.228,6.4e-05,0.999936
1.228,2.6e-05,0.999974
1.228,0.000448,0.999552
1.228,0.000195,0.999805
1.228,3.2e-05,0.999968
1.228,7.8e-05,0.999922
1.228,0.000223,0.999777
1.228,0.000385,0.999615
1.228,0.000649,0.999351
1.228,0.005043,0.994957
1.228,2.7e-05,0.999973
1.228,7.5e-05,0.999925
1.228,2.2e-05,0.999978
1.228,0.000716,0.999284
1.228,0.002121,0.997879
1.228,9.9e-05,0.999901
1.228,4e-05,0.99996
1.228,6.5e-05,0.999935
1.228,4.4e-05,0.999956
1.228,0.000331,0.999669
1.228,7.8e-05,0.999922
1.228,0.000325,0.999675
1.228,0.00015,0.99985
1.228,5.8e-05,0.999942
1.228,5.5e-05,0.999945
1.228,0.000196,0.999804
1.228,0.000292,0.999708
1.228,0.000378,0.999622
1.228,0.000113,0.999887
1.228,0.000177,0.999823
1.228,0.000966,0.999034
1.228,0.000358,0.999642
1.228,8.4e-05,0.999916
1.228,0.015819,0.984181
1.228,0.00029,0.99971
1.228,7e-05,0.99993
1.228,0.001215,0.998785
1.228,6.2e-05,0.999938
1.228,0.000103,0.999897
1.228,0.000353,0.999647
1.228,8.5e-05,0.999915
1.228,0.001217,0.998783
1.228,0.002004,0.997996
1.228,0.000147,0.999853
1.228,7.5e-05,0.999926
1.228,0.001351,0.998649
1.228,0.000114,0.999886
1.228,0.000227,0.999773
1.228,0.637904,0.362096
1.228,0.000904,0.999096
1.228,0.002366,0.997634
1.228,0.00113,0.99887
1.228,0.000101,0.999899
1.228,8.5e-05,0.999915
1.228,0.000151,0.999849
1.228,1e-04,0.9999
1.228,6e-05,0.99994
1.228,0.000481,0.999519
1.228,6.8e-05,0.999932
1.228,8.8e-05,0.999912
1.228,0.000107,0.999893
1.228,0.000152,0.999848
1.228,4.5e-05,0.999956
1.228,7.9e-05,0.999921
1.228,0.00024,0.99976
1.228,0.000223,0.999777
1.228,0.000134,0.999866
1.228,6.8e-05,0.999932
1.228,7.3e-05,0.999927
1.228,0.000233,0.999766
1.228,0.002479,0.997521
1.228,8.6e-05,0.999914
1.228,9.2e-05,0.999908
1.228,0.000138,0.999862
1.228,7.6e-05,0.999924
1.228,3.4e-05,0.999966
1.228,0.000349,0.999651
1.228,7e-05,0.99993
1.228,0.000309,0.999691
1.228,0.004533,0.995466
1.228,2.6e-05,0.999974
1.228,6.6e-05,0.999934
1.228,0.000285,0.999715
1.228,5.3e-05,0.999947
1.228,5.5e-05,0.999945
1.228,0.000612,0.999388
1.228,0.000109,0.999891
1.228,0.000131,0.999869
1.228,0.100067,0.899933
1.228,0.013892,0.986108
1.228,0.000342,0.999658
1.228,4e-05,0.99996
1.228,5.8e-05,0.999941
1.228,5.2e-05,0.999948
1.228,3.9e-05,0.999961
1.228,7.3e-05,0.999927
1.228,4.1e-05,0.999959
1.228,0.000102,0.999898
1.228,0.000125,0.999875
1.240,8.9e-05,0.999911
1.240,9.3e-05,0.999907
1.240,0.000306,0.999694
1.240,0.000392,0.999608
1.240,0.000189,0.999811
1.240,6.4e-05,0.999936
1.240,3.7e-05,0.999963
1.240,0.001223,0.998777
1.240,5e-05,0.99995
1.240,0.017315,0.982685
1.240,6.2e-05,0.999938
1.240,0.004444,0.995556
1.240,0.000129,0.999871
1.240,0.000133,0.999867
1.240,0.000161,0.999839
1.240,0.000125,0.999875
1.240,8e-05,0.99992
1.240,6.9e-05,0.999931
1.240,0.000474,0.999526
1.240,7.6e-05,0.999924
1.240,4.3e-05,0.999957
1.240,0.000104,0.999896
1.240,0.00174,0.99826
1.240,6e-05,0.99994
1.240,0.004881,0.995119
1.240,7.9e-05,0.999921
1.240,8.1e-05,0.999919
1.240,0.000553,0.999447
1.240,2.9e-05,0.999972
1.240,3.9e-05,0.999962
1.240,8.5e-05,0.999915
1.240,4e-05,0.99996
1.240,0.000282,0.999718
1.240,7.2e-05,0.999928
1.240,6.4e-05,0.999936
1.240,7.3e-05,0.999927
1.240,9.6e-05,0.999904
1.240,0.000137,0.999863
1.240,6.3e-05,0.999937
1.240,0.000193,0.999807
1.240,6.8e-05,0.999932
1.240,0.00044,0.99956
1.240,0.000329,0.999671
1.240,5.4e-05,0.999946
1.240,0.000294,0.999706
1.240,7.9e-05,0.999921
1.240,9e-05,0.99991
1.240,0.000174,0.999826
1.240,0.000552,0.999448
1.240,0.000518,0.999482
1.240,0.00031,0.99969
1.240,0.000311,0.999689
1.240,6.2e-05,0.999938
1.240,8.5e-05,0.999915
1.240,0.000468,0.999532
1.240,0.001375,0.998625
1.240,9.6e-05,0.999904
1.240,0.00016,0.99984
1.240,6.5e-05,0.999935
1.240,0.000117,0.999883
1.240,3.2e-05,0.999968
1.240,0.000301,0.999699
1.240,7.8e-05,0.999922
1.240,2.8e-05,0.999972
1.240,4.9e-05,0.999951
1.240,3.4e-05,0.999966
1.240,9.2e-05,0.999908
1.240,3.9e-05,0.999961
1.240,8.1e-05,0.999919
1.240,4.6e-05,0.999954
1.240,0.000416,0.999584
1.240,0.000132,0.999868
1.240,4.7e-05,0.999953
1.240,5.3e-05,0.999947
1.240,0.000319,0.999681
1.240,9.9e-05,0.999901
1.240,0.000191,0.999809
1.240,7.1e-05,0.999929
1.240,4.4e-05,0.999956
1.240,0.000104,0.999896
1.240,4e-05,0.99996
1.240,0.000339,0.999661
1.240,5.6e-05,0.999944
1.240,0.000194,0.999806
1.240,4.1e-05,0.999959
1.240,0.000256,0.999744
1.240,0.000494,0.999506
1.240,0.000116,0.999884
1.240,3.2e-05,0.999968
1.240,3e-05,0.99997
1.240,8.5e-05,0.999915
1.240,0.000164,0.999836
1.240,0.000327,0.999673
1.240,0.000104,0.999895
1.240,0.000113,0.999887
1.240,3.5e-05,0.999965
1.240,0.000151,0.999849
1.240,0.000725,0.999275
1.240,0.000144,0.999856
1.240,0.000201,0.999799
1.240,5.7e-05,0.999943
1.252,0.000135,0.999865
1.252,0.000747,0.999253
1.252,0.004506,0.995494
1.252,9.1e-05,0.999909
1.252,9.3e-05,0.999907
1.252,6.3e-05,0.999937
1.252,8.9e-05,0.999911
1.252,5.4e-05,0.999946
1.252,0.000297,0.999703
1.252,0.0002,0.9998
1.252,0.002267,0.997733
1.252,0.000879,0.999121
1.252,0.000215,0.999785
1.252,0.000234,0.999766
1.252,8.1e-05,0.999919
1.252,4.9e-05,0.999951
1.252,0.000309,0.999691
1.252,5.1e-05,0.999949
1.252,0.000961,0.999039
1.252,0.000105,0.999895
1.252,4.1e-05,0.999958
1.252,5.3e-05,0.999947
1.252,0.000143,0.999857
1.252,0.000325,0.999675
1.252,9.2e-05,0.999908
1.252,0.00475,0.99525
1.252,0.000236,0.999764
1.252,0.002255,0.997745
1.252,4.4e-05,0.999956
1.252,0.000101,0.9999
1.252,2.5e-05,0.999975
1.252,3.3e-05,0.999967
1.252,0.000359,0.999641
1.252,0.000149,0.999851
1.252,0.000171,0.999829
1.252,3.1e-05,0.999969
1.252,0.000221,0.999779
1.252,0.001296,0.998704
1.252,4.4e-05,0.999956
1.252,0.000192,0.999808
1.252,0.000228,0.999772
1.252,0.000372,0.999628
1.252,0.017946,0.982054
1.252,4.7e-05,0.999953
1.252,0.000142,0.999858
1.252,7.4e-05,0.999926
1.252,5.3e-05,0.999947
1.252,0.000179,0.999821
1.252,0.000132,0.999868
1.252,5.2e-05,0.999948
1.252,0.000103,0.999897
1.252,0.00011,0.99989
1.252,8.4e-05,0.999916
1.252,0.000711,0.999289
1.252,4.9e-05,0.999951
1.252,0.000357,0.999643
1.252,4.3e-05,0.999957
1.252,4.8e-05,0.999952
1.252,3.8e-05,0.999962
1.252,0.003975,0.996025
1.252,0.000108,0.999892
1.252,0.000235,0.999765
1.252,0.000126,0.999874
1.252,0.000109,0.999891
1.252,5.2e-05,0.999948
1.252,0.00014,0.99986
1.252,2.1e-05,0.999979
1.252,6.7e-05,0.999933
1.252,4.9e-05,0.999951
1.252,0.000237,0.999763
1.252,4.9e-05,0.999952
1.252,3.4e-05,0.999966
1.252,0.002273,0.997727
1.252,0.000825,0.999176
1.252,6.3e-05,0.999937
1.252,4.4e-05,0.999956
1.252,0.000113,0.999887
1.252,3e-05,0.99997
1.252,1.6e-05,0.999984
1.252,4.4e-05,0.999956
1.252,0.000113,0.999887
1.252,0.005407,0.994593
1.252,9.1e-05,0.999909
1.252,5.9e-05,0.999941
1.252,8.6e-05,0.999914
1.252,5.8e-05,0.999942
1.252,9.3e-05,0.999907
1.252,0.000179,0.999821
1.252,7.5e-05,0.999925
1.252,9.3e-05,0.999907
1.252,0.002166,0.997834
1.252,0.00015,0.99985
1.252,4.8e-05,0.999952
1.252,0.000888,0.999112
1.252,1e-04,0.9999
1.252,0.000183,0.999817
1.252,0.000747,0.999253
1.252,0.000149,0.99985
1.252,8.2e-05,0.999918
1.252,4.8e-05,0.999952
1.252,0.000263,0.999737
1.264,0.000325,0.999675
1.264,4.4e-05,0.999956
1.264,0.000164,0.999836
1.264,0.000344,0.999656
1.264,0.000154,0.999846
1.264,4.7e-05,0.999953
1.264,8.3e-05,0.999917
1.264,0.000257,0.999743
1.264,7.2e-05,0.999928
1.264,5e-05,0.99995
1.264,0.003318,0.996682
1.264,0.000118,0.999882
1.264,7.9e-05,0.999921
1.264,5e-05,0.99995
1.264,0.000558,0.999442
1.264,2.4e-05,0.999976
1.264,7.6e-05,0.999923
1.264,3e-05,0.99997
1.264,0.000293,0.999707
1.264,5.2e-05,0.999948
1.264,2.2e-05,0.999978
1.264,8.9e-05,0.999911
1.264,0.001,0.999
1.264,7.8e-05,0.999922
1.264,0.000154,0.999846
1.264,0.000187,0.999813
1.264,3.5e-05,0.999965
1.264,6.6e-05,0.999934
1.264,0.003026,0.996974
1.264,0.000115,0.999885
1.264,6.4e-05,0.999936
1.264,0.00037,0.99963
1.264,8e-05,0.99992
1.264,6.2e-05,0.999938
1.264,5.4e-05,0.999946
1.264,5.6e-05,0.999944
1.264,4.8e-05,0.999952
1.264,1.9e-05,0.999981
1.264,3.1e-05,0.999968
1.264,0.000172,0.999828
1.264,3.8e-05,0.999962
1.264,3.6e-05,0.999964
1.264,0.000175,0.999825
1.264,0.000902,0.999098
1.264,0.000908,0.999092
1.264,8e-05,0.99992
1.264,6.1e-05,0.999939
1.264,6.7e-05,0.999932
1.264,4.4e-05,0.999956
1.264,7e-05,0.99993
1.264,8.1e-05,0.999919
1.264,3.5e-05,0.999965
1.264,4.5e-05,0.999955
1.264,6.5e-05,0.999935
1.264,0.000283,0.999717
1.264,0.000105,0.999895
1.264,8.7e-05,0.999913
1.264,9.8e-05,0.999902
1.264,9.8e-05,0.999902
1.264,3.8e-05,0.999962
1.264,0.000198,0.999802
1.264,0.000273,0.999727
1.264,0.000239,0.999761
1.264,4.8e-05,0.999952
1.264,9.8e-05,0.999902
1.264,5.2e-05,0.999948
1.264,4.3e-05,0.999957
1.264,2.5e-05,0.999975
1.264,8.5e-05,0.999916
1.264,3.1e-05,0.999968
1.264,0.001273,0.998727
1.264,3.2e-05,0.999968
1.264,6e-05,0.99994
1.264,9.3e-05,0.999907
1.264,3.2e-05,0.999968
1.264,7.2e-05,0.999928
1.264,5.3e-05,0.999947
1.264,2.6e-05,0.999974
1.264,4.6e-05,0.999954
1.264,0.000256,0.999744
1.264,0.000118,0.999882
1.264,3.8e-05,0.999962
1.264,5.5e-05,0.999945
1.264,0.000244,0.999756
1.264,0.000138,0.999862
1.264,7.1e-05,0.999929
1.264,7.2e-05,0.999928
1.264,0.000129,0.999871
1.264,0.000443,0.999557
1.264,1e-04,0.9999
1.264,3.3e-05,0.999967
1.264,7.4e-05,0.999926
1.264,0.000672,0.999328
1.264,2.7e-05,0.999973
1.264,0.000148,0.999852
1.264,2.4e-05,0.999976
1.264,6.1e-05,0.999939
1.264,0.000117,0.999883
1.264,2.3e-05,0.999978
1.264,0.000153,0.999847
1.264,4e-05,0.99996
1.277,4.2e-05,0.999958
1.277,4.6e-05,0.999954
1.277,6.5e-05,0.999935
1.277,0.001168,0.998832
1.277,2.5e-05,0.999975
1.277,0.00063,0.99937
1.277,6.5e-05,0.999935
1.277,4.3e-05,0.999957
1.277,3.4e-05,0.999966
1.277,0.000212,0.999788
1.277,6.2e-05,0.999938
1.277,0.000103,0.999897
1.277,6.2e-05,0.999938
1.277,0.000476,0.999524
1.277,6.3e-05,0.999937
1.277,4.7e-05,0.999953
1.277,5.9e-05,0.999941
1.277,0.001609,0.998391
1.277,6.2e-05,0.999938
1.277,7.7e-05,0.999922
1.277,3.2e-05,0.999968
1.277,0.000356,0.999644
1.277,3.3e-05,0.999967
1.277,3.1e-05,0.999969
1.277,4e-05,0.99996
1.277,3.7e-05,0.999963
1.277,0.000168,0.999832
1.277,0.001053,0.998947
1.277,6.7e-05,0.999933
1.277,0.000206,0.999794
1.277,0.000332,0.999668
1.277,3.8e-05,0.999962
1.277,3.6e-05,0.999964
1.277,0.00018,0.99982
1.277,0.000337,0.999663
1.277,0.000301,0.999699
1.277,8.4e-05,0.999916
1.277,4.1e-05,0.999959
1.277,9.9e-05,0.999901
1.277,5.9e-05,0.999941
1.277,0.000139,0.999861
1.277,3.2e-05,0.999968
1.277,7.6e-05,0.999924
1.277,5.3e-05,0.999947
1.277,6e-05,0.99994
1.277,0.000826,0.999174
1.277,8.3e-05,0.999918
1.277,7.7e-05,0.999922
1.277,5e-05,0.99995
1.277,0.00012,0.99988
1.277,0.000601,0.999399
1.277,0.002534,0.997466
1.277,4.7e-05,0.999953
1.277,4.1e-05,0.999959
1.277,4.3e-05,0.999957
1.277,7.8e-05,0.999922
1.277,6.6e-05,0.999934
1.277,0.000154,0.999846
1.277,3.2e-05,0.999968
1.277,8.5e-05,0.999915
1.277,9e-05,0.99991
1.277,0.000125,0.999875
1.277,7.3e-05,0.999927
1.277,3.9e-05,0.999961
1.277,6.6e-05,0.999934
1.277,0.000145,0.999855
1.277,5.3e-05,0.999947
1.277,0.001301,0.998699
1.277,5.3e-05,0.999947
1.277,9.1e-05,0.999909
1.277,0.00011,0.99989
1.277,5e-05,0.99995
1.277,4.8e-05,0.999952
1.277,4.4e-05,0.999956
1.277,5.5e-05,0.999945
1.277,5.1e-05,0.999949
1.277,0.000261,0.999739
1.277,0.000545,0.999455
1.277,0.000122,0.999878
1.277,3.6e-05,0.999964
1.277,0.000132,0.999868
1.277,5.6e-05,0.999944
1.277,3.1e-05,0.999969
1.277,0.000106,0.999894
1.277,0.000878,0.999122
1.277,7.3e-05,0.999927
1.277,6.3e-05,0.999937
1.277,4.8e-05,0.999952
1.277,7.8e-05,0.999922
1.277,5.2e-05,0.999948
1.277,0.000554,0.999446
1.277,4.3e-05,0.999957
1.277,4.7e-05,0.999953
1.277,4.1e-05,0.999959
1.277,0.000213,0.999787
1.277,0.000115,0.999885
1.277,6.7e-05,0.999933
1.277,0.000188,0.999812
1.277,6e-05,0.99994
1.277,0.000278,0.999722
1.277,0.002676,0.997324
1.289,6.1e-05,0.999939
1.289,0.000153,0.999847
1.289,6.8e-05,0.999932
1.289,0.000237,0.999763
1.289,0.00024,0.99976
1.289,7.4e-05,0.999926
1.289,0.000204,0.999796
1.289,0.00019,0.99981
1.289,0.000104,0.999896
1.289,3.4e-05,0.999966
1.289,0.000188,0.999812
1.289,0.000364,0.999636
1.289,6e-05,0.99994
1.289,0.003024,0.996976
1.289,5.3e-05,0.999947
1.289,0.000146,0.999854
1.289,2.9e-05,0.999971
1.289,5e-05,0.99995
1.289,0.000141,0.999858
1.289,0.000174,0.999826
1.289,9.9e-05,0.999901
1.289,2.2e-05,0.999978
1.289,5.1e-05,0.999949
1.289,1.9e-05,0.999981
1.289,0.000491,0.999509
1.289,4e-05,0.99996
1.289,6.2e-05,0.999938
1.289,4.2e-05,0.999958
1.289,4e-05,0.99996
1.289,3.6e-05,0.999964
1.289,5.8e-05,0.999942
1.289,7e-05,0.99993
1.289,5.1e-05,0.999949
1.289,0.00025,0.99975
1.289,0.00051,0.99949
1.289,0.000271,0.999729
1.289,2.8e-05,0.999972
1.289,0.000123,0.999877
1.289,0.000106,0.999894
1.289,0.003568,0.996432
1.289,2.4e-05,0.999976
1.289,0.000304,0.999696
1.289,5.1e-05,0.999948
1.289,5.1e-05,0.999949
1.289,4.1e-05,0.999959
1.289,4.7e-05,0.999953
1.289,0.000219,0.999781
1.289,0.000158,0.999842
1.289,0.000138,0.999862
1.289,2.4e-05,0.999976
1.289,4.6e-05,0.999954
1.289,8.6e-05,0.999914
1.289,0.000192,0.999808
1.289,4.3e-05,0.999957
1.289,0.000119,0.999881
1.289,0.00014,0.99986
1.289,2.3e-05,0.999977
1.289,7.9e-05,0.999921
1.289,3.5e-05,0.999966
1.289,3.3e-05,0.999967
1.289,3.4e-05,0.999966
1.289,2.9e-05,0.999971
1.289,9e-05,0.99991
1.289,3.9e-05,0.999961
1.289,0.000143,0.999857
1.289,7.8e-05,0.999922
1.289,0.000189,0.999811
1.289,6e-05,0.99994
1.289,0.000183,0.999817
1.289,0.000153,0.999847
1.289,2.5e-05,0.999975
1.289,7.9e-05,0.999921
1.289,0.000815,0.999185
1.289,0.000139,0.999861
1.289,4.9e-05,0.999951
1.289,2.6e-05,0.999974
1.289,4.4e-05,0.999956
1.289,3.3e-05,0.999967
1.289,2.4e-05,0.999976
1.289,5.3e-05,0.999947
1.289,5.9e-05,0.999941
1.289,3.6e-05,0.999964
1.289,2e-05,0.99998
1.289,4.4e-05,0.999956
1.289,4.4e-05,0.999956
1.289,5.8e-05,0.999942
1.289,9.2e-05,0.999908
1.289,5.4e-05,0.999946
1.289,8.4e-05,0.999916
1.289,0.000402,0.999598
1.289,0.000116,0.999884
1.289,5.1e-05,0.999949
1.289,6.1e-05,0.999939
1.289,3.2e-05,0.999968
1.289,0.000413,0.999588
1.289,3.1e-05,0.999969
1.289,9.6e-05,0.999904
1.289,3.5e-05,0.999965
1.289,3.8e-05,0.999962
1.289,0.000158,0.999842
1.289,6e-05,0.99994
1.301,0.00018,0.99982
1.301,1.8e-05,0.999982
1.301,2.2e-05,0.999978
1.301,2.4e-05,0.999976
1.301,0.000316,0.999684
1.301,0.000189,0.999811
1.301,0.000132,0.999868
1.301,5.5e-05,0.999945
1.301,4.1e-05,0.999959
1.301,0.000163,0.999837
1.301,9e-05,0.99991
1.301,4.4e-05,0.999956
1.301,6.7e-05,0.999933
1.301,3.5e-05,0.999965
1.301,2.5e-05,0.999975
1.301,5e-05,0.99995
1.301,5.4e-05,0.999946
1.301,5.4e-05,0.999946
1.301,3.1e-05,0.999969
1.301,5.7e-05,0.999943
1.301,9e-05,0.99991
1.301,0.000107,0.999893
1.301,9.6e-05,0.999904
1.301,0.000313,0.999687
1.301,5.6e-05,0.999944
1.301,3e-05,0.99997
1.301,3.2e-05,0.999968
1.301,4.5e-05,0.999955
1.301,0.00011,0.99989
1.301,3.5e-05,0.999965
1.301,0.000204,0.999797
1.301,6.2e-05,0.999938
1.301,2.1e-05,0.999979
1.301,0.000238,0.999762
1.301,6.3e-05,0.999937
1.301,0.000267,0.999733
1.301,3.4e-05,0.999966
1.301,5.2e-05,0.999948
1.301,0.000147,0.999853
1.301,0.000126,0.999874
1.301,0.000278,0.999722
1.301,4.6e-05,0.999954
1.301,3.1e-05,0.999969
1.301,3.2e-05,0.999968
1.301,4.5e-05,0.999955
1.301,4.6e-05,0.999954
1.301,5.6e-05,0.999944
1.301,5.4e-05,0.999946
1.301,3.5e-05,0.999964
1.301,3.3e-05,0.999967
1.301,4.3e-05,0.999957
1.301,6.1e-05,0.999939
1.301,0.001624,0.998376
1.301,0.00271,0.99729
1.301,3.4e-05,0.999966
1.301,8e-05,0.99992
1.301,5.1e-05,0.999949
1.301,1.9e-05,0.999981
1.301,5.4e-05,0.999946
1.301,0.000157,0.999843
1.301,4e-05,0.99996
1.301,6.5e-05,0.999935
1.301,3.5e-05,0.999965
1.301,3.2e-05,0.999968
1.301,2.8e-05,0.999972
1.301,0.000125,0.999875
1.301,0.000103,0.999897
1.301,4.1e-05,0.999959
1.301,0.000118,0.999882
1.301,2e-05,0.99998
1.301,2.4e-05,0.999976
1.301,0.000814,0.999186
1.301,0.001031,0.998968
1.301,0.000231,0.999769
1.301,3.4e-05,0.999966
1.301,3e-05,0.99997
1.301,3e-05,0.99997
1.301,2.2e-05,0.999978
1.301,4e-05,0.99996
1.301,0.000112,0.999888
1.301,8.7e-05,0.999913
1.301,5.6e-05,0.999944
1.301,6.3e-05,0.999937
1.301,0.000114,0.999886
1.301,3.3e-05,0.999967
1.301,0.000142,0.999858
1.301,3.8e-05,0.999962
1.301,2.7e-05,0.999973
1.301,4.2e-05,0.999958
1.301,7.7e-05,0.999923
1.301,0.000114,0.999886
1.301,0.001404,0.998596
1.301,4.7e-05,0.999953
1.301,0.000299,0.999701
1.301,4.5e-05,0.999955
1.301,4.9e-05,0.99995
1.301,3.4e-05,0.999966
1.301,2e-05,0.99998
1.301,4.9e-05,0.999951
1.301,0.000232,0.999768
1.301,4.6e-05,0.999954
1.313,8.5e-05,0.999915
1.313,0.000909,0.999091
1.313,6.3e-05,0.999937
1.313,0.000123,0.999877
1.313,3.4e-05,0.999966
1.313,4.6e-05,0.999954
1.313,0.000233,0.999767
1.313,0.000246,0.999754
1.313,6.1e-05,0.999939
1.313,2.4e-05,0.999976
1.313,9.8e-05,0.999902
1.313,5.9e-05,0.999941
1.313,2.6e-05,0.999974
1.313,2.5e-05,0.999975
1.313,6.2e-05,0.999938
1.313,0.000346,0.999654
1.313,3.1e-05,0.99997
1.313,4.8e-05,0.999952
1.313,0.000146,0.999854
1.313,4.8e-05,0.999952
1.313,2e-05,0.99998
1.313,0.000107,0.999893
1.313,0.000171,0.999829
1.313,6e-05,0.99994
1.313,2.2e-05,0.999978
1.313,3.7e-05,0.999963
1.313,2.9e-05,0.999971
1.313,7.3e-05,0.999927
1.313,0.000111,0.999889
1.313,0.000284,0.999716
1.313,5.7e-05,0.999943
1.313,5.3e-05,0.999947
1.313,5.2e-05,0.999948
1.313,4.5e-05,0.999955
1.313,0.000149,0.999851
1.313,4.4e-05,0.999956
1.313,0.0002,0.9998
1.313,6e-05,0.99994
1.313,1.6e-05,0.999984
1.313,9.7e-05,0.999903
1.313,1.8e-05,0.999982
1.313,5.5e-05,0.999945
1.313,2.7e-05,0.999973
1.313,0.000121,0.999879
1.313,6.8e-05,0.999932
1.313,3.8e-05,0.999962
1.313,3.2e-05,0.999968
1.313,3.3e-05,0.999967
1.313,3.6e-05,0.999964
1.313,4.7e-05,0.999953
1.313,7.2e-05,0.999928
1.313,1.5e-05,0.999985
1.313,0.000172,0.999828
1.313,4e-05,0.99996
1.313,5.4e-05,0.999946
1.313,5.1e-05,0.999949
1.313,5.3e-05,0.999947
1.313,7.7e-05,0.999923
1.313,3e-05,0.99997
1.313,3e-05,0.99997
1.313,5.2e-05,0.999948
1.313,3.9e-05,0.999961
1.313,2e-05,0.99998
1.313,6.6e-05,0.999934
1.313,3.6e-05,0.999964
1.313,0.001369,0.998631
1.313,0.000131,0.999869
1.313,0.000152,0.999848
1.313,2.9e-05,0.999971
1.313,1.9e-05,0.999981
1.313,3e-05,0.99997
1.313,2.1e-05,0.999979
1.313,5.1e-05,0.999949
1.313,4.4e-05,0.999956
1.313,3.2e-05,0.999968
1.313,3.3e-05,0.999967
1.313,5.1e-05,0.999949
1.313,4.1e-05,0.999959
1.313,0.00015,0.99985
1.313,0.000779,0.999221
1.313,7.1e-05,0.999929
1.313,4e-05,0.99996
1.313,5.7e-05,0.999943
1.313,0.000107,0.999893
1.313,4.8e-05,0.999952
1.313,0.000159,0.999841
1.313,0.000118,0.999882
1.313,0.000104,0.999896
1.313,5.1e-05,0.999949
1.313,5.4e-05,0.999946
1.313,5.5e-05,0.999945
1.313,3.3e-05,0.999967
1.313,4e-05,0.99996
1.313,2.4e-05,0.999976
1.313,4.5e-05,0.999955
1.313,2.4e-05,0.999976
1.313,3e-05,0.99997
1.313,2.4e-05,0.999976
1.313,5.2e-05,0.999948
1.313,6.9e-05,0.999931
1.313,3.4e-05,0.999966
1.326,3.6e-05,0.999964
1.326,4.2e-05,0.999958
1.326,0.000119,0.999881
1.326,6.1e-05,0.999939
1.326,2.8e-05,0.999972
1.326,0.000127,0.999873
1.326,8.9e-05,0.999911
1.326,6.2e-05,0.999938
1.326,5e-05,0.99995
1.326,2.4e-05,0.999976
1.326,3.1e-05,0.999969
1.326,4.8e-05,0.999952
1.326,3.4e-05,0.999966
1.326,4.2e-05,0.999958
1.326,7.1e-05,0.999928
1.326,3.4e-05,0.999966
1.326,6.5e-05,0.999935
1.326,3.2e-05,0.999968
1.326,3e-05,0.99997
1.326,4e-05,0.99996
1.326,3.1e-05,0.999969
1.326,3.1e-05,0.999969
1.326,3.4e-05,0.999966
1.326,1.8e-05,0.999982
1.326,5.3e-05,0.999947
1.326,3.5e-05,0.999965
1.326,2.3e-05,0.999977
1.326,0.000616,0.999384
1.326,0.000341,0.999659
1.326,3.6e-05,0.999964
1.326,6.9e-05,0.999931
1.326,2.8e-05,0.999972
1.326,3.9e-05,0.999961
1.326,3.8e-05,0.999962
1.326,7.4e-05,0.999926
1.326,3.6e-05,0.999964
1.326,0.000161,0.999839
1.326,2.6e-05,0.999974
1.326,3.6e-05,0.999964
1.326,4.8e-05,0.999952
1.326,2.5e-05,0.999974
1.326,5.9e-05,0.999941
1.326,2.8e-05,0.999972
1.326,0.000128,0.999872
1.326,6.5e-05,0.999935
1.326,6.1e-05,0.999939
1.326,8e-05,0.99992
1.326,2.2e-05,0.999978
1.326,0.000178,0.999822
1.326,0.000507,0.999493
1.326,5.9e-05,0.999941
1.326,4.7e-05,0.999953
1.326,0.000105,0.999895
1.326,2.5e-05,0.999975
1.326,5.1e-05,0.999949
1.326,0.000106,0.999894
1.326,0.000302,0.999698
1.326,4.1e-05,0.99996
1.326,3.4e-05,0.999966
1.326,3.2e-05,0.999968
1.326,0.000469,0.999531
1.326,6.5e-05,0.999935
1.326,0.000135,0.999865
1.326,0.000432,0.999568
1.326,2.1e-05,0.999979
1.326,0.000107,0.999893
1.326,4.7e-05,0.999954
1.326,0.000403,0.999597
1.326,9.2e-05,0.999908
1.326,5.9e-05,0.999941
1.326,4.6e-05,0.999954
1.326,2.7e-05,0.999973
1.326,4.5e-05,0.999955
1.326,7.6e-05,0.999924
1.326,2.2e-05,0.999978
1.326,4.5e-05,0.999955
1.326,1.5e-05,0.999984
1.326,0.000536,0.999464
1.326,2.8e-05,0.999972
1.326,4.6e-05,0.999954
1.326,2.8e-05,0.999972
1.326,3.5e-05,0.999965
1.326,0.000165,0.999835
1.326,4.9e-05,0.999951
1.326,2.1e-05,0.999979
1.326,8.1e-05,0.999919
1.326,0.000207,0.999793
1.326,7.1e-05,0.999929
1.326,4.8e-05,0.999952
1.326,1.7e-05,0.999983
1.326,2.3e-05,0.999977
1.326,0.000169,0.999831
1.326,5.5e-05,0.999945
1.326,0.000105,0.999895
1.326,2.2e-05,0.999979
1.326,2.6e-05,0.999974
1.326,6.5e-05,0.999935
1.326,4.8e-05,0.999952
1.326,4.4e-05,0.999956
1.326,5.5e-05,0.999945
1.326,5.4e-05,0.999946
1.338,0.000152,0.999848
1.338,9.3e-05,0.999907
1.338,0.000589,0.999411
1.338,2.6e-05,0.999974
1.338,2.3e-05,0.999977
1.338,3.8e-05,0.999962
1.338,4.7e-05,0.999953
1.338,6.1e-05,0.999939
1.338,3.4e-05,0.999966
1.338,9.2e-05,0.999908
1.338,0.000153,0.999847
1.338,9.2e-05,0.999908
1.338,0.000285,0.999715
1.338,0.000127,0.999873
1.338,5.5e-05,0.999945
1.338,2.2e-05,0.999978
1.338,3.4e-05,0.999966
1.338,4.5e-05,0.999955
1.338,2.1e-05,0.999979
1.338,2.9e-05,0.999971
1.338,2.9e-05,0.999971
1.338,2.3e-05,0.999977
1.338,4.4e-05,0.999956
1.338,4.2e-05,0.999958
1.338,3.3e-05,0.999967
1.338,9.3e-05,0.999907
1.338,2.4e-05,0.999976
1.338,5.1e-05,0.999949
1.338,3.8e-05,0.999962
1.338,1.3e-05,0.999987
1.338,6.8e-05,0.999931
1.338,1.9e-05,0.999981
1.338,8.2e-05,0.999918
1.338,3.4e-05,0.999966
1.338,8.1e-05,0.999919
1.338,2.2e-05,0.999978
1.338,5.1e-05,0.999949
1.338,3.8e-05,0.999962
1.338,5.9e-05,0.999941
1.338,2e-05,0.99998
1.338,2.8e-05,0.999972
1.338,4.9e-05,0.999952
1.338,2.5e-05,0.999975
1.338,0.000497,0.999503
1.338,0.000193,0.999807
1.338,4.1e-05,0.999959
1.338,5.3e-05,0.999947
1.338,4.3e-05,0.999957
1.338,2.7e-05,0.999973
1.338,8.5e-05,0.999915
1.338,3.6e-05,0.999964
1.338,0.000109,0.999891
1.338,4e-05,0.99996
1.338,9.8e-05,0.999902
1.338,7.5e-05,0.999925
1.338,5.3e-05,0.999947
1.338,3.9e-05,0.999961
1.338,0.000105,0.999894
1.338,9.4e-05,0.999906
1.338,0.00016,0.99984
1.338,3.7e-05,0.999963
1.338,2.8e-05,0.999972
1.338,4.3e-05,0.999957
1.338,5.1e-05,0.999949
1.338,2.2e-05,0.999978
1.338,2.5e-05,0.999975
1.338,2.4e-05,0.999976
1.338,0.000195,0.999805
1.338,3.4e-05,0.999966
1.338,0.000109,0.999891
1.338,5.8e-05,0.999942
1.338,2.5e-05,0.999975
1.338,4.5e-05,0.999955
1.338,5.3e-05,0.999947
1.338,0.000273,0.999727
1.338,0.000138,0.999862
1.338,2.4e-05,0.999976
1.338,0.000206,0.999795
1.338,3e-05,0.99997
1.338,5.4e-05,0.999946
1.338,7.1e-05,0.999929
1.338,3.6e-05,0.999964
1.338,4.3e-05,0.999956
1.338,3.5e-05,0.999965
1.338,3.2e-05,0.999968
1.338,6.9e-05,0.99993
1.338,0.000152,0.999848
1.338,4.2e-05,0.999958
1.338,0.000125,0.999875
1.338,1.7e-05,0.999983
1.338,3.6e-05,0.999964
1.338,3.3e-05,0.999967
1.338,0.000121,0.999879
1.338,2.2e-05,0.999978
1.338,8.6e-05,0.999914
1.338,2.9e-05,0.999971
1.338,1.3e-05,0.999987
1.338,9.3e-05,0.999907
1.338,2.3e-05,0.999977
1.338,5e-05,0.99995
1.338,7.5e-05,0.999925
1.350,3.3e-05,0.999967
1.350,9.4e-05,0.999906
1.350,8.1e-05,0.999919
1.350,1.9e-05,0.999981
1.350,3.3e-05,0.999967
1.350,3.3e-05,0.999967
1.350,1.5e-05,0.999985
1.350,6.8e-05,0.999932
1.350,4.5e-05,0.999955
1.350,1.9e-05,0.999981
1.350,2.7e-05,0.999973
1.350,2.5e-05,0.999975
1.350,3.3e-05,0.999967
1.350,9.3e-05,0.999907
1.350,1.3e-05,0.999987
1.350,0.000112,0.999888
1.350,6.5e-05,0.999935
1.350,6.3e-05,0.999937
1.350,6.3e-05,0.999937
1.350,6.4e-05,0.999936
1.350,7e-05,0.99993
1.350,3e-05,0.99997
1.350,6.8e-05,0.999932
1.350,2.4e-05,0.999976
1.350,5.8e-05,0.999942
1.350,2.3e-05,0.999977
1.350,0.000133,0.999867
1.350,3.2e-05,0.999968
1.350,3.5e-05,0.999965
1.350,0.000141,0.999859
1.350,7.1e-05,0.999929
1.350,3.3e-05,0.999967
1.350,3.3e-05,0.999966
1.350,4.4e-05,0.999956
1.350,6.7e-05,0.999933
1.350,2.6e-05,0.999974
1.350,3.9e-05,0.999961
1.350,4.2e-05,0.999958
1.350,3.5e-05,0.999965
1.350,2e-05,0.99998
1.350,7.3e-05,0.999927
1.350,2.4e-05,0.999976
1.350,5e-05,0.99995
1.350,4e-05,0.99996
1.350,7.2e-05,0.999928
1.350,0.000103,0.999897
1.350,3.2e-05,0.999968
1.350,4e-05,0.99996
1.350,5.2e-05,0.999948
1.350,0.000113,0.999887
1.350,8e-05,0.99992
1.350,3.2e-05,0.999968
1.350,5.2e-05,0.999948
1.350,3e-05,0.99997
1.350,3.1e-05,0.999969
1.350,2.3e-05,0.999977
1.350,8.4e-05,0.999916
1.350,3.3e-05,0.999967
1.350,2.6e-05,0.999974
1.350,3.8e-05,0.999962
1.350,3.3e-05,0.999967
1.350,0.000105,0.999895
1.350,3.8e-05,0.999962
1.350,6.5e-05,0.999935
1.350,3.1e-05,0.999969
1.350,3.1e-05,0.999969
1.350,1e-05,0.99999
1.350,3.3e-05,0.999967
1.350,2.3e-05,0.999977
1.350,3.6e-05,0.999964
1.350,3e-05,0.99997
1.350,3.7e-05,0.999962
1.350,2.8e-05,0.999972
1.350,2.2e-05,0.999978
1.350,1.8e-05,0.999982
1.350,4.3e-05,0.999957
1.350,0.00012,0.99988
1.350,3.2e-05,0.999968
1.350,8.8e-05,0.999912
1.350,4.2e-05,0.999958
1.350,0.000377,0.999623
1.350,3.9e-05,0.999961
1.350,3.4e-05,0.999966
1.350,4.8e-05,0.999952
1.350,6.2e-05,0.999938
1.350,0.000126,0.999874
1.350,2.5e-05,0.999975
1.350,4.9e-05,0.999951
1.350,0.000363,0.999637
1.350,6.9e-05,0.999931
1.350,2.9e-05,0.999971
1.350,0.000101,0.999899
1.350,2.6e-05,0.999974
1.350,3.5e-05,0.999965
1.350,0.000274,0.999726
1.350,1.8e-05,0.999982
1.350,3.5e-05,0.999965
1.350,9.5e-05,0.999905
1.350,3.8e-05,0.999962
1.350,1.9e-05,0.999981
1.350,1.4e-05,0.999986
