T_BKT,ordered_probability,amorphous_probability
0.5685276268804424,0.963729,0.036271
0.5685276268804424,0.999789,0.000211
0.5685276268804424,0.999989,1.1e-05
0.5685276268804424,0.99975,0.00025
0.5685276268804424,0.998161,0.001839
0.5685276268804424,0.999616,0.000384
0.5685276268804424,0.999945,5.5e-05
0.5685276268804424,0.977003,0.022997
0.5685276268804424,0.999898,0.000102
0.5685276268804424,0.999986,1.4e-05
0.5685276268804424,0.999168,0.000832
0.5685276268804424,0.999361,0.000639
0.5685276268804424,0.997548,0.002452
0.5685276268804424,0.999959,4.1e-05
0.5685276268804424,0.999959,4.1e-05
0.5685276268804424,0.998468,0.001532
0.5685276268804424,0.994315,0.005685
0.5685276268804424,0.999976,2.4e-05
0.5685276268804424,0.999989,1.1e-05
0.5685276268804424,0.999984,1.6e-05
0.5685276268804424,0.99999,1e-05
0.5685276268804424,0.999381,0.000619
0.5685276268804424,0.999777,0.000223
0.5685276268804424,0.958938,0.041062
0.5685276268804424,0.99999,1e-05
0.5685276268804424,0.960049,0.039951
0.5685276268804424,0.999931,6.9e-05
0.5685276268804424,0.999704,0.000296
0.5685276268804424,0.997824,0.002176
0.5685276268804424,0.998799,0.001201
0.5685276268804424,0.997803,0.002197
0.5685276268804424,0.904749,0.095251
0.5685276268804424,0.998614,0.001386
0.5685276268804424,0.999982,1.8e-05
0.5685276268804424,0.999988,1.2e-05
0.5685276268804424,0.999983,1.7e-05
0.5685276268804424,0.996913,0.003087
0.5685276268804424,0.999958,4.2e-05
0.5685276268804424,0.999984,1.6e-05
0.5685276268804424,0.993269,0.006731
0.5685276268804424,0.996779,0.003221
0.5685276268804424,0.999987,1.3e-05
0.5685276268804424,0.999989,1.1e-05
0.5685276268804424,0.997604,0.002396
0.5685276268804424,0.999953,4.7e-05
0.5685276268804424,0.999965,3.5e-05
0.5685276268804424,0.999986,1.4e-05
0.5685276268804424,0.915112,0.084889
0.5685276268804424,0.999141,0.000859
0.5685276268804424,0.998997,0.001003
0.5685276268804424,0.999987,1.3e-05
0.5685276268804424,0.999018,0.000982
0.5685276268804424,0.999826,0.000174
0.5685276268804424,0.999979,2.1e-05
0.5685276268804424,0.997982,0.002018
0.5685276268804424,0.99999,1e-05
0.5685276268804424,0.999412,0.000588
0.5685276268804424,0.999981,1.9e-05
0.5685276268804424,0.99922,0.00078
0.5685276268804424,0.999858,0.000142
0.5685276268804424,0.989869,0.010131
0.5685276268804424,0.999743,0.000257
0.5685276268804424,0.999964,3.6e-05
0.5685276268804424,0.999959,4.1e-05
0.5685276268804424,0.999972,2.8e-05
0.5685276268804424,0.999721,0.000279
0.5685276268804424,0.999967,3.2e-05
0.5685276268804424,0.999964,3.6e-05
0.5685276268804424,0.999986,1.4e-05
0.5685276268804424,0.997878,0.002122
0.5685276268804424,0.99999,1e-05
0.5685276268804424,0.999881,0.000119
0.5685276268804424,0.999286,0.000714
0.5685276268804424,0.999886,0.000114
0.5685276268804424,0.999784,0.000216
0.5685276268804424,0.999882,0.000118
0.5685276268804424,0.994171,0.005829
0.5685276268804424,0.997746,0.002254
0.5685276268804424,0.999957,4.3e-05
0.5685276268804424,0.999981,1.9e-05
0.5685276268804424,0.999976,2.4e-05
0.5685276268804424,0.999888,0.000112
0.5685276268804424,0.999889,0.000111
0.5685276268804424,0.999989,1.1e-05
0.5685276268804424,0.999987,1.3e-05
0.5685276268804424,0.999991,9e-06
0.5685276268804424,0.990412,0.009588
0.5685276268804424,0.999152,0.000848
0.5685276268804424,0.999285,0.000715
0.5685276268804424,0.994221,0.005779
0.5685276268804424,0.999702,0.000298
0.5685276268804424,0.999989,1.1e-05
0.5685276268804424,0.999954,4.6e-05
0.5685276268804424,0.999189,0.000811
0.5685276268804424,0.999408,0.000592
0.5685276268804424,0.999985,1.5e-05
0.5685276268804424,0.999989,1.1e-05
0.5685276268804424,0.998283,0.001717
0.5685276268804424,0.999972,2.8e-05
0.5685276268804424,0.999952,4.8e-05
0.5745276268804425,0.999942,5.8e-05
0.5745276268804425,0.999942,5.8e-05
0.5745276268804425,0.999985,1.5e-05
0.5745276268804425,0.999987,1.3e-05
0.5745276268804425,0.999962,3.8e-05
0.5745276268804425,0.999954,4.6e-05
0.5745276268804425,0.99991,9e-05
0.5745276268804425,0.998714,0.001286
0.5745276268804425,0.999537,0.000463
0.5745276268804425,0.999981,1.9e-05
0.5745276268804425,0.999966,3.4e-05
0.5745276268804425,0.999985,1.5e-05
0.5745276268804425,0.999991,9e-06
0.5745276268804425,0.999972,2.8e-05
0.5745276268804425,0.999989,1.1e-05
0.5745276268804425,0.999978,2.2e-05
0.5745276268804425,0.999804,0.000196
0.5745276268804425,0.999192,0.000808
0.5745276268804425,0.999876,0.000124
0.5745276268804425,0.987054,0.012946
0.5745276268804425,0.999442,0.000558
0.5745276268804425,0.999988,1.2e-05
0.5745276268804425,0.999968,3.1e-05
0.5745276268804425,0.999451,0.000549
0.5745276268804425,0.997986,0.002014
0.5745276268804425,0.999981,1.9e-05
0.5745276268804425,0.999759,0.000241
0.5745276268804425,0.999489,0.000511
0.5745276268804425,0.999976,2.4e-05
0.5745276268804425,0.998106,0.001894
0.5745276268804425,0.999976,2.4e-05
0.5745276268804425,0.999825,0.000175
0.5745276268804425,0.999866,0.000133
0.5745276268804425,0.999902,9.8e-05
0.5745276268804425,0.999811,0.000189
0.5745276268804425,0.998462,0.001538
0.5745276268804425,0.975838,0.024162
0.5745276268804425,0.999941,5.9e-05
0.5745276268804425,0.999959,4.1e-05
0.5745276268804425,0.999949,5.1e-05
0.5745276268804425,0.999454,0.000546
0.5745276268804425,0.99988,0.00012
0.5745276268804425,0.999741,0.000259
0.5745276268804425,0.999763,0.000237
0.5745276268804425,0.997812,0.002188
0.5745276268804425,0.999243,0.000757
0.5745276268804425,0.999984,1.6e-05
0.5745276268804425,0.999895,0.000105
0.5745276268804425,0.999981,1.9e-05
0.5745276268804425,0.999936,6.5e-05
0.5745276268804425,0.999791,0.000209
0.5745276268804425,0.998011,0.001989
0.5745276268804425,0.9999,0.0001
0.5745276268804425,0.999554,0.000446
0.5745276268804425,0.999724,0.000276
0.5745276268804425,0.999901,9.9e-05
0.5745276268804425,0.999891,0.000109
0.5745276268804425,0.999516,0.000484
0.5745276268804425,0.999978,2.2e-05
0.5745276268804425,0.999468,0.000531
0.5745276268804425,0.99996,4e-05
0.5745276268804425,0.999988,1.2e-05
0.5745276268804425,0.99999,1e-05
0.5745276268804425,0.999976,2.4e-05
0.5745276268804425,0.998791,0.001209
0.5745276268804425,0.999257,0.000743
0.5745276268804425,0.983616,0.016384
0.5745276268804425,0.999535,0.000465
0.5745276268804425,0.99996,4e-05
0.5745276268804425,0.999579,0.000421
0.5745276268804425,0.999349,0.000651
0.5745276268804425,0.998873,0.001127
0.5745276268804425,0.999752,0.000248
0.5745276268804425,0.998574,0.001425
0.5745276268804425,0.999985,1.5e-05
0.5745276268804425,0.999781,0.000219
0.5745276268804425,0.999989,1.1e-05
0.5745276268804425,0.999507,0.000493
0.5745276268804425,0.999988,1.2e-05
0.5745276268804425,0.999851,0.000149
0.5745276268804425,0.999535,0.000465
0.5745276268804425,0.99999,1e-05
0.5745276268804425,0.999978,2.2e-05
0.5745276268804425,0.995551,0.004449
0.5745276268804425,0.999953,4.7e-05
0.5745276268804425,0.998293,0.001707
0.5745276268804425,0.999964,3.6e-05
0.5745276268804425,0.999971,2.9e-05
0.5745276268804425,0.971726,0.028274
0.5745276268804425,0.941245,0.058755
0.5745276268804425,0.999953,4.7e-05
0.5745276268804425,0.999826,0.000175
0.5745276268804425,0.99995,5e-05
0.5745276268804425,0.999591,0.000409
0.5745276268804425,0.999917,8.3e-05
0.5745276268804425,0.99999,1e-05
0.5745276268804425,0.999973,2.7e-05
0.5745276268804425,0.999986,1.4e-05
0.5745276268804425,0.999987,1.3e-05
0.5745276268804425,0.999956,4.4e-05
0.5805276268804425,0.999986,1.4e-05
0.5805276268804425,0.999987,1.3e-05
0.5805276268804425,0.999979,2.1e-05
0.5805276268804425,0.999817,0.000183
0.5805276268804425,0.895214,0.104787
0.5805276268804425,0.997527,0.002473
0.5805276268804425,0.999199,0.000801
0.5805276268804425,0.988609,0.011391
0.5805276268804425,0.999986,1.4e-05
0.5805276268804425,0.999639,0.000361
0.5805276268804425,0.999975,2.5e-05
0.5805276268804425,0.982137,0.017863
0.5805276268804425,0.99999,1e-05
0.5805276268804425,0.999849,0.00015
0.5805276268804425,0.99999,1e-05
0.5805276268804425,0.99999,1e-05
0.5805276268804425,0.999681,0.000319
0.5805276268804425,0.99998,2e-05
0.5805276268804425,0.998649,0.001351
0.5805276268804425,0.999863,0.000137
0.5805276268804425,0.466662,0.533338
0.5805276268804425,0.999943,5.7e-05
0.5805276268804425,0.999983,1.7e-05
0.5805276268804425,0.991445,0.008555
0.5805276268804425,0.99999,1e-05
0.5805276268804425,0.999698,0.000302
0.5805276268804425,0.99715,0.00285
0.5805276268804425,0.999003,0.000997
0.5805276268804425,0.99998,2e-05
0.5805276268804425,0.999965,3.5e-05
0.5805276268804425,0.999989,1.1e-05
0.5805276268804425,0.99998,2e-05
0.5805276268804425,0.999989,1.1e-05
0.5805276268804425,0.999937,6.3e-05
0.5805276268804425,0.999986,1.4e-05
0.5805276268804425,0.999964,3.6e-05
0.5805276268804425,0.999952,4.8e-05
0.5805276268804425,0.999381,0.000619
0.5805276268804425,0.999984,1.6e-05
0.5805276268804425,0.997639,0.002361
0.5805276268804425,0.999985,1.5e-05
0.5805276268804425,0.999976,2.4e-05
0.5805276268804425,0.999709,0.000291
0.5805276268804425,0.998197,0.001804
0.5805276268804425,0.999965,3.5e-05
0.5805276268804425,0.999984,1.6e-05
0.5805276268804425,0.995672,0.004328
0.5805276268804425,0.986288,0.013712
0.5805276268804425,0.995094,0.004906
0.5805276268804425,0.998551,0.001449
0.5805276268804425,0.999983,1.7e-05
0.5805276268804425,0.999699,0.000301
0.5805276268804425,0.998297,0.001703
0.5805276268804425,0.982538,0.017462
0.5805276268804425,0.999991,9e-06
0.5805276268804425,0.999932,6.7e-05
0.5805276268804425,0.999985,1.5e-05
0.5805276268804425,0.999931,6.9e-05
0.5805276268804425,0.999318,0.000682
0.5805276268804425,0.999694,0.000306
0.5805276268804425,0.999699,0.000301
0.5805276268804425,0.999953,4.7e-05
0.5805276268804425,0.999425,0.000575
0.5805276268804425,0.99999,1e-05
0.5805276268804425,0.999638,0.000362
0.5805276268804425,0.999975,2.5e-05
0.5805276268804425,0.99968,0.00032
0.5805276268804425,0.999981,1.9e-05
0.5805276268804425,0.999989,1.1e-05
0.5805276268804425,0.99952,0.00048
0.5805276268804425,0.99858,0.00142
0.5805276268804425,0.9997,0.000301
0.5805276268804425,0.999716,0.000284
0.5805276268804425,0.999989,1.1e-05
0.5805276268804425,0.999754,0.000246
0.5805276268804425,0.998196,0.001804
0.5805276268804425,0.9981,0.0019
0.5805276268804425,0.999248,0.000752
0.5805276268804425,0.999971,2.9e-05
0.5805276268804425,0.999648,0.000352
0.5805276268804425,0.999953,4.7e-05
0.5805276268804425,0.999914,8.6e-05
0.5805276268804425,0.999717,0.000283
0.5805276268804425,0.999921,7.9e-05
0.5805276268804425,0.987734,0.012266
0.5805276268804425,0.999503,0.000497
0.5805276268804425,0.999951,4.9e-05
0.5805276268804425,0.999981,1.9e-05
0.5805276268804425,0.999887,0.000113
0.5805276268804425,0.999968,3.2e-05
0.5805276268804425,0.999767,0.000233
0.5805276268804425,0.999928,7.2e-05
0.5805276268804425,0.999989,1.1e-05
0.5805276268804425,0.99997,3.1e-05
0.5805276268804425,0.99999,1e-05
0.5805276268804425,0.999984,1.5e-05
0.5805276268804425,0.999888,0.000112
0.5805276268804425,0.999982,1.8e-05
0.5805276268804425,0.999984,1.6e-05
0.5805276268804425,0.999876,0.000124
0.5865276268804425,0.999988,1.2e-05
0.5865276268804425,0.998649,0.001351
0.5865276268804425,0.999981,1.9e-05
0.5865276268804425,0.999673,0.000327
0.5865276268804425,0.999969,3.1e-05
0.5865276268804425,0.999974,2.6e-05
0.5865276268804425,0.99855,0.00145
0.5865276268804425,0.999985,1.5e-05
0.5865276268804425,0.965505,0.034495
0.5865276268804425,0.99977,0.00023
0.5865276268804425,0.991828,0.008172
0.5865276268804425,0.999432,0.000568
0.5865276268804425,0.999427,0.000573
0.5865276268804425,0.999989,1.1e-05
0.5865276268804425,0.99999,1e-05
0.5865276268804425,0.999933,6.7e-05
0.5865276268804425,0.999939,6.1e-05
0.5865276268804425,0.997325,0.002675
0.5865276268804425,0.003061,0.996939
0.5865276268804425,0.99997,3e-05
0.5865276268804425,0.999988,1.2e-05
0.5865276268804425,0.989619,0.010381
0.5865276268804425,0.99999,1e-05
0.5865276268804425,0.999981,1.9e-05
0.5865276268804425,0.999983,1.7e-05
0.5865276268804425,0.998302,0.001698
0.5865276268804425,0.999092,0.000908
0.5865276268804425,0.998179,0.001821
0.5865276268804425,0.999976,2.4e-05
0.5865276268804425,0.999989,1.1e-05
0.5865276268804425,0.999522,0.000478
0.5865276268804425,0.95571,0.04429
0.5865276268804425,0.990194,0.009806
0.5865276268804425,0.99604,0.00396
0.5865276268804425,0.99999,1e-05
0.5865276268804425,0.999947,5.3e-05
0.5865276268804425,0.999964,3.6e-05
0.5865276268804425,0.999843,0.000157
0.5865276268804425,0.999805,0.000195
0.5865276268804425,0.999988,1.3e-05
0.5865276268804425,0.999958,4.2e-05
0.5865276268804425,0.999974,2.6e-05
0.5865276268804425,0.999984,1.6e-05
0.5865276268804425,0.99826,0.00174
0.5865276268804425,0.999109,0.000891
0.5865276268804425,0.999894,0.000106
0.5865276268804425,0.999773,0.000227
0.5865276268804425,0.999896,0.000104
0.5865276268804425,0.999678,0.000322
0.5865276268804425,0.969903,0.030097
0.5865276268804425,0.9999,0.0001
0.5865276268804425,0.998869,0.001131
0.5865276268804425,0.999051,0.000949
0.5865276268804425,0.999983,1.7e-05
0.5865276268804425,0.99997,3e-05
0.5865276268804425,0.99918,0.00082
0.5865276268804425,0.999748,0.000252
0.5865276268804425,0.474481,0.525519
0.5865276268804425,0.999866,0.000134
0.5865276268804425,0.999972,2.8e-05
0.5865276268804425,0.99279,0.00721
0.5865276268804425,0.999989,1.1e-05
0.5865276268804425,0.999989,1.1e-05
0.5865276268804425,0.996728,0.003272
0.5865276268804425,0.999988,1.2e-05
0.5865276268804425,0.998914,0.001086
0.5865276268804425,0.999659,0.000341
0.5865276268804425,0.999186,0.000814
0.5865276268804425,0.998912,0.001088
0.5865276268804425,0.999977,2.3e-05
0.5865276268804425,0.999971,2.9e-05
0.5865276268804425,0.999972,2.8e-05
0.5865276268804425,0.999002,0.000998
0.5865276268804425,0.999986,1.4e-05
0.5865276268804425,0.999985,1.5e-05
0.5865276268804425,0.99999,1e-05
0.5865276268804425,0.999984,1.6e-05
0.5865276268804425,0.999986,1.4e-05
0.5865276268804425,0.999986,1.4e-05
0.5865276268804425,0.99996,4e-05
0.5865276268804425,0.99998,2e-05
0.5865276268804425,0.999271,0.000729
0.5865276268804425,0.999989,1.1e-05
0.5865276268804425,0.998284,0.001717
0.5865276268804425,0.99992,8e-05
0.5865276268804425,0.999393,0.000607
0.5865276268804425,0.99999,1e-05
0.5865276268804425,0.998189,0.001811
0.5865276268804425,0.999838,0.000162
0.5865276268804425,0.992887,0.007113
0.5865276268804425,0.999605,0.000395
0.5865276268804425,0.988445,0.011555
0.5865276268804425,0.999837,0.000163
0.5865276268804425,0.999981,1.9e-05
0.5865276268804425,0.999988,1.2e-05
0.5865276268804425,0.999662,0.000338
0.5865276268804425,0.99999,1e-05
0.5865276268804425,0.999975,2.5e-05
0.5865276268804425,0.999435,0.000565
0.5865276268804425,0.999498,0.000502
0.5925276268804425,0.99901,0.00099
0.5925276268804425,0.999984,1.6e-05
0.5925276268804425,0.999262,0.000737
0.5925276268804425,0.999644,0.000356
0.5925276268804425,0.999976,2.4e-05
0.5925276268804425,0.999973,2.7e-05
0.5925276268804425,0.999766,0.000234
0.5925276268804425,0.990489,0.009511
0.5925276268804425,0.973435,0.026565
0.5925276268804425,0.999911,8.9e-05
0.5925276268804425,0.999986,1.4e-05
0.5925276268804425,0.999582,0.000418
0.5925276268804425,0.995532,0.004468
0.5925276268804425,0.999736,0.000264
0.5925276268804425,0.999839,0.000161
0.5925276268804425,0.999923,7.7e-05
0.5925276268804425,0.970518,0.029482
0.5925276268804425,0.998527,0.001473
0.5925276268804425,0.976814,0.023186
0.5925276268804425,0.999986,1.4e-05
0.5925276268804425,0.999047,0.000953
0.5925276268804425,0.999979,2.1e-05
0.5925276268804425,0.999934,6.6e-05
0.5925276268804425,0.999913,8.7e-05
0.5925276268804425,0.999866,0.000134
0.5925276268804425,0.999988,1.2e-05
0.5925276268804425,0.999974,2.6e-05
0.5925276268804425,0.999955,4.5e-05
0.5925276268804425,0.999424,0.000576
0.5925276268804425,0.999975,2.5e-05
0.5925276268804425,0.999982,1.8e-05
0.5925276268804425,0.999934,6.6e-05
0.5925276268804425,0.988719,0.011281
0.5925276268804425,0.999991,9e-06
0.5925276268804425,0.999678,0.000322
0.5925276268804425,0.999911,8.9e-05
0.5925276268804425,0.94865,0.05135
0.5925276268804425,0.99883,0.00117
0.5925276268804425,0.998932,0.001068
0.5925276268804425,0.992627,0.007373
0.5925276268804425,0.999989,1.1e-05
0.5925276268804425,0.999492,0.000508
0.5925276268804425,0.999437,0.000563
0.5925276268804425,0.952027,0.047973
0.5925276268804425,0.998196,0.001804
0.5925276268804425,0.999968,3.2e-05
0.5925276268804425,0.998107,0.001893
0.5925276268804425,0.999982,1.8e-05
0.5925276268804425,0.999553,0.000447
0.5925276268804425,0.999887,0.000113
0.5925276268804425,0.999983,1.7e-05
0.5925276268804425,0.999872,0.000128
0.5925276268804425,0.989622,0.010378
0.5925276268804425,0.99997,3e-05
0.5925276268804425,0.99993,7e-05
0.5925276268804425,0.999987,1.3e-05
0.5925276268804425,0.999979,2.1e-05
0.5925276268804425,0.99995,5e-05
0.5925276268804425,0.99999,1e-05
0.5925276268804425,0.999278,0.000722
0.5925276268804425,0.999989,1.1e-05
0.5925276268804425,0.999978,2.2e-05
0.5925276268804425,0.999912,8.8e-05
0.5925276268804425,0.999375,0.000625
0.5925276268804425,0.993237,0.006763
0.5925276268804425,0.99936,0.00064
0.5925276268804425,0.999858,0.000142
0.5925276268804425,0.999952,4.8e-05
0.5925276268804425,0.99995,5e-05
0.5925276268804425,0.999914,8.6e-05
0.5925276268804425,0.994998,0.005003
0.5925276268804425,0.999947,5.3e-05
0.5925276268804425,0.905873,0.094127
0.5925276268804425,0.99994,6e-05
0.5925276268804425,0.999943,5.7e-05
0.5925276268804425,0.998689,0.001311
0.5925276268804425,0.99995,5e-05
0.5925276268804425,0.998668,0.001332
0.5925276268804425,0.999967,3.3e-05
0.5925276268804425,0.998058,0.001942
0.5925276268804425,0.999883,0.000117
0.5925276268804425,0.999991,9e-06
0.5925276268804425,0.999988,1.2e-05
0.5925276268804425,0.99885,0.00115
0.5925276268804425,0.99988,0.00012
0.5925276268804425,0.649287,0.350713
0.5925276268804425,0.999983,1.7e-05
0.5925276268804425,0.9934,0.0066
0.5925276268804425,0.999415,0.000585
0.5925276268804425,0.999945,5.5e-05
0.5925276268804425,0.997632,0.002368
0.5925276268804425,0.999988,1.2e-05
0.5925276268804425,0.999894,0.000106
0.5925276268804425,0.99998,2e-05
0.5925276268804425,0.989619,0.010381
0.5925276268804425,0.998164,0.001836
0.5925276268804425,0.960817,0.039183
0.5925276268804425,0.999973,2.7e-05
0.5925276268804425,0.999983,1.7e-05
0.5925276268804425,0.999892,0.000108
0.5985276268804425,0.999733,0.000267
0.5985276268804425,0.962756,0.037244
0.5985276268804425,0.999872,0.000128
0.5985276268804425,0.999925,7.5e-05
0.5985276268804425,0.998894,0.001106
0.5985276268804425,0.999241,0.000759
0.5985276268804425,0.999976,2.4e-05
0.5985276268804425,0.999989,1.1e-05
0.5985276268804425,0.999894,0.000106
0.5985276268804425,0.99999,1e-05
0.5985276268804425,0.999812,0.000188
0.5985276268804425,0.937776,0.062224
0.5985276268804425,0.999931,6.9e-05
0.5985276268804425,0.998584,0.001416
0.5985276268804425,0.999941,5.9e-05
0.5985276268804425,0.9996,0.0004
0.5985276268804425,0.558276,0.441724
0.5985276268804425,0.993258,0.006742
0.5985276268804425,0.999934,6.6e-05
0.5985276268804425,0.999987,1.3e-05
0.5985276268804425,0.999717,0.000283
0.5985276268804425,0.994834,0.005166
0.5985276268804425,0.97961,0.02039
0.5985276268804425,0.999897,0.000103
0.5985276268804425,0.99719,0.00281
0.5985276268804425,0.999889,0.000111
0.5985276268804425,0.999085,0.000915
0.5985276268804425,0.999734,0.000265
0.5985276268804425,0.999905,9.5e-05
0.5985276268804425,0.999982,1.8e-05
0.5985276268804425,0.99999,1e-05
0.5985276268804425,0.99996,4e-05
0.5985276268804425,0.999426,0.000574
0.5985276268804425,0.099543,0.900457
0.5985276268804425,0.999983,1.7e-05
0.5985276268804425,0.999977,2.3e-05
0.5985276268804425,0.998878,0.001122
0.5985276268804425,0.999173,0.000827
0.5985276268804425,0.999881,0.000119
0.5985276268804425,0.93196,0.06804
0.5985276268804425,0.99964,0.00036
0.5985276268804425,0.985527,0.014473
0.5985276268804425,0.99854,0.001459
0.5985276268804425,0.998705,0.001295
0.5985276268804425,0.999672,0.000328
0.5985276268804425,0.999701,0.000299
0.5985276268804425,0.99961,0.00039
0.5985276268804425,0.999987,1.3e-05
0.5985276268804425,0.99999,1e-05
0.5985276268804425,0.99999,1e-05
0.5985276268804425,0.99995,5e-05
0.5985276268804425,0.99198,0.00802
0.5985276268804425,0.942616,0.057384
0.5985276268804425,0.998256,0.001744
0.5985276268804425,0.99999,1e-05
0.5985276268804425,0.999247,0.000753
0.5985276268804425,0.999972,2.8e-05
0.5985276268804425,0.99841,0.00159
0.5985276268804425,0.918136,0.081864
0.5985276268804425,0.999969,3.1e-05
0.5985276268804425,0.985661,0.014339
0.5985276268804425,0.999975,2.5e-05
0.5985276268804425,0.999894,0.000106
0.5985276268804425,0.999939,6.1e-05
0.5985276268804425,0.998044,0.001956
0.5985276268804425,0.99999,1e-05
0.5985276268804425,0.999978,2.2e-05
0.5985276268804425,0.999978,2.2e-05
0.5985276268804425,0.999922,7.8e-05
0.5985276268804425,0.999972,2.8e-05
0.5985276268804425,0.999929,7.1e-05
0.5985276268804425,0.999787,0.000213
0.5985276268804425,0.999674,0.000326
0.5985276268804425,0.994812,0.005188
0.5985276268804425,0.999989,1.1e-05
0.5985276268804425,0.97754,0.02246
0.5985276268804425,0.999947,5.3e-05
0.5985276268804425,0.999988,1.2e-05
0.5985276268804425,0.997835,0.002165
0.5985276268804425,0.999978,2.2e-05
0.5985276268804425,0.963183,0.036817
0.5985276268804425,0.99999,1e-05
0.5985276268804425,0.999975,2.5e-05
0.5985276268804425,0.999959,4.1e-05
0.5985276268804425,0.999937,6.3e-05
0.5985276268804425,0.999412,0.000588
0.5985276268804425,0.999988,1.3e-05
0.5985276268804425,0.99999,1e-05
0.5985276268804425,0.999979,2.1e-05
0.5985276268804425,0.999973,2.7e-05
0.5985276268804425,0.999093,0.000907
0.5985276268804425,0.999943,5.7e-05
0.5985276268804425,0.998868,0.001132
0.5985276268804425,0.993985,0.006015
0.5985276268804425,0.999863,0.000137
0.5985276268804425,0.99962,0.00038
0.5985276268804425,0.987848,0.012152
0.5985276268804425,0.999919,8.1e-05
0.5985276268804425,0.999983,1.7e-05
0.5985276268804425,0.991975,0.008025
0.6045276268804425,0.999934,6.7e-05
0.6045276268804425,0.999402,0.000598
0.6045276268804425,0.79931,0.20069
0.6045276268804425,0.997847,0.002153
0.6045276268804425,0.99999,1e-05
0.6045276268804425,0.999912,8.8e-05
0.6045276268804425,0.999664,0.000336
0.6045276268804425,0.99979,0.00021
0.6045276268804425,0.999016,0.000984
0.6045276268804425,0.999908,9.2e-05
0.6045276268804425,0.999912,8.8e-05
0.6045276268804425,0.999953,4.7e-05
0.6045276268804425,0.995489,0.004511
0.6045276268804425,0.989014,0.010986
0.6045276268804425,0.934466,0.065534
0.6045276268804425,0.995728,0.004272
0.6045276268804425,0.992778,0.007222
0.6045276268804425,0.999403,0.000597
0.6045276268804425,0.999982,1.8e-05
0.6045276268804425,0.998412,0.001587
0.6045276268804425,0.999385,0.000615
0.6045276268804425,0.999883,0.000117
0.6045276268804425,0.999968,3.2e-05
0.6045276268804425,0.997825,0.002175
0.6045276268804425,0.999984,1.5e-05
0.6045276268804425,0.999423,0.000577
0.6045276268804425,0.999421,0.000579
0.6045276268804425,0.999916,8.4e-05
0.6045276268804425,0.999665,0.000335
0.6045276268804425,0.996395,0.003605
0.6045276268804425,0.999855,0.000145
0.6045276268804425,0.99203,0.00797
0.6045276268804425,0.999922,7.8e-05
0.6045276268804425,0.999502,0.000498
0.6045276268804425,0.999987,1.3e-05
0.6045276268804425,0.999194,0.000806
0.6045276268804425,0.999909,9.1e-05
0.6045276268804425,0.997663,0.002337
0.6045276268804425,0.9969,0.0031
0.6045276268804425,0.994495,0.005505
0.6045276268804425,0.99924,0.00076
0.6045276268804425,0.999757,0.000243
0.6045276268804425,0.984059,0.015941
0.6045276268804425,0.999971,2.9e-05
0.6045276268804425,0.999798,0.000202
0.6045276268804425,0.997866,0.002134
0.6045276268804425,0.997055,0.002945
0.6045276268804425,0.999653,0.000347
0.6045276268804425,0.994373,0.005627
0.6045276268804425,0.999986,1.4e-05
0.6045276268804425,0.999951,4.9e-05
0.6045276268804425,0.993755,0.006245
0.6045276268804425,0.965764,0.034236
0.6045276268804425,0.999981,1.9e-05
0.6045276268804425,0.999242,0.000758
0.6045276268804425,0.999004,0.000996
0.6045276268804425,0.999856,0.000144
0.6045276268804425,0.997778,0.002222
0.6045276268804425,0.99999,1e-05
0.6045276268804425,0.999937,6.3e-05
0.6045276268804425,0.999964,3.6e-05
0.6045276268804425,0.999674,0.000326
0.6045276268804425,0.982469,0.017531
0.6045276268804425,0.999877,0.000123
0.6045276268804425,0.99999,1e-05
0.6045276268804425,0.999956,4.3e-05
0.6045276268804425,0.995853,0.004147
0.6045276268804425,0.998278,0.001722
0.6045276268804425,0.999985,1.5e-05
0.6045276268804425,0.998714,0.001286
0.6045276268804425,0.99999,1e-05
0.6045276268804425,0.999799,0.000201
0.6045276268804425,0.972395,0.027605
0.6045276268804425,0.999964,3.6e-05
0.6045276268804425,0.999989,1.1e-05
0.6045276268804425,0.996112,0.003888
0.6045276268804425,0.999919,8.1e-05
0.6045276268804425,0.998413,0.001587
0.6045276268804425,0.999989,1.1e-05
0.6045276268804425,0.999904,9.6e-05
0.6045276268804425,0.93675,0.06325
0.6045276268804425,0.999711,0.000289
0.6045276268804425,0.999984,1.6e-05
0.6045276268804425,0.999736,0.000264
0.6045276268804425,0.99847,0.00153
0.6045276268804425,0.99988,0.00012
0.6045276268804425,0.988109,0.011891
0.6045276268804425,0.99999,1e-05
0.6045276268804425,0.990853,0.009147
0.6045276268804425,0.999952,4.8e-05
0.6045276268804425,0.999983,1.7e-05
0.6045276268804425,0.994756,0.005244
0.6045276268804425,0.99948,0.000521
0.6045276268804425,0.985825,0.014175
0.6045276268804425,0.999704,0.000296
0.6045276268804425,0.999976,2.4e-05
0.6045276268804425,0.999827,0.000173
0.6045276268804425,0.999437,0.000563
0.6045276268804425,0.99999,1e-05
0.6045276268804425,0.999988,1.2e-05
0.6105276268804425,0.97332,0.02668
0.6105276268804425,0.99747,0.00253
0.6105276268804425,0.981228,0.018772
0.6105276268804425,0.995895,0.004105
0.6105276268804425,0.998711,0.001289
0.6105276268804425,0.999979,2.1e-05
0.6105276268804425,0.999971,2.9e-05
0.6105276268804425,0.999948,5.2e-05
0.6105276268804425,0.999961,3.9e-05
0.6105276268804425,0.999703,0.000297
0.6105276268804425,0.994297,0.005703
0.6105276268804425,0.99988,0.00012
0.6105276268804425,0.999966,3.4e-05
0.6105276268804425,0.999778,0.000222
0.6105276268804425,0.998916,0.001084
0.6105276268804425,0.995403,0.004597
0.6105276268804425,0.953057,0.046943
0.6105276268804425,0.998643,0.001357
0.6105276268804425,0.994406,0.005594
0.6105276268804425,0.999982,1.8e-05
0.6105276268804425,0.998682,0.001318
0.6105276268804425,0.999985,1.5e-05
0.6105276268804425,0.998963,0.001037
0.6105276268804425,0.999988,1.2e-05
0.6105276268804425,0.995698,0.004302
0.6105276268804425,0.999437,0.000563
0.6105276268804425,0.998765,0.001235
0.6105276268804425,0.999909,9.1e-05
0.6105276268804425,0.997749,0.002251
0.6105276268804425,0.999971,2.9e-05
0.6105276268804425,0.998614,0.001386
0.6105276268804425,0.999917,8.3e-05
0.6105276268804425,0.999976,2.3e-05
0.6105276268804425,0.996579,0.003421
0.6105276268804425,0.999918,8.2e-05
0.6105276268804425,0.992186,0.007814
0.6105276268804425,0.999211,0.000789
0.6105276268804425,0.999954,4.6e-05
0.6105276268804425,0.999985,1.5e-05
0.6105276268804425,0.999986,1.4e-05
0.6105276268804425,0.984046,0.015954
0.6105276268804425,0.999087,0.000913
0.6105276268804425,0.993801,0.006199
0.6105276268804425,0.995996,0.004004
0.6105276268804425,0.998632,0.001368
0.6105276268804425,0.999847,0.000153
0.6105276268804425,0.99999,1e-05
0.6105276268804425,0.999988,1.2e-05
0.6105276268804425,0.996539,0.003461
0.6105276268804425,0.999343,0.000657
0.6105276268804425,0.999977,2.3e-05
0.6105276268804425,0.999986,1.4e-05
0.6105276268804425,0.999987,1.3e-05
0.6105276268804425,0.999788,0.000213
0.6105276268804425,0.999536,0.000464
0.6105276268804425,0.998019,0.001981
0.6105276268804425,0.991964,0.008036
0.6105276268804425,0.993896,0.006105
0.6105276268804425,0.999968,3.2e-05
0.6105276268804425,0.999784,0.000216
0.6105276268804425,0.999955,4.5e-05
0.6105276268804425,0.999888,0.000112
0.6105276268804425,0.998609,0.001391
0.6105276268804425,0.999989,1.1e-05
0.6105276268804425,0.999865,0.000135
0.6105276268804425,0.999981,1.9e-05
0.6105276268804425,0.999079,0.000921
0.6105276268804425,0.999735,0.000265
0.6105276268804425,0.999853,0.000147
0.6105276268804425,0.99999,1.1e-05
0.6105276268804425,0.999947,5.3e-05
0.6105276268804425,0.999989,1.1e-05
0.6105276268804425,0.995521,0.004479
0.6105276268804425,0.999982,1.8e-05
0.6105276268804425,0.999984,1.6e-05
0.6105276268804425,0.995286,0.004714
0.6105276268804425,0.999254,0.000746
0.6105276268804425,0.99999,1e-05
0.6105276268804425,0.999654,0.000346
0.6105276268804425,0.999968,3.2e-05
0.6105276268804425,0.99999,1e-05
0.6105276268804425,0.996727,0.003273
0.6105276268804425,0.985813,0.014187
0.6105276268804425,0.997748,0.002252
0.6105276268804425,0.999972,2.8e-05
0.6105276268804425,0.999912,8.8e-05
0.6105276268804425,0.999126,0.000874
0.6105276268804425,0.999926,7.4e-05
0.6105276268804425,0.999986,1.4e-05
0.6105276268804425,0.807057,0.192943
0.6105276268804425,0.999944,5.6e-05
0.6105276268804425,0.999986,1.4e-05
0.6105276268804425,0.999409,0.000591
0.6105276268804425,0.999806,0.000194
0.6105276268804425,0.997518,0.002482
0.6105276268804425,0.999458,0.000542
0.6105276268804425,0.86935,0.13065
0.6105276268804425,0.998502,0.001498
0.6105276268804425,0.999741,0.000259
0.6105276268804425,0.999942,5.8e-05
0.6165276268804425,0.999968,3.2e-05
0.6165276268804425,0.99993,6.9e-05
0.6165276268804425,0.999982,1.8e-05
0.6165276268804425,0.999985,1.5e-05
0.6165276268804425,0.978407,0.021593
0.6165276268804425,0.99999,1e-05
0.6165276268804425,0.97211,0.02789
0.6165276268804425,0.997131,0.002869
0.6165276268804425,0.999892,0.000108
0.6165276268804425,0.99987,0.00013
0.6165276268804425,0.998364,0.001636
0.6165276268804425,0.930538,0.069462
0.6165276268804425,0.999699,0.000301
0.6165276268804425,0.727115,0.272885
0.6165276268804425,0.999977,2.3e-05
0.6165276268804425,0.999787,0.000213
0.6165276268804425,0.999957,4.3e-05
0.6165276268804425,0.999971,2.9e-05
0.6165276268804425,0.988132,0.011868
0.6165276268804425,0.999991,9e-06
0.6165276268804425,0.999976,2.3e-05
0.6165276268804425,0.999961,3.9e-05
0.6165276268804425,0.99918,0.00082
0.6165276268804425,0.999938,6.2e-05
0.6165276268804425,0.999743,0.000257
0.6165276268804425,0.999508,0.000492
0.6165276268804425,0.999687,0.000313
0.6165276268804425,0.999865,0.000135
0.6165276268804425,0.99999,1e-05
0.6165276268804425,0.999983,1.7e-05
0.6165276268804425,0.997867,0.002133
0.6165276268804425,0.998665,0.001335
0.6165276268804425,0.999651,0.000349
0.6165276268804425,0.999977,2.3e-05
0.6165276268804425,0.999413,0.000587
0.6165276268804425,0.993637,0.006363
0.6165276268804425,0.999822,0.000178
0.6165276268804425,0.999109,0.000891
0.6165276268804425,0.999015,0.000985
0.6165276268804425,0.999518,0.000482
0.6165276268804425,0.999716,0.000284
0.6165276268804425,0.999976,2.4e-05
0.6165276268804425,0.972031,0.027969
0.6165276268804425,0.998976,0.001024
0.6165276268804425,0.998944,0.001056
0.6165276268804425,0.998948,0.001052
0.6165276268804425,0.998753,0.001247
0.6165276268804425,0.995387,0.004613
0.6165276268804425,0.999971,2.9e-05
0.6165276268804425,0.999867,0.000133
0.6165276268804425,0.999979,2.1e-05
0.6165276268804425,0.99525,0.00475
0.6165276268804425,0.991689,0.008311
0.6165276268804425,0.999988,1.2e-05
0.6165276268804425,0.999522,0.000478
0.6165276268804425,0.99915,0.00085
0.6165276268804425,0.999736,0.000264
0.6165276268804425,0.881479,0.118521
0.6165276268804425,0.999947,5.3e-05
0.6165276268804425,0.999989,1.1e-05
0.6165276268804425,0.999884,0.000116
0.6165276268804425,0.999971,2.9e-05
0.6165276268804425,0.999492,0.000508
0.6165276268804425,0.981071,0.018929
0.6165276268804425,0.996591,0.003409
0.6165276268804425,0.998306,0.001693
0.6165276268804425,0.99996,4.1e-05
0.6165276268804425,0.977775,0.022225
0.6165276268804425,0.999238,0.000762
0.6165276268804425,0.999864,0.000136
0.6165276268804425,0.999713,0.000287
0.6165276268804425,0.999972,2.8e-05
0.6165276268804425,0.999514,0.000486
0.6165276268804425,0.997635,0.002365
0.6165276268804425,0.999983,1.7e-05
0.6165276268804425,0.999921,7.9e-05
0.6165276268804425,0.998996,0.001004
0.6165276268804425,0.998854,0.001146
0.6165276268804425,0.99999,1e-05
0.6165276268804425,0.999948,5.2e-05
0.6165276268804425,0.999987,1.3e-05
0.6165276268804425,0.999971,2.9e-05
0.6165276268804425,0.98628,0.01372
0.6165276268804425,0.999972,2.8e-05
0.6165276268804425,0.999006,0.000994
0.6165276268804425,0.996076,0.003924
0.6165276268804425,0.99999,1e-05
0.6165276268804425,0.999897,0.000103
0.6165276268804425,0.99997,3e-05
0.6165276268804425,0.999266,0.000735
0.6165276268804425,0.998936,0.001064
0.6165276268804425,0.996864,0.003135
0.6165276268804425,0.999486,0.000514
0.6165276268804425,0.999975,2.5e-05
0.6165276268804425,0.999558,0.000442
0.6165276268804425,0.999909,9.1e-05
0.6165276268804425,0.995314,0.004686
0.6165276268804425,0.998184,0.001816
0.6165276268804425,0.99999,1e-05
0.6165276268804425,0.997264,0.002736
0.6235276268804424,0.973513,0.026487
0.6235276268804424,0.99994,6e-05
0.6235276268804424,0.999972,2.8e-05
0.6235276268804424,0.999989,1.1e-05
0.6235276268804424,0.99209,0.00791
0.6235276268804424,0.999621,0.000379
0.6235276268804424,0.99993,7e-05
0.6235276268804424,0.993619,0.006381
0.6235276268804424,0.999015,0.000985
0.6235276268804424,0.9996,0.0004
0.6235276268804424,0.99999,1e-05
0.6235276268804424,0.998428,0.001572
0.6235276268804424,0.996072,0.003928
0.6235276268804424,0.999981,1.9e-05
0.6235276268804424,0.999664,0.000336
0.6235276268804424,0.99999,1e-05
0.6235276268804424,0.997862,0.002138
0.6235276268804424,0.999977,2.3e-05
0.6235276268804424,0.999275,0.000725
0.6235276268804424,0.998341,0.001659
0.6235276268804424,0.997665,0.002335
0.6235276268804424,0.999945,5.5e-05
0.6235276268804424,0.998167,0.001833
0.6235276268804424,0.997901,0.002099
0.6235276268804424,0.998625,0.001375
0.6235276268804424,0.999111,0.000889
0.6235276268804424,0.999989,1.1e-05
0.6235276268804424,0.99999,1e-05
0.6235276268804424,0.999911,8.9e-05
0.6235276268804424,0.999991,9e-06
0.6235276268804424,0.999593,0.000407
0.6235276268804424,0.983394,0.016607
0.6235276268804424,0.999968,3.2e-05
0.6235276268804424,0.997731,0.002269
0.6235276268804424,0.999968,3.2e-05
0.6235276268804424,0.999989,1.1e-05
0.6235276268804424,0.999883,0.000117
0.6235276268804424,0.999974,2.6e-05
0.6235276268804424,0.999989,1.1e-05
0.6235276268804424,0.999801,0.000199
0.6235276268804424,0.999985,1.5e-05
0.6235276268804424,0.999989,1.1e-05
0.6235276268804424,0.996967,0.003033
0.6235276268804424,0.999985,1.5e-05
0.6235276268804424,0.999983,1.7e-05
0.6235276268804424,0.995116,0.004884
0.6235276268804424,0.999948,5.2e-05
0.6235276268804424,0.999965,3.5e-05
0.6235276268804424,0.987735,0.012265
0.6235276268804424,0.99998,2e-05
0.6235276268804424,0.983868,0.016132
0.6235276268804424,0.99998,2e-05
0.6235276268804424,0.999981,1.9e-05
0.6235276268804424,0.999902,9.8e-05
0.6235276268804424,0.999639,0.000361
0.6235276268804424,0.99971,0.00029
0.6235276268804424,0.999857,0.000143
0.6235276268804424,0.999981,1.9e-05
0.6235276268804424,0.996801,0.003199
0.6235276268804424,0.970331,0.029669
0.6235276268804424,0.998856,0.001144
0.6235276268804424,0.999852,0.000148
0.6235276268804424,0.999819,0.000181
0.6235276268804424,0.995265,0.004735
0.6235276268804424,0.99996,4e-05
0.6235276268804424,0.991867,0.008133
0.6235276268804424,0.996208,0.003792
0.6235276268804424,0.996961,0.003039
0.6235276268804424,0.99997,3e-05
0.6235276268804424,0.999718,0.000282
0.6235276268804424,0.999961,3.9e-05
0.6235276268804424,0.843752,0.156248
0.6235276268804424,0.99937,0.00063
0.6235276268804424,0.999988,1.2e-05
0.6235276268804424,0.949048,0.050952
0.6235276268804424,0.999738,0.000262
0.6235276268804424,0.999362,0.000638
0.6235276268804424,0.997719,0.002281
0.6235276268804424,0.992446,0.007554
0.6235276268804424,0.999984,1.6e-05
0.6235276268804424,0.968884,0.031116
0.6235276268804424,0.999988,1.2e-05
0.6235276268804424,0.931959,0.068041
0.6235276268804424,0.99999,1e-05
0.6235276268804424,0.99998,2e-05
0.6235276268804424,0.999884,0.000116
0.6235276268804424,0.99999,1e-05
0.6235276268804424,0.994995,0.005005
0.6235276268804424,0.994298,0.005702
0.6235276268804424,0.994313,0.005687
0.6235276268804424,0.999926,7.4e-05
0.6235276268804424,0.994053,0.005947
0.6235276268804424,0.999988,1.2e-05
0.6235276268804424,0.999617,0.000383
0.6235276268804424,0.999983,1.7e-05
0.6235276268804424,0.982216,0.017784
0.6235276268804424,0.980508,0.019492
0.6235276268804424,0.999923,7.7e-05
0.6235276268804424,0.999957,4.3e-05
0.6235276268804424,0.999988,1.2e-05
0.6295276268804424,0.999695,0.000305
0.6295276268804424,0.999804,0.000197
0.6295276268804424,0.796634,0.203366
0.6295276268804424,0.998437,0.001563
0.6295276268804424,0.99651,0.00349
0.6295276268804424,0.999981,1.9e-05
0.6295276268804424,0.997581,0.002419
0.6295276268804424,0.999136,0.000864
0.6295276268804424,0.999989,1.1e-05
0.6295276268804424,0.999424,0.000576
0.6295276268804424,0.992331,0.007669
0.6295276268804424,0.999779,0.000221
0.6295276268804424,0.964124,0.035876
0.6295276268804424,0.999897,0.000103
0.6295276268804424,0.982921,0.017079
0.6295276268804424,0.999608,0.000392
0.6295276268804424,0.79413,0.205871
0.6295276268804424,0.968688,0.031312
0.6295276268804424,0.999481,0.000519
0.6295276268804424,0.999926,7.4e-05
0.6295276268804424,0.476335,0.523665
0.6295276268804424,0.99999,1e-05
0.6295276268804424,0.996985,0.003015
0.6295276268804424,0.999989,1.1e-05
0.6295276268804424,0.999936,6.4e-05
0.6295276268804424,0.990276,0.009725
0.6295276268804424,0.999957,4.3e-05
0.6295276268804424,0.996566,0.003434
0.6295276268804424,0.999604,0.000396
0.6295276268804424,0.99981,0.00019
0.6295276268804424,0.99993,7e-05
0.6295276268804424,0.990912,0.009088
0.6295276268804424,0.999638,0.000362
0.6295276268804424,0.988665,0.011335
0.6295276268804424,0.970006,0.029994
0.6295276268804424,0.999964,3.6e-05
0.6295276268804424,0.999983,1.7e-05
0.6295276268804424,0.999944,5.6e-05
0.6295276268804424,0.999949,5.1e-05
0.6295276268804424,0.994871,0.005129
0.6295276268804424,0.999926,7.4e-05
0.6295276268804424,0.99991,9e-05
0.6295276268804424,0.999987,1.3e-05
0.6295276268804424,0.999988,1.2e-05
0.6295276268804424,0.984095,0.015905
0.6295276268804424,0.999989,1.1e-05
0.6295276268804424,0.933595,0.066405
0.6295276268804424,0.999986,1.4e-05
0.6295276268804424,0.999978,2.2e-05
0.6295276268804424,0.996507,0.003493
0.6295276268804424,0.999959,4.1e-05
0.6295276268804424,0.999422,0.000579
0.6295276268804424,0.999946,5.4e-05
0.6295276268804424,0.996809,0.003191
0.6295276268804424,0.999943,5.7e-05
0.6295276268804424,0.999836,0.000164
0.6295276268804424,0.999516,0.000484
0.6295276268804424,0.999905,9.5e-05
0.6295276268804424,0.999948,5.2e-05
0.6295276268804424,0.99904,0.00096
0.6295276268804424,0.992245,0.007755
0.6295276268804424,0.999626,0.000374
0.6295276268804424,0.999979,2.1e-05
0.6295276268804424,0.957193,0.042807
0.6295276268804424,0.999886,0.000113
0.6295276268804424,0.999989,1.1e-05
0.6295276268804424,0.999988,1.2e-05
0.6295276268804424,0.999986,1.4e-05
0.6295276268804424,0.999062,0.000938
0.6295276268804424,0.999267,0.000733
0.6295276268804424,0.997486,0.002514
0.6295276268804424,0.991535,0.008465
0.6295276268804424,0.999949,5.1e-05
0.6295276268804424,0.999857,0.000143
0.6295276268804424,0.998658,0.001342
0.6295276268804424,0.97298,0.02702
0.6295276268804424,0.994475,0.005525
0.6295276268804424,0.999045,0.000955
0.6295276268804424,0.990474,0.009526
0.6295276268804424,0.999934,6.6e-05
0.6295276268804424,0.992379,0.007621
0.6295276268804424,0.999983,1.7e-05
0.6295276268804424,0.99998,2e-05
0.6295276268804424,0.999985,1.5e-05
0.6295276268804424,0.99998,2e-05
0.6295276268804424,0.999718,0.000282
0.6295276268804424,0.999335,0.000665
0.6295276268804424,0.99999,1e-05
0.6295276268804424,0.996107,0.003893
0.6295276268804424,0.999989,1.1e-05
0.6295276268804424,0.999856,0.000144
0.6295276268804424,0.999894,0.000106
0.6295276268804424,0.999957,4.3e-05
0.6295276268804424,0.984922,0.015077
0.6295276268804424,0.999986,1.4e-05
0.6295276268804424,0.991213,0.008787
0.6295276268804424,0.999786,0.000214
0.6295276268804424,0.999957,4.3e-05
0.6295276268804424,0.337569,0.662431
0.6295276268804424,0.99999,1e-05
0.6355276268804424,0.999981,1.9e-05
0.6355276268804424,0.999171,0.000829
0.6355276268804424,0.999982,1.8e-05
0.6355276268804424,0.999422,0.000578
0.6355276268804424,0.999987,1.3e-05
0.6355276268804424,0.999858,0.000142
0.6355276268804424,0.999963,3.7e-05
0.6355276268804424,0.999966,3.4e-05
0.6355276268804424,0.999802,0.000198
0.6355276268804424,0.994523,0.005477
0.6355276268804424,0.999587,0.000413
0.6355276268804424,0.480802,0.519198
0.6355276268804424,0.999923,7.7e-05
0.6355276268804424,0.998926,0.001074
0.6355276268804424,0.99997,3e-05
0.6355276268804424,0.999336,0.000664
0.6355276268804424,0.999767,0.000233
0.6355276268804424,0.991016,0.008983
0.6355276268804424,0.999862,0.000138
0.6355276268804424,0.385079,0.614921
0.6355276268804424,0.999972,2.8e-05
0.6355276268804424,0.99994,6e-05
0.6355276268804424,0.957679,0.042321
0.6355276268804424,0.996077,0.003923
0.6355276268804424,0.999694,0.000306
0.6355276268804424,0.999974,2.6e-05
0.6355276268804424,0.999361,0.000639
0.6355276268804424,0.999979,2.1e-05
0.6355276268804424,0.999977,2.3e-05
0.6355276268804424,0.993596,0.006404
0.6355276268804424,0.99865,0.00135
0.6355276268804424,0.999966,3.4e-05
0.6355276268804424,0.999132,0.000868
0.6355276268804424,0.999922,7.8e-05
0.6355276268804424,0.999466,0.000534
0.6355276268804424,0.999172,0.000828
0.6355276268804424,0.978239,0.021761
0.6355276268804424,0.920842,0.079158
0.6355276268804424,0.999748,0.000252
0.6355276268804424,0.996836,0.003164
0.6355276268804424,0.999824,0.000176
0.6355276268804424,0.999989,1.1e-05
0.6355276268804424,0.980901,0.019099
0.6355276268804424,0.999944,5.6e-05
0.6355276268804424,0.973986,0.026014
0.6355276268804424,0.882439,0.117561
0.6355276268804424,0.99999,1e-05
0.6355276268804424,0.967545,0.032455
0.6355276268804424,0.999792,0.000208
0.6355276268804424,0.997782,0.002218
0.6355276268804424,0.999448,0.000552
0.6355276268804424,0.999989,1.1e-05
0.6355276268804424,0.972624,0.027376
0.6355276268804424,0.999989,1.1e-05
0.6355276268804424,0.99999,1e-05
0.6355276268804424,0.999959,4.1e-05
0.6355276268804424,0.999825,0.000175
0.6355276268804424,0.999983,1.7e-05
0.6355276268804424,0.999986,1.4e-05
0.6355276268804424,0.999864,0.000136
0.6355276268804424,0.935063,0.064937
0.6355276268804424,0.999966,3.4e-05
0.6355276268804424,0.998743,0.001257
0.6355276268804424,0.995931,0.004069
0.6355276268804424,0.999401,0.000599
0.6355276268804424,0.983148,0.016852
0.6355276268804424,0.999351,0.000649
0.6355276268804424,0.999962,3.8e-05
0.6355276268804424,0.999837,0.000163
0.6355276268804424,0.993471,0.006529
0.6355276268804424,0.998138,0.001862
0.6355276268804424,0.997675,0.002325
0.6355276268804424,0.999912,8.8e-05
0.6355276268804424,0.99999,1e-05
0.6355276268804424,0.994635,0.005365
0.6355276268804424,0.975202,0.024798
0.6355276268804424,0.99999,1e-05
0.6355276268804424,0.995081,0.004919
0.6355276268804424,0.995855,0.004145
0.6355276268804424,0.968908,0.031092
0.6355276268804424,0.999194,0.000806
0.6355276268804424,0.999904,9.6e-05
0.6355276268804424,0.99998,2e-05
0.6355276268804424,0.999981,1.9e-05
0.6355276268804424,0.999984,1.6e-05
0.6355276268804424,0.984038,0.015962
0.6355276268804424,0.963968,0.036032
0.6355276268804424,0.999153,0.000847
0.6355276268804424,0.999861,0.000139
0.6355276268804424,0.999683,0.000317
0.6355276268804424,0.999778,0.000222
0.6355276268804424,0.999981,1.9e-05
0.6355276268804424,0.999932,6.8e-05
0.6355276268804424,0.999116,0.000884
0.6355276268804424,0.999975,2.5e-05
0.6355276268804424,0.999378,0.000622
0.6355276268804424,0.999902,9.8e-05
0.6355276268804424,0.999988,1.2e-05
0.6355276268804424,0.999985,1.5e-05
0.6355276268804424,0.999214,0.000786
0.6415276268804424,0.999987,1.3e-05
0.6415276268804424,0.996324,0.003676
0.6415276268804424,0.999983,1.7e-05
0.6415276268804424,0.997251,0.002749
0.6415276268804424,0.999978,2.2e-05
0.6415276268804424,0.999989,1.1e-05
0.6415276268804424,0.99399,0.00601
0.6415276268804424,0.999315,0.000685
0.6415276268804424,0.999985,1.5e-05
0.6415276268804424,0.999355,0.000645
0.6415276268804424,0.999939,6.1e-05
0.6415276268804424,0.999214,0.000785
0.6415276268804424,0.99997,3e-05
0.6415276268804424,0.995241,0.004759
0.6415276268804424,0.999978,2.2e-05
0.6415276268804424,0.999159,0.000841
0.6415276268804424,0.997717,0.002283
0.6415276268804424,0.982622,0.017378
0.6415276268804424,0.97464,0.02536
0.6415276268804424,0.999597,0.000403
0.6415276268804424,0.99402,0.00598
0.6415276268804424,0.999962,3.8e-05
0.6415276268804424,0.999866,0.000133
0.6415276268804424,0.996928,0.003072
0.6415276268804424,0.999933,6.7e-05
0.6415276268804424,0.999977,2.3e-05
0.6415276268804424,0.990003,0.009997
0.6415276268804424,0.999838,0.000162
0.6415276268804424,0.997165,0.002835
0.6415276268804424,0.997404,0.002596
0.6415276268804424,0.999939,6.1e-05
0.6415276268804424,0.978026,0.021974
0.6415276268804424,0.99653,0.00347
0.6415276268804424,0.999934,6.6e-05
0.6415276268804424,0.99999,1e-05
0.6415276268804424,0.997697,0.002303
0.6415276268804424,0.997972,0.002028
0.6415276268804424,0.999987,1.3e-05
0.6415276268804424,0.99997,3e-05
0.6415276268804424,0.999284,0.000716
0.6415276268804424,0.999953,4.7e-05
0.6415276268804424,0.99999,1e-05
0.6415276268804424,0.99641,0.00359
0.6415276268804424,0.994223,0.005777
0.6415276268804424,0.996204,0.003796
0.6415276268804424,0.997612,0.002388
0.6415276268804424,0.996103,0.003897
0.6415276268804424,0.947849,0.052151
0.6415276268804424,0.992493,0.007507
0.6415276268804424,0.999946,5.4e-05
0.6415276268804424,0.999984,1.6e-05
0.6415276268804424,0.999979,2.1e-05
0.6415276268804424,0.999152,0.000848
0.6415276268804424,0.998681,0.001319
0.6415276268804424,0.979464,0.020536
0.6415276268804424,0.999876,0.000124
0.6415276268804424,0.998886,0.001114
0.6415276268804424,0.999926,7.4e-05
0.6415276268804424,0.997893,0.002107
0.6415276268804424,0.981935,0.018065
0.6415276268804424,0.999496,0.000504
0.6415276268804424,0.999174,0.000826
0.6415276268804424,0.99993,6.9e-05
0.6415276268804424,0.999746,0.000254
0.6415276268804424,0.999717,0.000283
0.6415276268804424,0.999805,0.000195
0.6415276268804424,0.812754,0.187246
0.6415276268804424,0.997114,0.002886
0.6415276268804424,0.999987,1.3e-05
0.6415276268804424,0.994172,0.005828
0.6415276268804424,0.999988,1.2e-05
0.6415276268804424,0.999984,1.5e-05
0.6415276268804424,0.98106,0.01894
0.6415276268804424,0.999779,0.000221
0.6415276268804424,0.998299,0.001701
0.6415276268804424,0.999962,3.8e-05
0.6415276268804424,0.9999,9.9e-05
0.6415276268804424,0.99998,2e-05
0.6415276268804424,0.975215,0.024786
0.6415276268804424,0.999705,0.000295
0.6415276268804424,0.999981,1.9e-05
0.6415276268804424,0.996263,0.003737
0.6415276268804424,0.995671,0.004329
0.6415276268804424,0.999986,1.4e-05
0.6415276268804424,0.999713,0.000287
0.6415276268804424,0.999972,2.8e-05
0.6415276268804424,0.999974,2.6e-05
0.6415276268804424,0.99998,2e-05
0.6415276268804424,0.999596,0.000404
0.6415276268804424,0.999987,1.3e-05
0.6415276268804424,0.999933,6.7e-05
0.6415276268804424,0.999918,8.1e-05
0.6415276268804424,0.899716,0.100284
0.6415276268804424,0.999749,0.000251
0.6415276268804424,0.99988,0.00012
0.6415276268804424,0.812523,0.187477
0.6415276268804424,0.982923,0.017077
0.6415276268804424,0.99999,1e-05
0.6415276268804424,0.999329,0.000671
0.6415276268804424,0.999981,1.9e-05
0.6475276268804424,0.981181,0.018819
0.6475276268804424,0.999954,4.5e-05
0.6475276268804424,0.999414,0.000586
0.6475276268804424,0.184476,0.815524
0.6475276268804424,0.999776,0.000224
0.6475276268804424,0.992135,0.007865
0.6475276268804424,0.99999,1e-05
0.6475276268804424,0.999938,6.2e-05
0.6475276268804424,0.747497,0.252504
0.6475276268804424,0.989359,0.010641
0.6475276268804424,0.998452,0.001548
0.6475276268804424,0.999817,0.000183
0.6475276268804424,0.999043,0.000957
0.6475276268804424,0.323056,0.676944
0.6475276268804424,0.999976,2.3e-05
0.6475276268804424,0.99963,0.00037
0.6475276268804424,0.999145,0.000855
0.6475276268804424,0.999987,1.3e-05
0.6475276268804424,0.999966,3.4e-05
0.6475276268804424,0.99999,1e-05
0.6475276268804424,0.992304,0.007697
0.6475276268804424,0.956824,0.043176
0.6475276268804424,0.991589,0.008411
0.6475276268804424,0.999988,1.2e-05
0.6475276268804424,0.99994,6e-05
0.6475276268804424,0.999809,0.000191
0.6475276268804424,0.999916,8.4e-05
0.6475276268804424,0.999989,1.1e-05
0.6475276268804424,0.999952,4.8e-05
0.6475276268804424,0.999905,9.5e-05
0.6475276268804424,0.999926,7.4e-05
0.6475276268804424,0.999976,2.4e-05
0.6475276268804424,0.969408,0.030592
0.6475276268804424,0.99026,0.00974
0.6475276268804424,0.999984,1.5e-05
0.6475276268804424,0.99976,0.00024
0.6475276268804424,0.999195,0.000805
0.6475276268804424,0.999352,0.000648
0.6475276268804424,0.999974,2.6e-05
0.6475276268804424,0.99972,0.00028
0.6475276268804424,0.999849,0.000151
0.6475276268804424,0.999981,1.9e-05
0.6475276268804424,0.999672,0.000328
0.6475276268804424,0.999746,0.000254
0.6475276268804424,0.989698,0.010302
0.6475276268804424,0.99629,0.00371
0.6475276268804424,0.986039,0.013961
0.6475276268804424,0.999946,5.3e-05
0.6475276268804424,0.999948,5.2e-05
0.6475276268804424,0.999763,0.000237
0.6475276268804424,0.99986,0.00014
0.6475276268804424,0.994798,0.005202
0.6475276268804424,0.997978,0.002022
0.6475276268804424,0.999987,1.3e-05
0.6475276268804424,0.999781,0.000219
0.6475276268804424,0.963898,0.036102
0.6475276268804424,0.988527,0.011473
0.6475276268804424,0.915336,0.084664
0.6475276268804424,0.999626,0.000374
0.6475276268804424,0.969004,0.030996
0.6475276268804424,0.999986,1.4e-05
0.6475276268804424,0.999972,2.8e-05
0.6475276268804424,0.999508,0.000492
0.6475276268804424,0.999885,0.000115
0.6475276268804424,0.999981,1.9e-05
0.6475276268804424,0.973274,0.026726
0.6475276268804424,0.999529,0.000471
0.6475276268804424,0.999928,7.2e-05
0.6475276268804424,0.999989,1.1e-05
0.6475276268804424,0.994137,0.005863
0.6475276268804424,0.999976,2.4e-05
0.6475276268804424,0.999763,0.000237
0.6475276268804424,0.998507,0.001493
0.6475276268804424,0.994194,0.005806
0.6475276268804424,0.985591,0.014409
0.6475276268804424,0.996292,0.003708
0.6475276268804424,0.992048,0.007953
0.6475276268804424,0.968758,0.031242
0.6475276268804424,0.999978,2.2e-05
0.6475276268804424,0.999448,0.000552
0.6475276268804424,0.99999,1e-05
0.6475276268804424,0.999963,3.7e-05
0.6475276268804424,0.99903,0.00097
0.6475276268804424,0.999986,1.4e-05
0.6475276268804424,0.999969,3.1e-05
0.6475276268804424,0.999551,0.000449
0.6475276268804424,0.999916,8.4e-05
0.6475276268804424,0.999981,1.9e-05
0.6475276268804424,0.998017,0.001983
0.6475276268804424,0.999532,0.000468
0.6475276268804424,0.99999,1e-05
0.6475276268804424,0.996585,0.003415
0.6475276268804424,0.999927,7.3e-05
0.6475276268804424,0.999358,0.000642
0.6475276268804424,0.999981,1.9e-05
0.6475276268804424,0.822386,0.177614
0.6475276268804424,0.999954,4.6e-05
0.6475276268804424,0.999958,4.2e-05
0.6475276268804424,0.999989,1.1e-05
0.6475276268804424,0.999022,0.000978
0.6535276268804424,0.999982,1.8e-05
0.6535276268804424,0.999944,5.6e-05
0.6535276268804424,0.999102,0.000898
0.6535276268804424,0.999864,0.000137
0.6535276268804424,0.999465,0.000535
0.6535276268804424,0.327706,0.672294
0.6535276268804424,0.997114,0.002886
0.6535276268804424,0.99983,0.00017
0.6535276268804424,0.999934,6.6e-05
0.6535276268804424,0.999922,7.8e-05
0.6535276268804424,0.987651,0.012349
0.6535276268804424,0.999981,1.9e-05
0.6535276268804424,0.999971,2.9e-05
0.6535276268804424,0.992049,0.007951
0.6535276268804424,0.780882,0.219118
0.6535276268804424,0.99998,2e-05
0.6535276268804424,0.999875,0.000125
0.6535276268804424,0.999766,0.000233
0.6535276268804424,0.998919,0.001081
0.6535276268804424,0.999988,1.2e-05
0.6535276268804424,0.973463,0.026537
0.6535276268804424,0.9786,0.0214
0.6535276268804424,0.999984,1.6e-05
0.6535276268804424,0.999971,2.9e-05
0.6535276268804424,0.999575,0.000425
0.6535276268804424,0.999987,1.3e-05
0.6535276268804424,0.998031,0.001969
0.6535276268804424,0.999574,0.000426
0.6535276268804424,0.984241,0.015759
0.6535276268804424,0.999907,9.3e-05
0.6535276268804424,0.999705,0.000295
0.6535276268804424,0.999584,0.000416
0.6535276268804424,0.999541,0.000459
0.6535276268804424,0.999977,2.3e-05
0.6535276268804424,0.844521,0.155479
0.6535276268804424,0.999962,3.8e-05
0.6535276268804424,0.983579,0.016421
0.6535276268804424,0.998369,0.001631
0.6535276268804424,0.999977,2.3e-05
0.6535276268804424,0.998453,0.001547
0.6535276268804424,0.999905,9.5e-05
0.6535276268804424,0.673165,0.326835
0.6535276268804424,0.993497,0.006503
0.6535276268804424,0.98723,0.01277
0.6535276268804424,0.991556,0.008445
0.6535276268804424,0.999795,0.000205
0.6535276268804424,0.99509,0.00491
0.6535276268804424,0.99997,3e-05
0.6535276268804424,0.999989,1.1e-05
0.6535276268804424,0.999985,1.5e-05
0.6535276268804424,0.999986,1.4e-05
0.6535276268804424,0.800758,0.199242
0.6535276268804424,0.997229,0.002771
0.6535276268804424,0.999705,0.000295
0.6535276268804424,0.999988,1.2e-05
0.6535276268804424,0.999911,8.9e-05
0.6535276268804424,0.999757,0.000243
0.6535276268804424,0.998531,0.001469
0.6535276268804424,0.843073,0.156927
0.6535276268804424,0.999537,0.000463
0.6535276268804424,0.998182,0.001818
0.6535276268804424,0.997738,0.002262
0.6535276268804424,0.999962,3.8e-05
0.6535276268804424,0.982079,0.017921
0.6535276268804424,0.987981,0.012019
0.6535276268804424,0.782891,0.217109
0.6535276268804424,0.997276,0.002724
0.6535276268804424,0.999989,1.1e-05
0.6535276268804424,0.999803,0.000197
0.6535276268804424,0.998014,0.001986
0.6535276268804424,0.99984,0.00016
0.6535276268804424,0.999871,0.000129
0.6535276268804424,0.982781,0.017219
0.6535276268804424,0.541145,0.458855
0.6535276268804424,0.973172,0.026828
0.6535276268804424,0.999986,1.4e-05
0.6535276268804424,0.992386,0.007614
0.6535276268804424,0.999971,2.9e-05
0.6535276268804424,0.999953,4.7e-05
0.6535276268804424,0.999629,0.000371
0.6535276268804424,0.999771,0.000229
0.6535276268804424,0.999888,0.000112
0.6535276268804424,0.999978,2.2e-05
0.6535276268804424,0.983489,0.016511
0.6535276268804424,0.999972,2.8e-05
0.6535276268804424,0.999446,0.000554
0.6535276268804424,0.999985,1.5e-05
0.6535276268804424,0.999981,1.9e-05
0.6535276268804424,0.999562,0.000438
0.6535276268804424,0.9987,0.0013
0.6535276268804424,0.99957,0.00043
0.6535276268804424,0.999244,0.000756
0.6535276268804424,0.999762,0.000238
0.6535276268804424,0.999958,4.2e-05
0.6535276268804424,0.999651,0.000349
0.6535276268804424,0.999962,3.8e-05
0.6535276268804424,0.999066,0.000934
0.6535276268804424,0.999932,6.8e-05
0.6535276268804424,0.997977,0.002023
0.6535276268804424,0.99991,9e-05
0.6595276268804424,0.998235,0.001765
0.6595276268804424,0.999926,7.4e-05
0.6595276268804424,0.999603,0.000397
0.6595276268804424,0.997902,0.002098
0.6595276268804424,0.99215,0.00785
0.6595276268804424,0.823606,0.176394
0.6595276268804424,0.998646,0.001354
0.6595276268804424,0.999944,5.6e-05
0.6595276268804424,0.999616,0.000384
0.6595276268804424,0.999978,2.3e-05
0.6595276268804424,0.998221,0.001779
0.6595276268804424,0.99992,8e-05
0.6595276268804424,0.990548,0.009452
0.6595276268804424,0.998748,0.001252
0.6595276268804424,0.997991,0.002009
0.6595276268804424,0.999568,0.000432
0.6595276268804424,0.994583,0.005417
0.6595276268804424,0.978582,0.021418
0.6595276268804424,0.999986,1.4e-05
0.6595276268804424,0.999983,1.7e-05
0.6595276268804424,0.999982,1.8e-05
0.6595276268804424,0.999934,6.7e-05
0.6595276268804424,0.999892,0.000108
0.6595276268804424,0.997877,0.002123
0.6595276268804424,0.971378,0.028622
0.6595276268804424,0.999923,7.7e-05
0.6595276268804424,0.945501,0.054499
0.6595276268804424,0.999982,1.8e-05
0.6595276268804424,0.999944,5.6e-05
0.6595276268804424,0.999491,0.000509
0.6595276268804424,0.99997,3e-05
0.6595276268804424,0.996988,0.003012
0.6595276268804424,0.999911,8.9e-05
0.6595276268804424,0.988154,0.011846
0.6595276268804424,0.999917,8.3e-05
0.6595276268804424,0.997249,0.002751
0.6595276268804424,0.999937,6.3e-05
0.6595276268804424,0.936409,0.063591
0.6595276268804424,0.998861,0.001139
0.6595276268804424,0.999971,2.9e-05
0.6595276268804424,0.976421,0.023579
0.6595276268804424,0.999834,0.000166
0.6595276268804424,0.932728,0.067272
0.6595276268804424,0.999691,0.000309
0.6595276268804424,0.999648,0.000352
0.6595276268804424,0.999979,2.1e-05
0.6595276268804424,0.999979,2.1e-05
0.6595276268804424,0.999981,1.9e-05
0.6595276268804424,0.981859,0.018141
0.6595276268804424,0.980704,0.019296
0.6595276268804424,0.484919,0.515081
0.6595276268804424,0.99036,0.00964
0.6595276268804424,0.992211,0.007789
0.6595276268804424,0.99997,3e-05
0.6595276268804424,0.999866,0.000134
0.6595276268804424,0.998921,0.00108
0.6595276268804424,0.999968,3.2e-05
0.6595276268804424,0.999909,9.1e-05
0.6595276268804424,0.911098,0.088902
0.6595276268804424,0.745435,0.254565
0.6595276268804424,0.999988,1.2e-05
0.6595276268804424,0.921651,0.078349
0.6595276268804424,0.999822,0.000178
0.6595276268804424,0.96723,0.03277
0.6595276268804424,0.999525,0.000475
0.6595276268804424,0.991045,0.008955
0.6595276268804424,0.996086,0.003914
0.6595276268804424,0.980507,0.019493
0.6595276268804424,0.999295,0.000705
0.6595276268804424,0.999977,2.3e-05
0.6595276268804424,0.999945,5.5e-05
0.6595276268804424,0.999988,1.3e-05
0.6595276268804424,0.982745,0.017255
0.6595276268804424,0.999917,8.3e-05
0.6595276268804424,0.993497,0.006503
0.6595276268804424,0.99999,1e-05
0.6595276268804424,0.999115,0.000885
0.6595276268804424,0.608597,0.391403
0.6595276268804424,0.999893,0.000107
0.6595276268804424,0.99877,0.00123
0.6595276268804424,0.99979,0.00021
0.6595276268804424,0.756023,0.243977
0.6595276268804424,0.981007,0.018993
0.6595276268804424,0.998515,0.001485
0.6595276268804424,0.999979,2.1e-05
0.6595276268804424,0.998252,0.001748
0.6595276268804424,0.994607,0.005393
0.6595276268804424,0.999941,5.9e-05
0.6595276268804424,0.813001,0.186999
0.6595276268804424,0.99982,0.00018
0.6595276268804424,0.999873,0.000127
0.6595276268804424,0.999984,1.6e-05
0.6595276268804424,0.99992,8e-05
0.6595276268804424,0.965363,0.034637
0.6595276268804424,0.999976,2.4e-05
0.6595276268804424,0.999331,0.000669
0.6595276268804424,0.999975,2.5e-05
0.6595276268804424,0.997768,0.002232
0.6595276268804424,0.999784,0.000216
0.6595276268804424,0.622881,0.377119
0.6655276268804424,0.995612,0.004388
0.6655276268804424,0.698164,0.301836
0.6655276268804424,0.999927,7.3e-05
0.6655276268804424,0.999741,0.000259
0.6655276268804424,0.970842,0.029158
0.6655276268804424,0.996099,0.003901
0.6655276268804424,0.99466,0.00534
0.6655276268804424,0.999984,1.6e-05
0.6655276268804424,0.933536,0.066464
0.6655276268804424,0.999985,1.5e-05
0.6655276268804424,0.999966,3.4e-05
0.6655276268804424,0.999988,1.2e-05
0.6655276268804424,0.983961,0.016039
0.6655276268804424,0.999987,1.3e-05
0.6655276268804424,0.991872,0.008128
0.6655276268804424,0.999976,2.4e-05
0.6655276268804424,0.815951,0.184049
0.6655276268804424,0.99999,1e-05
0.6655276268804424,0.99962,0.00038
0.6655276268804424,0.374584,0.625416
0.6655276268804424,0.999989,1.1e-05
0.6655276268804424,0.981378,0.018623
0.6655276268804424,0.999974,2.7e-05
0.6655276268804424,0.997855,0.002145
0.6655276268804424,0.989572,0.010428
0.6655276268804424,0.99921,0.00079
0.6655276268804424,0.999944,5.6e-05
0.6655276268804424,0.999955,4.5e-05
0.6655276268804424,0.99946,0.00054
0.6655276268804424,0.986138,0.013862
0.6655276268804424,0.996991,0.003009
0.6655276268804424,0.999887,0.000113
0.6655276268804424,0.99997,3e-05
0.6655276268804424,0.999968,3.2e-05
0.6655276268804424,0.993827,0.006173
0.6655276268804424,0.999903,9.7e-05
0.6655276268804424,0.999861,0.000139
0.6655276268804424,0.99999,1e-05
0.6655276268804424,0.999287,0.000713
0.6655276268804424,0.999945,5.5e-05
0.6655276268804424,0.999693,0.000307
0.6655276268804424,0.909081,0.090919
0.6655276268804424,0.998376,0.001624
0.6655276268804424,0.991257,0.008743
0.6655276268804424,0.999935,6.5e-05
0.6655276268804424,0.999853,0.000147
0.6655276268804424,0.996866,0.003134
0.6655276268804424,0.983974,0.016026
0.6655276268804424,0.999979,2.1e-05
0.6655276268804424,0.99829,0.00171
0.6655276268804424,0.9998,0.0002
0.6655276268804424,0.9998,0.0002
0.6655276268804424,0.999926,7.4e-05
0.6655276268804424,0.998806,0.001194
0.6655276268804424,0.993806,0.006194
0.6655276268804424,0.999957,4.3e-05
0.6655276268804424,0.999953,4.7e-05
0.6655276268804424,0.999989,1.1e-05
0.6655276268804424,0.999009,0.000991
0.6655276268804424,0.277692,0.722308
0.6655276268804424,0.999985,1.5e-05
0.6655276268804424,0.999954,4.6e-05
0.6655276268804424,0.940082,0.059918
0.6655276268804424,0.998744,0.001256
0.6655276268804424,0.999954,4.6e-05
0.6655276268804424,0.993374,0.006626
0.6655276268804424,0.99751,0.002491
0.6655276268804424,0.999688,0.000312
0.6655276268804424,0.999958,4.2e-05
0.6655276268804424,0.765294,0.234706
0.6655276268804424,0.999786,0.000214
0.6655276268804424,0.998073,0.001927
0.6655276268804424,0.999982,1.8e-05
0.6655276268804424,0.999674,0.000326
0.6655276268804424,0.996729,0.003271
0.6655276268804424,0.999989,1.1e-05
0.6655276268804424,0.999986,1.3e-05
0.6655276268804424,0.997851,0.002149
0.6655276268804424,0.999348,0.000652
0.6655276268804424,0.999922,7.8e-05
0.6655276268804424,0.996432,0.003568
0.6655276268804424,0.98956,0.01044
0.6655276268804424,0.999928,7.2e-05
0.6655276268804424,0.98797,0.01203
0.6655276268804424,0.999865,0.000135
0.6655276268804424,0.999369,0.000631
0.6655276268804424,0.999939,6.1e-05
0.6655276268804424,0.999986,1.3e-05
0.6655276268804424,0.999856,0.000144
0.6655276268804424,0.999981,1.9e-05
0.6655276268804424,0.99989,0.00011
0.6655276268804424,0.999955,4.5e-05
0.6655276268804424,0.997846,0.002154
0.6655276268804424,0.999477,0.000523
0.6655276268804424,0.999464,0.000536
0.6655276268804424,0.995343,0.004657
0.6655276268804424,0.999698,0.000302
0.6655276268804424,0.999979,2.1e-05
0.6655276268804424,0.998555,0.001445
0.6655276268804424,0.999963,3.7e-05
0.6715276268804424,0.999755,0.000245
0.6715276268804424,0.999981,1.9e-05
0.6715276268804424,0.984373,0.015627
0.6715276268804424,0.956878,0.043122
0.6715276268804424,0.998932,0.001068
0.6715276268804424,0.999864,0.000136
0.6715276268804424,0.992441,0.007559
0.6715276268804424,0.999986,1.4e-05
0.6715276268804424,0.989483,0.010517
0.6715276268804424,0.999986,1.4e-05
0.6715276268804424,0.998344,0.001656
0.6715276268804424,0.9997,0.0003
0.6715276268804424,0.999833,0.000167
0.6715276268804424,0.712386,0.287614
0.6715276268804424,0.999801,0.000199
0.6715276268804424,0.999989,1.1e-05
0.6715276268804424,0.865311,0.134689
0.6715276268804424,0.999923,7.7e-05
0.6715276268804424,0.999957,4.3e-05
0.6715276268804424,0.999977,2.3e-05
0.6715276268804424,0.995198,0.004802
0.6715276268804424,0.999841,0.000159
0.6715276268804424,0.999899,0.000101
0.6715276268804424,0.999984,1.6e-05
0.6715276268804424,0.999952,4.8e-05
0.6715276268804424,0.999387,0.000613
0.6715276268804424,0.999955,4.5e-05
0.6715276268804424,0.993417,0.006583
0.6715276268804424,0.999939,6.1e-05
0.6715276268804424,0.999978,2.2e-05
0.6715276268804424,0.997092,0.002908
0.6715276268804424,0.996379,0.003621
0.6715276268804424,0.999982,1.7e-05
0.6715276268804424,0.999011,0.000989
0.6715276268804424,0.997218,0.002782
0.6715276268804424,0.998666,0.001334
0.6715276268804424,0.99995,5e-05
0.6715276268804424,0.999847,0.000153
0.6715276268804424,0.999826,0.000175
0.6715276268804424,0.998396,0.001604
0.6715276268804424,0.999622,0.000378
0.6715276268804424,0.99999,1e-05
0.6715276268804424,0.999985,1.5e-05
0.6715276268804424,0.999786,0.000214
0.6715276268804424,0.769856,0.230144
0.6715276268804424,0.96979,0.03021
0.6715276268804424,0.876442,0.123558
0.6715276268804424,0.995884,0.004116
0.6715276268804424,0.736788,0.263212
0.6715276268804424,0.999985,1.5e-05
0.6715276268804424,0.999835,0.000165
0.6715276268804424,0.997369,0.002631
0.6715276268804424,0.999308,0.000692
0.6715276268804424,0.995134,0.004866
0.6715276268804424,0.996345,0.003655
0.6715276268804424,0.981088,0.018912
0.6715276268804424,0.999549,0.000451
0.6715276268804424,0.995447,0.004553
0.6715276268804424,0.999858,0.000142
0.6715276268804424,0.999923,7.7e-05
0.6715276268804424,0.997424,0.002576
0.6715276268804424,0.999974,2.6e-05
0.6715276268804424,0.896493,0.103507
0.6715276268804424,0.999987,1.3e-05
0.6715276268804424,0.965896,0.034104
0.6715276268804424,0.974465,0.025535
0.6715276268804424,0.999295,0.000705
0.6715276268804424,0.999953,4.7e-05
0.6715276268804424,0.994782,0.005218
0.6715276268804424,0.996157,0.003843
0.6715276268804424,0.993856,0.006144
0.6715276268804424,0.784837,0.215163
0.6715276268804424,0.99997,3e-05
0.6715276268804424,0.999985,1.5e-05
0.6715276268804424,0.941414,0.058586
0.6715276268804424,0.99999,1e-05
0.6715276268804424,0.999859,0.000141
0.6715276268804424,0.754663,0.245337
0.6715276268804424,0.99933,0.00067
0.6715276268804424,0.9862,0.0138
0.6715276268804424,0.999985,1.5e-05
0.6715276268804424,0.992368,0.007632
0.6715276268804424,0.999954,4.6e-05
0.6715276268804424,0.999863,0.000137
0.6715276268804424,0.998395,0.001605
0.6715276268804424,0.850561,0.149439
0.6715276268804424,0.999964,3.6e-05
0.6715276268804424,0.997029,0.002971
0.6715276268804424,0.990258,0.009742
0.6715276268804424,0.997302,0.002698
0.6715276268804424,0.999958,4.2e-05
0.6715276268804424,0.989578,0.010423
0.6715276268804424,0.999948,5.2e-05
0.6715276268804424,0.999761,0.000239
0.6715276268804424,0.999868,0.000132
0.6715276268804424,0.987189,0.012811
0.6715276268804424,0.999941,5.9e-05
0.6715276268804424,0.999431,0.000569
0.6715276268804424,0.999324,0.000676
0.6715276268804424,0.999981,1.9e-05
0.6775276268804424,0.99773,0.00227
0.6775276268804424,0.980873,0.019127
0.6775276268804424,0.999092,0.000908
0.6775276268804424,0.998766,0.001234
0.6775276268804424,0.999968,3.2e-05
0.6775276268804424,0.999796,0.000204
0.6775276268804424,0.999644,0.000356
0.6775276268804424,0.999923,7.7e-05
0.6775276268804424,0.999351,0.000649
0.6775276268804424,0.999834,0.000166
0.6775276268804424,0.999976,2.4e-05
0.6775276268804424,0.879863,0.120137
0.6775276268804424,0.999467,0.000533
0.6775276268804424,0.999976,2.4e-05
0.6775276268804424,0.498872,0.501128
0.6775276268804424,0.999978,2.2e-05
0.6775276268804424,0.999888,0.000112
0.6775276268804424,0.8758,0.124201
0.6775276268804424,0.999967,3.3e-05
0.6775276268804424,0.996803,0.003197
0.6775276268804424,0.999122,0.000878
0.6775276268804424,0.999595,0.000405
0.6775276268804424,0.996954,0.003046
0.6775276268804424,0.999978,2.2e-05
0.6775276268804424,0.999954,4.6e-05
0.6775276268804424,0.999977,2.3e-05
0.6775276268804424,0.999988,1.2e-05
0.6775276268804424,0.998712,0.001288
0.6775276268804424,0.997921,0.002079
0.6775276268804424,0.999083,0.000917
0.6775276268804424,0.999345,0.000655
0.6775276268804424,0.999891,0.000109
0.6775276268804424,0.99496,0.00504
0.6775276268804424,0.999929,7.1e-05
0.6775276268804424,0.999986,1.4e-05
0.6775276268804424,0.9999,0.0001
0.6775276268804424,0.083321,0.916679
0.6775276268804424,0.999957,4.3e-05
0.6775276268804424,0.999979,2.1e-05
0.6775276268804424,0.99982,0.00018
0.6775276268804424,0.998912,0.001088
0.6775276268804424,0.999237,0.000763
0.6775276268804424,0.999391,0.000609
0.6775276268804424,0.966995,0.033005
0.6775276268804424,0.999981,1.9e-05
0.6775276268804424,0.948769,0.051231
0.6775276268804424,0.99916,0.00084
0.6775276268804424,0.996227,0.003773
0.6775276268804424,0.99849,0.00151
0.6775276268804424,0.99851,0.00149
0.6775276268804424,0.988873,0.011127
0.6775276268804424,0.950142,0.049858
0.6775276268804424,0.999149,0.000851
0.6775276268804424,0.999423,0.000577
0.6775276268804424,0.999777,0.000223
0.6775276268804424,0.998412,0.001588
0.6775276268804424,0.999927,7.3e-05
0.6775276268804424,0.920959,0.079041
0.6775276268804424,0.999962,3.8e-05
0.6775276268804424,0.996511,0.003489
0.6775276268804424,0.999985,1.5e-05
0.6775276268804424,0.999414,0.000586
0.6775276268804424,0.983068,0.016932
0.6775276268804424,0.999824,0.000176
0.6775276268804424,0.989553,0.010447
0.6775276268804424,0.999963,3.7e-05
0.6775276268804424,0.993774,0.006226
0.6775276268804424,0.996787,0.003213
0.6775276268804424,0.998805,0.001195
0.6775276268804424,0.997824,0.002176
0.6775276268804424,0.999272,0.000728
0.6775276268804424,0.899356,0.100644
0.6775276268804424,0.97181,0.02819
0.6775276268804424,0.999878,0.000121
0.6775276268804424,0.989904,0.010095
0.6775276268804424,0.177279,0.822721
0.6775276268804424,0.998091,0.001909
0.6775276268804424,0.661197,0.338803
0.6775276268804424,0.995479,0.004521
0.6775276268804424,0.999433,0.000567
0.6775276268804424,0.999915,8.5e-05
0.6775276268804424,0.999629,0.000371
0.6775276268804424,0.446607,0.553393
0.6775276268804424,0.965414,0.034586
0.6775276268804424,0.999984,1.6e-05
0.6775276268804424,0.998384,0.001616
0.6775276268804424,0.999974,2.6e-05
0.6775276268804424,0.999977,2.3e-05
0.6775276268804424,0.996493,0.003507
0.6775276268804424,0.991451,0.008549
0.6775276268804424,0.999978,2.2e-05
0.6775276268804424,0.993515,0.006485
0.6775276268804424,0.999988,1.2e-05
0.6775276268804424,0.945452,0.054548
0.6775276268804424,0.971793,0.028207
0.6775276268804424,0.996793,0.003207
0.6775276268804424,0.998179,0.001821
0.6775276268804424,0.99873,0.00127
0.6775276268804424,0.999973,2.7e-05
0.6775276268804424,0.999976,2.4e-05
0.6835276268804424,0.922465,0.077535
0.6835276268804424,0.999984,1.6e-05
0.6835276268804424,0.999979,2.1e-05
0.6835276268804424,0.999839,0.000161
0.6835276268804424,0.999867,0.000133
0.6835276268804424,0.99783,0.00217
0.6835276268804424,0.967409,0.032591
0.6835276268804424,0.999906,9.4e-05
0.6835276268804424,0.999845,0.000155
0.6835276268804424,0.290959,0.709041
0.6835276268804424,0.999906,9.4e-05
0.6835276268804424,0.993526,0.006474
0.6835276268804424,0.997444,0.002555
0.6835276268804424,0.999915,8.5e-05
0.6835276268804424,0.999494,0.000506
0.6835276268804424,0.999989,1.1e-05
0.6835276268804424,0.886794,0.113206
0.6835276268804424,0.969278,0.030722
0.6835276268804424,0.999983,1.7e-05
0.6835276268804424,0.939136,0.060864
0.6835276268804424,0.979142,0.020858
0.6835276268804424,0.990771,0.009229
0.6835276268804424,0.999988,1.2e-05
0.6835276268804424,0.935203,0.064797
0.6835276268804424,0.999982,1.8e-05
0.6835276268804424,0.893372,0.106628
0.6835276268804424,0.999972,2.8e-05
0.6835276268804424,0.999988,1.2e-05
0.6835276268804424,0.999989,1.1e-05
0.6835276268804424,0.978255,0.021745
0.6835276268804424,0.999627,0.000373
0.6835276268804424,0.649685,0.350315
0.6835276268804424,0.998258,0.001742
0.6835276268804424,0.99939,0.00061
0.6835276268804424,0.997888,0.002112
0.6835276268804424,0.999687,0.000313
0.6835276268804424,0.969428,0.030572
0.6835276268804424,0.999075,0.000925
0.6835276268804424,0.999987,1.3e-05
0.6835276268804424,0.999901,9.9e-05
0.6835276268804424,0.997468,0.002532
0.6835276268804424,0.199125,0.800875
0.6835276268804424,0.99854,0.00146
0.6835276268804424,0.999888,0.000112
0.6835276268804424,0.999982,1.8e-05
0.6835276268804424,0.958392,0.041608
0.6835276268804424,0.995538,0.004462
0.6835276268804424,0.999478,0.000522
0.6835276268804424,0.999569,0.000431
0.6835276268804424,0.859081,0.140919
0.6835276268804424,0.989678,0.010322
0.6835276268804424,0.997651,0.002349
0.6835276268804424,0.999431,0.000569
0.6835276268804424,0.999869,0.000131
0.6835276268804424,0.083849,0.916151
0.6835276268804424,0.954953,0.045047
0.6835276268804424,0.915546,0.084454
0.6835276268804424,0.997965,0.002035
0.6835276268804424,0.964391,0.035609
0.6835276268804424,0.999949,5.1e-05
0.6835276268804424,0.449381,0.550619
0.6835276268804424,0.963145,0.036855
0.6835276268804424,0.999986,1.4e-05
0.6835276268804424,0.999827,0.000173
0.6835276268804424,0.989775,0.010225
0.6835276268804424,0.999487,0.000513
0.6835276268804424,0.997693,0.002307
0.6835276268804424,0.956653,0.043347
0.6835276268804424,0.999963,3.7e-05
0.6835276268804424,0.105749,0.894251
0.6835276268804424,0.866492,0.133508
0.6835276268804424,0.990758,0.009242
0.6835276268804424,0.999974,2.6e-05
0.6835276268804424,0.999988,1.2e-05
0.6835276268804424,0.999922,7.8e-05
0.6835276268804424,0.999967,3.3e-05
0.6835276268804424,0.999983,1.7e-05
0.6835276268804424,0.999983,1.7e-05
0.6835276268804424,0.924748,0.075252
0.6835276268804424,0.999822,0.000178
0.6835276268804424,0.996062,0.003938
0.6835276268804424,0.999612,0.000388
0.6835276268804424,0.999542,0.000458
0.6835276268804424,0.998764,0.001236
0.6835276268804424,0.007376,0.992624
0.6835276268804424,0.246393,0.753607
0.6835276268804424,0.990018,0.009982
0.6835276268804424,0.999582,0.000418
0.6835276268804424,0.999979,2.1e-05
0.6835276268804424,0.958117,0.041883
0.6835276268804424,0.999925,7.5e-05
0.6835276268804424,0.999982,1.8e-05
0.6835276268804424,0.999979,2.1e-05
0.6835276268804424,0.999984,1.6e-05
0.6835276268804424,0.999988,1.3e-05
0.6835276268804424,0.999588,0.000412
0.6835276268804424,0.99536,0.00464
0.6835276268804424,0.999779,0.000221
0.6835276268804424,0.999331,0.000669
0.6835276268804424,0.998095,0.001905
0.6895276268804424,0.999981,1.9e-05
0.6895276268804424,0.999963,3.7e-05
0.6895276268804424,0.999537,0.000463
0.6895276268804424,0.999439,0.000561
0.6895276268804424,0.927893,0.072107
0.6895276268804424,0.726596,0.273404
0.6895276268804424,0.999978,2.2e-05
0.6895276268804424,0.993419,0.006581
0.6895276268804424,0.999971,2.9e-05
0.6895276268804424,0.993394,0.006606
0.6895276268804424,0.985576,0.014424
0.6895276268804424,0.997245,0.002755
0.6895276268804424,0.999962,3.8e-05
0.6895276268804424,0.999969,3.1e-05
0.6895276268804424,0.999698,0.000302
0.6895276268804424,0.992625,0.007375
0.6895276268804424,0.999748,0.000252
0.6895276268804424,0.9986,0.001401
0.6895276268804424,0.986903,0.013097
0.6895276268804424,0.999982,1.8e-05
0.6895276268804424,0.956875,0.043125
0.6895276268804424,0.878697,0.121303
0.6895276268804424,0.998941,0.001059
0.6895276268804424,0.999984,1.6e-05
0.6895276268804424,0.996609,0.003391
0.6895276268804424,0.949538,0.050462
0.6895276268804424,0.999939,6.1e-05
0.6895276268804424,0.990462,0.009538
0.6895276268804424,0.99846,0.00154
0.6895276268804424,0.999975,2.5e-05
0.6895276268804424,0.99779,0.00221
0.6895276268804424,0.998017,0.001983
0.6895276268804424,0.998805,0.001195
0.6895276268804424,0.997876,0.002124
0.6895276268804424,0.999858,0.000142
0.6895276268804424,0.999735,0.000265
0.6895276268804424,0.999972,2.8e-05
0.6895276268804424,0.994382,0.005618
0.6895276268804424,0.999978,2.2e-05
0.6895276268804424,0.224852,0.775148
0.6895276268804424,0.999243,0.000757
0.6895276268804424,0.998879,0.001121
0.6895276268804424,0.999726,0.000274
0.6895276268804424,0.999954,4.6e-05
0.6895276268804424,0.996184,0.003816
0.6895276268804424,0.999966,3.4e-05
0.6895276268804424,0.99886,0.00114
0.6895276268804424,0.999961,3.9e-05
0.6895276268804424,0.99999,1e-05
0.6895276268804424,0.997971,0.002029
0.6895276268804424,0.99845,0.00155
0.6895276268804424,0.999985,1.5e-05
0.6895276268804424,0.999967,3.3e-05
0.6895276268804424,0.999983,1.7e-05
0.6895276268804424,0.99998,2e-05
0.6895276268804424,0.999936,6.4e-05
0.6895276268804424,0.258785,0.741215
0.6895276268804424,0.999915,8.5e-05
0.6895276268804424,0.999952,4.8e-05
0.6895276268804424,0.999605,0.000395
0.6895276268804424,0.998768,0.001232
0.6895276268804424,0.996652,0.003348
0.6895276268804424,0.993484,0.006516
0.6895276268804424,0.978905,0.021095
0.6895276268804424,0.999981,1.9e-05
0.6895276268804424,0.796799,0.203201
0.6895276268804424,0.999345,0.000655
0.6895276268804424,0.937652,0.062348
0.6895276268804424,0.999479,0.000521
0.6895276268804424,0.999555,0.000445
0.6895276268804424,0.999556,0.000444
0.6895276268804424,0.984545,0.015455
0.6895276268804424,0.99997,3e-05
0.6895276268804424,0.952938,0.047062
0.6895276268804424,0.99997,3e-05
0.6895276268804424,0.954852,0.045148
0.6895276268804424,0.690448,0.309552
0.6895276268804424,0.999438,0.000562
0.6895276268804424,0.999021,0.000979
0.6895276268804424,0.999184,0.000816
0.6895276268804424,0.999969,3.1e-05
0.6895276268804424,0.999415,0.000585
0.6895276268804424,0.999972,2.8e-05
0.6895276268804424,0.999974,2.6e-05
0.6895276268804424,0.942915,0.057085
0.6895276268804424,0.796265,0.203735
0.6895276268804424,0.988298,0.011702
0.6895276268804424,0.991099,0.008901
0.6895276268804424,0.98997,0.01003
0.6895276268804424,0.99999,1e-05
0.6895276268804424,0.975398,0.024602
0.6895276268804424,0.996968,0.003032
0.6895276268804424,0.999981,1.9e-05
0.6895276268804424,0.993941,0.006059
0.6895276268804424,0.98051,0.01949
0.6895276268804424,0.98619,0.01381
0.6895276268804424,0.999761,0.000239
0.6895276268804424,0.999976,2.4e-05
0.6895276268804424,0.988253,0.011747
0.6895276268804424,0.999989,1.1e-05
0.6955276268804425,0.999228,0.000772
0.6955276268804425,0.990205,0.009795
0.6955276268804425,0.141066,0.858934
0.6955276268804425,0.93782,0.06218
0.6955276268804425,0.994508,0.005492
0.6955276268804425,0.999798,0.000202
0.6955276268804425,0.897451,0.102549
0.6955276268804425,0.999957,4.3e-05
0.6955276268804425,0.999966,3.4e-05
0.6955276268804425,0.993042,0.006958
0.6955276268804425,0.999976,2.4e-05
0.6955276268804425,0.912552,0.087448
0.6955276268804425,0.998807,0.001193
0.6955276268804425,0.954042,0.045959
0.6955276268804425,0.999933,6.7e-05
0.6955276268804425,0.190374,0.809626
0.6955276268804425,0.999623,0.000377
0.6955276268804425,0.946546,0.053454
0.6955276268804425,0.91205,0.08795
0.6955276268804425,0.756416,0.243584
0.6955276268804425,0.999803,0.000197
0.6955276268804425,0.953425,0.046575
0.6955276268804425,0.998557,0.001443
0.6955276268804425,0.999963,3.7e-05
0.6955276268804425,0.998651,0.001349
0.6955276268804425,0.124012,0.875988
0.6955276268804425,0.995936,0.004064
0.6955276268804425,0.999377,0.000623
0.6955276268804425,0.999424,0.000576
0.6955276268804425,0.999952,4.8e-05
0.6955276268804425,0.999989,1.1e-05
0.6955276268804425,0.935132,0.064868
0.6955276268804425,0.996687,0.003313
0.6955276268804425,0.997971,0.002029
0.6955276268804425,0.997055,0.002945
0.6955276268804425,0.998809,0.001191
0.6955276268804425,0.999981,1.9e-05
0.6955276268804425,0.999928,7.2e-05
0.6955276268804425,0.813876,0.186124
0.6955276268804425,0.999213,0.000787
0.6955276268804425,0.999965,3.5e-05
0.6955276268804425,0.997934,0.002066
0.6955276268804425,0.997676,0.002324
0.6955276268804425,0.920382,0.079618
0.6955276268804425,0.994513,0.005487
0.6955276268804425,0.998952,0.001048
0.6955276268804425,0.996703,0.003297
0.6955276268804425,0.925742,0.074258
0.6955276268804425,0.995377,0.004623
0.6955276268804425,0.99998,2e-05
0.6955276268804425,0.999883,0.000117
0.6955276268804425,0.999965,3.5e-05
0.6955276268804425,0.998395,0.001605
0.6955276268804425,0.999732,0.000268
0.6955276268804425,0.999987,1.3e-05
0.6955276268804425,0.998892,0.001108
0.6955276268804425,0.392508,0.607492
0.6955276268804425,0.990396,0.009604
0.6955276268804425,0.999,0.000999
0.6955276268804425,0.999985,1.5e-05
0.6955276268804425,0.999983,1.7e-05
0.6955276268804425,0.998084,0.001916
0.6955276268804425,0.891946,0.108054
0.6955276268804425,0.98931,0.01069
0.6955276268804425,0.976197,0.023803
0.6955276268804425,0.385118,0.614882
0.6955276268804425,0.999969,3.1e-05
0.6955276268804425,0.99923,0.00077
0.6955276268804425,0.999149,0.000851
0.6955276268804425,0.97519,0.02481
0.6955276268804425,0.994655,0.005345
0.6955276268804425,0.997906,0.002094
0.6955276268804425,0.94793,0.05207
0.6955276268804425,0.997798,0.002201
0.6955276268804425,0.091058,0.908942
0.6955276268804425,0.99858,0.00142
0.6955276268804425,0.933979,0.066021
0.6955276268804425,0.999934,6.6e-05
0.6955276268804425,0.797891,0.202109
0.6955276268804425,0.979399,0.020601
0.6955276268804425,0.999926,7.4e-05
0.6955276268804425,0.909144,0.090856
0.6955276268804425,0.996731,0.003269
0.6955276268804425,0.97009,0.02991
0.6955276268804425,0.997101,0.002899
0.6955276268804425,0.989892,0.010108
0.6955276268804425,0.822685,0.177315
0.6955276268804425,0.999103,0.000897
0.6955276268804425,0.991163,0.008837
0.6955276268804425,0.930529,0.069471
0.6955276268804425,0.997643,0.002357
0.6955276268804425,0.999988,1.2e-05
0.6955276268804425,0.999887,0.000113
0.6955276268804425,0.308103,0.691897
0.6955276268804425,0.996724,0.003276
0.6955276268804425,0.999974,2.6e-05
0.6955276268804425,0.99955,0.00045
0.6955276268804425,0.999857,0.000143
0.6955276268804425,0.994846,0.005154
0.6955276268804425,0.999536,0.000464
0.7015276268804425,0.979272,0.020728
0.7015276268804425,0.984883,0.015117
0.7015276268804425,0.027383,0.972617
0.7015276268804425,0.999462,0.000538
0.7015276268804425,0.984448,0.015552
0.7015276268804425,0.999979,2.1e-05
0.7015276268804425,0.999968,3.2e-05
0.7015276268804425,0.99993,7e-05
0.7015276268804425,0.998662,0.001338
0.7015276268804425,0.999609,0.000392
0.7015276268804425,0.999969,3.1e-05
0.7015276268804425,0.791064,0.208936
0.7015276268804425,0.999971,2.9e-05
0.7015276268804425,0.997148,0.002852
0.7015276268804425,0.999809,0.000191
0.7015276268804425,0.999977,2.3e-05
0.7015276268804425,0.999977,2.3e-05
0.7015276268804425,0.999815,0.000185
0.7015276268804425,0.998043,0.001957
0.7015276268804425,0.999531,0.000469
0.7015276268804425,0.999745,0.000255
0.7015276268804425,0.999967,3.3e-05
0.7015276268804425,0.993478,0.006522
0.7015276268804425,0.9987,0.0013
0.7015276268804425,0.998858,0.001142
0.7015276268804425,0.998465,0.001535
0.7015276268804425,0.997714,0.002286
0.7015276268804425,0.915515,0.084485
0.7015276268804425,0.999476,0.000524
0.7015276268804425,0.999946,5.4e-05
0.7015276268804425,0.999548,0.000452
0.7015276268804425,0.994289,0.005711
0.7015276268804425,0.97944,0.02056
0.7015276268804425,0.998535,0.001465
0.7015276268804425,0.997048,0.002952
0.7015276268804425,0.99105,0.00895
0.7015276268804425,0.99864,0.00136
0.7015276268804425,0.999952,4.8e-05
0.7015276268804425,0.748337,0.251663
0.7015276268804425,0.999942,5.8e-05
0.7015276268804425,0.978858,0.021142
0.7015276268804425,0.99878,0.00122
0.7015276268804425,0.999958,4.2e-05
0.7015276268804425,0.997574,0.002426
0.7015276268804425,0.996541,0.003459
0.7015276268804425,0.547777,0.452223
0.7015276268804425,0.220961,0.779039
0.7015276268804425,0.981154,0.018846
0.7015276268804425,0.995324,0.004676
0.7015276268804425,0.99995,5e-05
0.7015276268804425,0.989283,0.010717
0.7015276268804425,0.991704,0.008296
0.7015276268804425,0.951934,0.048066
0.7015276268804425,0.99905,0.00095
0.7015276268804425,0.340493,0.659507
0.7015276268804425,0.99989,0.00011
0.7015276268804425,0.999605,0.000395
0.7015276268804425,0.956648,0.043352
0.7015276268804425,0.994383,0.005617
0.7015276268804425,0.990345,0.009655
0.7015276268804425,0.99997,3e-05
0.7015276268804425,0.974335,0.025666
0.7015276268804425,0.999979,2.1e-05
0.7015276268804425,0.999242,0.000759
0.7015276268804425,0.992903,0.007097
0.7015276268804425,0.999417,0.000583
0.7015276268804425,0.999104,0.000896
0.7015276268804425,0.981619,0.018381
0.7015276268804425,0.973805,0.026195
0.7015276268804425,0.994806,0.005194
0.7015276268804425,0.770843,0.229157
0.7015276268804425,0.999989,1.1e-05
0.7015276268804425,0.999719,0.000281
0.7015276268804425,0.674831,0.325169
0.7015276268804425,0.993655,0.006345
0.7015276268804425,0.999989,1.1e-05
0.7015276268804425,0.919461,0.080539
0.7015276268804425,0.99955,0.00045
0.7015276268804425,0.999938,6.2e-05
0.7015276268804425,0.99948,0.00052
0.7015276268804425,0.999972,2.8e-05
0.7015276268804425,0.999212,0.000788
0.7015276268804425,0.999804,0.000197
0.7015276268804425,0.777974,0.222026
0.7015276268804425,0.999749,0.000251
0.7015276268804425,0.999958,4.2e-05
0.7015276268804425,0.995398,0.004602
0.7015276268804425,0.995666,0.004333
0.7015276268804425,0.995645,0.004355
0.7015276268804425,0.015752,0.984248
0.7015276268804425,0.993466,0.006534
0.7015276268804425,0.240423,0.759577
0.7015276268804425,0.999621,0.000379
0.7015276268804425,0.996307,0.003693
0.7015276268804425,0.99908,0.00092
0.7015276268804425,0.995264,0.004736
0.7015276268804425,0.604345,0.395655
0.7015276268804425,0.999222,0.000778
0.7015276268804425,0.999963,3.7e-05
0.7015276268804425,0.823418,0.176582
0.7075276268804425,0.999968,3.2e-05
0.7075276268804425,0.99997,3e-05
0.7075276268804425,0.970912,0.029088
0.7075276268804425,0.956857,0.043143
0.7075276268804425,0.999964,3.6e-05
0.7075276268804425,0.99432,0.00568
0.7075276268804425,0.999856,0.000144
0.7075276268804425,0.999966,3.4e-05
0.7075276268804425,0.997928,0.002072
0.7075276268804425,0.999984,1.6e-05
0.7075276268804425,0.957112,0.042888
0.7075276268804425,0.804626,0.195374
0.7075276268804425,0.999078,0.000922
0.7075276268804425,0.989989,0.010011
0.7075276268804425,0.99858,0.00142
0.7075276268804425,0.581974,0.418027
0.7075276268804425,0.999683,0.000317
0.7075276268804425,0.999776,0.000225
0.7075276268804425,0.907191,0.092809
0.7075276268804425,0.999962,3.9e-05
0.7075276268804425,0.99997,3e-05
0.7075276268804425,0.999137,0.000863
0.7075276268804425,0.999979,2.1e-05
0.7075276268804425,0.999054,0.000946
0.7075276268804425,0.999987,1.3e-05
0.7075276268804425,0.999815,0.000185
0.7075276268804425,0.604819,0.395181
0.7075276268804425,0.999825,0.000175
0.7075276268804425,0.162652,0.837348
0.7075276268804425,0.999747,0.000253
0.7075276268804425,0.997563,0.002437
0.7075276268804425,0.999411,0.000589
0.7075276268804425,0.997905,0.002095
0.7075276268804425,0.999833,0.000167
0.7075276268804425,0.954912,0.045088
0.7075276268804425,0.999775,0.000225
0.7075276268804425,0.938762,0.061238
0.7075276268804425,0.996801,0.003199
0.7075276268804425,0.999985,1.4e-05
0.7075276268804425,0.999966,3.4e-05
0.7075276268804425,0.999837,0.000163
0.7075276268804425,0.999986,1.4e-05
0.7075276268804425,0.995683,0.004317
0.7075276268804425,0.994321,0.005679
0.7075276268804425,0.99815,0.00185
0.7075276268804425,0.996348,0.003652
0.7075276268804425,0.999914,8.6e-05
0.7075276268804425,0.992562,0.007438
0.7075276268804425,0.998683,0.001317
0.7075276268804425,0.976006,0.023994
0.7075276268804425,0.946396,0.053603
0.7075276268804425,0.999446,0.000554
0.7075276268804425,0.999286,0.000714
0.7075276268804425,0.967824,0.032176
0.7075276268804425,0.999987,1.3e-05
0.7075276268804425,0.934133,0.065867
0.7075276268804425,0.999974,2.6e-05
0.7075276268804425,0.999981,1.9e-05
0.7075276268804425,0.999965,3.5e-05
0.7075276268804425,0.998766,0.001234
0.7075276268804425,0.988626,0.011374
0.7075276268804425,0.999916,8.4e-05
0.7075276268804425,0.99907,0.00093
0.7075276268804425,0.995425,0.004575
0.7075276268804425,0.998112,0.001888
0.7075276268804425,0.304372,0.695628
0.7075276268804425,0.999835,0.000165
0.7075276268804425,0.999943,5.7e-05
0.7075276268804425,0.999829,0.000171
0.7075276268804425,0.994813,0.005187
0.7075276268804425,0.999918,8.2e-05
0.7075276268804425,0.995849,0.004151
0.7075276268804425,0.999419,0.000581
0.7075276268804425,0.995414,0.004586
0.7075276268804425,0.988044,0.011956
0.7075276268804425,0.996497,0.003503
0.7075276268804425,0.999969,3.1e-05
0.7075276268804425,0.992173,0.007827
0.7075276268804425,0.941118,0.058882
0.7075276268804425,0.962373,0.037627
0.7075276268804425,0.99325,0.00675
0.7075276268804425,0.999678,0.000322
0.7075276268804425,0.99997,3e-05
0.7075276268804425,0.988842,0.011158
0.7075276268804425,0.999974,2.6e-05
0.7075276268804425,0.999986,1.4e-05
0.7075276268804425,0.9998,0.0002
0.7075276268804425,0.998295,0.001705
0.7075276268804425,0.92557,0.07443
0.7075276268804425,0.409258,0.590742
0.7075276268804425,0.999831,0.000169
0.7075276268804425,0.999809,0.000191
0.7075276268804425,0.999979,2.1e-05
0.7075276268804425,0.999126,0.000873
0.7075276268804425,0.999484,0.000516
0.7075276268804425,0.999028,0.000972
0.7075276268804425,0.912766,0.087234
0.7075276268804425,0.982084,0.017916
0.7075276268804425,0.950434,0.049566
0.7075276268804425,0.705435,0.294565
0.7135276268804425,0.997346,0.002654
0.7135276268804425,0.996801,0.003199
0.7135276268804425,0.994904,0.005096
0.7135276268804425,0.999926,7.4e-05
0.7135276268804425,0.995625,0.004375
0.7135276268804425,0.999988,1.2e-05
0.7135276268804425,0.999963,3.7e-05
0.7135276268804425,0.963361,0.036639
0.7135276268804425,0.931111,0.068889
0.7135276268804425,0.999988,1.2e-05
0.7135276268804425,0.964576,0.035424
0.7135276268804425,0.992627,0.007373
0.7135276268804425,0.999979,2.1e-05
0.7135276268804425,0.99993,7e-05
0.7135276268804425,0.997967,0.002033
0.7135276268804425,0.999786,0.000214
0.7135276268804425,0.997252,0.002748
0.7135276268804425,0.999812,0.000189
0.7135276268804425,0.999742,0.000258
0.7135276268804425,0.991672,0.008329
0.7135276268804425,0.999966,3.4e-05
0.7135276268804425,0.965086,0.034915
0.7135276268804425,0.999925,7.5e-05
0.7135276268804425,0.977842,0.022158
0.7135276268804425,0.955185,0.044815
0.7135276268804425,0.588222,0.411778
0.7135276268804425,0.999973,2.7e-05
0.7135276268804425,0.998066,0.001934
0.7135276268804425,0.999745,0.000255
0.7135276268804425,0.9997,0.0003
0.7135276268804425,0.790024,0.209976
0.7135276268804425,0.999938,6.2e-05
0.7135276268804425,0.988225,0.011775
0.7135276268804425,0.999968,3.2e-05
0.7135276268804425,0.983958,0.016042
0.7135276268804425,0.967836,0.032164
0.7135276268804425,0.99784,0.00216
0.7135276268804425,0.999985,1.5e-05
0.7135276268804425,0.990562,0.009438
0.7135276268804425,0.597726,0.402274
0.7135276268804425,0.984364,0.015636
0.7135276268804425,0.982224,0.017776
0.7135276268804425,0.998562,0.001438
0.7135276268804425,0.999969,3.1e-05
0.7135276268804425,0.979471,0.020529
0.7135276268804425,0.999379,0.000621
0.7135276268804425,0.998637,0.001363
0.7135276268804425,0.998358,0.001642
0.7135276268804425,0.998119,0.001881
0.7135276268804425,0.988658,0.011342
0.7135276268804425,0.445259,0.554741
0.7135276268804425,0.828758,0.171242
0.7135276268804425,0.989334,0.010666
0.7135276268804425,0.99998,2e-05
0.7135276268804425,0.210002,0.789998
0.7135276268804425,0.999957,4.3e-05
0.7135276268804425,0.998945,0.001055
0.7135276268804425,0.934181,0.065819
0.7135276268804425,0.999911,8.9e-05
0.7135276268804425,0.99994,6e-05
0.7135276268804425,0.973886,0.026114
0.7135276268804425,0.998776,0.001224
0.7135276268804425,0.99993,7e-05
0.7135276268804425,0.972238,0.027761
0.7135276268804425,0.999553,0.000447
0.7135276268804425,0.998986,0.001014
0.7135276268804425,0.999834,0.000166
0.7135276268804425,0.998695,0.001305
0.7135276268804425,0.995277,0.004723
0.7135276268804425,0.999166,0.000833
0.7135276268804425,0.999974,2.6e-05
0.7135276268804425,0.156348,0.843652
0.7135276268804425,0.996134,0.003866
0.7135276268804425,0.998295,0.001705
0.7135276268804425,0.918492,0.081508
0.7135276268804425,0.999932,6.8e-05
0.7135276268804425,0.26377,0.73623
0.7135276268804425,0.999985,1.5e-05
0.7135276268804425,0.998866,0.001134
0.7135276268804425,0.939271,0.060729
0.7135276268804425,0.993069,0.006931
0.7135276268804425,0.998597,0.001403
0.7135276268804425,0.603107,0.396893
0.7135276268804425,0.839499,0.160501
0.7135276268804425,0.823207,0.176793
0.7135276268804425,0.999769,0.000231
0.7135276268804425,0.99996,4.1e-05
0.7135276268804425,0.987967,0.012033
0.7135276268804425,0.984091,0.015909
0.7135276268804425,0.999746,0.000254
0.7135276268804425,0.84108,0.15892
0.7135276268804425,0.937548,0.062452
0.7135276268804425,0.999504,0.000496
0.7135276268804425,0.999673,0.000327
0.7135276268804425,0.999984,1.6e-05
0.7135276268804425,0.999978,2.2e-05
0.7135276268804425,0.999707,0.000293
0.7135276268804425,0.999886,0.000114
0.7135276268804425,0.999834,0.000166
0.7135276268804425,0.996876,0.003124
0.7205276268804424,0.952876,0.047124
0.7205276268804424,0.999819,0.000181
0.7205276268804424,0.715193,0.284807
0.7205276268804424,0.981097,0.018903
0.7205276268804424,0.447663,0.552337
0.7205276268804424,0.47181,0.52819
0.7205276268804424,0.949252,0.050748
0.7205276268804424,0.985317,0.014683
0.7205276268804424,0.976675,0.023325
0.7205276268804424,0.994827,0.005173
0.7205276268804424,0.999534,0.000466
0.7205276268804424,0.999411,0.000589
0.7205276268804424,0.999802,0.000198
0.7205276268804424,0.979643,0.020357
0.7205276268804424,0.999978,2.2e-05
0.7205276268804424,0.997463,0.002537
0.7205276268804424,0.992106,0.007894
0.7205276268804424,0.003963,0.996037
0.7205276268804424,0.924061,0.075939
0.7205276268804424,0.999959,4.1e-05
0.7205276268804424,0.998427,0.001573
0.7205276268804424,0.999982,1.8e-05
0.7205276268804424,0.999866,0.000134
0.7205276268804424,0.993545,0.006455
0.7205276268804424,0.999106,0.000894
0.7205276268804424,0.987841,0.012159
0.7205276268804424,0.980719,0.019281
0.7205276268804424,0.999712,0.000288
0.7205276268804424,0.999973,2.7e-05
0.7205276268804424,0.666365,0.333635
0.7205276268804424,0.99943,0.00057
0.7205276268804424,0.995467,0.004533
0.7205276268804424,0.999975,2.5e-05
0.7205276268804424,0.997665,0.002335
0.7205276268804424,0.999938,6.2e-05
0.7205276268804424,0.976758,0.023242
0.7205276268804424,0.99218,0.00782
0.7205276268804424,0.999979,2.1e-05
0.7205276268804424,0.906022,0.093978
0.7205276268804424,0.999305,0.000695
0.7205276268804424,0.998324,0.001676
0.7205276268804424,0.982627,0.017373
0.7205276268804424,0.999976,2.4e-05
0.7205276268804424,0.812348,0.187652
0.7205276268804424,0.999728,0.000272
0.7205276268804424,0.814716,0.185284
0.7205276268804424,0.997738,0.002262
0.7205276268804424,0.999084,0.000916
0.7205276268804424,0.999957,4.3e-05
0.7205276268804424,0.99259,0.00741
0.7205276268804424,0.997636,0.002364
0.7205276268804424,0.489358,0.510642
0.7205276268804424,0.998369,0.001631
0.7205276268804424,0.972768,0.027232
0.7205276268804424,0.989268,0.010732
0.7205276268804424,0.999307,0.000693
0.7205276268804424,0.99984,0.00016
0.7205276268804424,0.999953,4.7e-05
0.7205276268804424,0.998169,0.001831
0.7205276268804424,0.989755,0.010245
0.7205276268804424,0.999364,0.000636
0.7205276268804424,0.958604,0.041396
0.7205276268804424,0.999742,0.000258
0.7205276268804424,0.921302,0.078698
0.7205276268804424,0.998412,0.001588
0.7205276268804424,0.999898,0.000102
0.7205276268804424,0.999782,0.000218
0.7205276268804424,0.999977,2.3e-05
0.7205276268804424,0.998924,0.001076
0.7205276268804424,0.999905,9.5e-05
0.7205276268804424,0.999947,5.3e-05
0.7205276268804424,0.203572,0.796428
0.7205276268804424,0.996893,0.003107
0.7205276268804424,0.999951,4.9e-05
0.7205276268804424,0.999301,0.000699
0.7205276268804424,0.958,0.042
0.7205276268804424,0.999957,4.3e-05
0.7205276268804424,0.999943,5.7e-05
0.7205276268804424,0.999571,0.000429
0.7205276268804424,0.999889,0.000111
0.7205276268804424,0.838549,0.161451
0.7205276268804424,0.999612,0.000388
0.7205276268804424,0.990584,0.009416
0.7205276268804424,0.999522,0.000478
0.7205276268804424,0.999981,1.9e-05
0.7205276268804424,0.998844,0.001156
0.7205276268804424,0.999799,0.000201
0.7205276268804424,0.996111,0.003889
0.7205276268804424,0.726842,0.273158
0.7205276268804424,0.999848,0.000152
0.7205276268804424,0.849059,0.150941
0.7205276268804424,0.728369,0.271631
0.7205276268804424,0.999359,0.000641
0.7205276268804424,0.996968,0.003032
0.7205276268804424,0.989527,0.010473
0.7205276268804424,0.968795,0.031205
0.7205276268804424,0.999151,0.000849
0.7205276268804424,0.993279,0.006721
0.7205276268804424,0.984171,0.015829
0.7205276268804424,0.934445,0.065555
0.7265276268804424,0.9997,0.0003
0.7265276268804424,0.285767,0.714233
0.7265276268804424,0.991377,0.008623
0.7265276268804424,0.91925,0.08075
0.7265276268804424,0.152035,0.847965
0.7265276268804424,0.873299,0.126701
0.7265276268804424,0.999873,0.000127
0.7265276268804424,0.999924,7.6e-05
0.7265276268804424,0.97603,0.02397
0.7265276268804424,0.994691,0.005309
0.7265276268804424,0.775713,0.224287
0.7265276268804424,0.997677,0.002323
0.7265276268804424,0.996277,0.003723
0.7265276268804424,0.997761,0.002239
0.7265276268804424,0.996906,0.003094
0.7265276268804424,0.655119,0.344881
0.7265276268804424,0.988115,0.011885
0.7265276268804424,0.996799,0.003201
0.7265276268804424,0.985231,0.014769
0.7265276268804424,0.379817,0.620183
0.7265276268804424,0.993604,0.006396
0.7265276268804424,0.99995,5e-05
0.7265276268804424,0.987092,0.012908
0.7265276268804424,0.928912,0.071088
0.7265276268804424,0.96818,0.03182
0.7265276268804424,0.999984,1.6e-05
0.7265276268804424,0.183798,0.816202
0.7265276268804424,0.996619,0.003381
0.7265276268804424,0.999596,0.000404
0.7265276268804424,0.991326,0.008674
0.7265276268804424,0.999791,0.000209
0.7265276268804424,0.95983,0.04017
0.7265276268804424,0.99959,0.00041
0.7265276268804424,0.9982,0.0018
0.7265276268804424,0.973796,0.026204
0.7265276268804424,0.998437,0.001563
0.7265276268804424,0.999958,4.2e-05
0.7265276268804424,0.989871,0.010129
0.7265276268804424,0.999967,3.3e-05
0.7265276268804424,0.998556,0.001444
0.7265276268804424,0.99917,0.00083
0.7265276268804424,0.999951,4.9e-05
0.7265276268804424,0.139251,0.860749
0.7265276268804424,0.999649,0.000351
0.7265276268804424,0.999906,9.4e-05
0.7265276268804424,0.999793,0.000207
0.7265276268804424,0.999924,7.6e-05
0.7265276268804424,0.015389,0.984611
0.7265276268804424,0.999778,0.000222
0.7265276268804424,0.985663,0.014337
0.7265276268804424,0.999361,0.000639
0.7265276268804424,0.999732,0.000268
0.7265276268804424,0.914472,0.085528
0.7265276268804424,0.997962,0.002038
0.7265276268804424,0.996422,0.003578
0.7265276268804424,0.999883,0.000117
0.7265276268804424,0.898724,0.101276
0.7265276268804424,0.889302,0.110698
0.7265276268804424,0.991183,0.008817
0.7265276268804424,0.944413,0.055587
0.7265276268804424,0.993504,0.006496
0.7265276268804424,0.985622,0.014378
0.7265276268804424,0.999947,5.3e-05
0.7265276268804424,0.045357,0.954643
0.7265276268804424,0.999318,0.000681
0.7265276268804424,0.986476,0.013524
0.7265276268804424,0.996054,0.003946
0.7265276268804424,0.994554,0.005446
0.7265276268804424,0.999103,0.000897
0.7265276268804424,0.999926,7.4e-05
0.7265276268804424,0.999594,0.000406
0.7265276268804424,0.998954,0.001046
0.7265276268804424,0.744817,0.255183
0.7265276268804424,0.986095,0.013905
0.7265276268804424,0.999957,4.3e-05
0.7265276268804424,0.563696,0.436304
0.7265276268804424,0.995115,0.004885
0.7265276268804424,0.856921,0.143079
0.7265276268804424,0.998209,0.001791
0.7265276268804424,0.878927,0.121073
0.7265276268804424,0.999796,0.000204
0.7265276268804424,0.999954,4.6e-05
0.7265276268804424,0.031784,0.968216
0.7265276268804424,0.972411,0.027589
0.7265276268804424,0.997937,0.002063
0.7265276268804424,0.019291,0.980709
0.7265276268804424,0.797653,0.202347
0.7265276268804424,0.999983,1.7e-05
0.7265276268804424,0.999974,2.6e-05
0.7265276268804424,0.947134,0.052866
0.7265276268804424,0.387647,0.612353
0.7265276268804424,0.928346,0.071654
0.7265276268804424,0.073615,0.926385
0.7265276268804424,0.979082,0.020918
0.7265276268804424,0.358288,0.641712
0.7265276268804424,0.996739,0.003261
0.7265276268804424,0.999479,0.000521
0.7265276268804424,0.999983,1.7e-05
0.7265276268804424,0.93767,0.06233
0.7265276268804424,0.964506,0.035494
0.7325276268804424,0.999834,0.000166
0.7325276268804424,0.881031,0.118969
0.7325276268804424,0.997027,0.002973
0.7325276268804424,0.999838,0.000162
0.7325276268804424,0.999742,0.000258
0.7325276268804424,0.743585,0.256415
0.7325276268804424,0.998533,0.001467
0.7325276268804424,0.999987,1.3e-05
0.7325276268804424,0.067228,0.932772
0.7325276268804424,0.999983,1.7e-05
0.7325276268804424,0.999984,1.6e-05
0.7325276268804424,0.997408,0.002592
0.7325276268804424,0.999398,0.000602
0.7325276268804424,0.431843,0.568157
0.7325276268804424,0.998934,0.001066
0.7325276268804424,0.920287,0.079713
0.7325276268804424,0.981189,0.018811
0.7325276268804424,0.413456,0.586544
0.7325276268804424,0.831047,0.168953
0.7325276268804424,0.999077,0.000923
0.7325276268804424,0.998536,0.001464
0.7325276268804424,0.025247,0.974753
0.7325276268804424,0.999964,3.6e-05
0.7325276268804424,0.999948,5.2e-05
0.7325276268804424,0.394541,0.605459
0.7325276268804424,0.999914,8.6e-05
0.7325276268804424,0.955203,0.044797
0.7325276268804424,0.692873,0.307127
0.7325276268804424,0.99998,2e-05
0.7325276268804424,0.999912,8.7e-05
0.7325276268804424,0.998743,0.001257
0.7325276268804424,0.999896,0.000104
0.7325276268804424,0.183807,0.816193
0.7325276268804424,0.992256,0.007744
0.7325276268804424,0.999935,6.5e-05
0.7325276268804424,0.999976,2.4e-05
0.7325276268804424,0.882792,0.117208
0.7325276268804424,0.99725,0.00275
0.7325276268804424,0.999837,0.000163
0.7325276268804424,0.999971,2.9e-05
0.7325276268804424,0.998851,0.001149
0.7325276268804424,0.99982,0.00018
0.7325276268804424,0.671156,0.328844
0.7325276268804424,0.992527,0.007473
0.7325276268804424,0.999597,0.000403
0.7325276268804424,0.987501,0.012499
0.7325276268804424,0.232925,0.767075
0.7325276268804424,0.784097,0.215903
0.7325276268804424,0.99912,0.00088
0.7325276268804424,0.990096,0.009904
0.7325276268804424,0.908604,0.091396
0.7325276268804424,0.99448,0.00552
0.7325276268804424,0.999618,0.000382
0.7325276268804424,0.991304,0.008696
0.7325276268804424,0.979794,0.020206
0.7325276268804424,0.999107,0.000893
0.7325276268804424,0.998533,0.001467
0.7325276268804424,0.999963,3.7e-05
0.7325276268804424,0.974587,0.025413
0.7325276268804424,0.999955,4.5e-05
0.7325276268804424,0.648346,0.351654
0.7325276268804424,0.996169,0.003831
0.7325276268804424,0.999878,0.000122
0.7325276268804424,0.989568,0.010432
0.7325276268804424,0.984285,0.015715
0.7325276268804424,0.999907,9.3e-05
0.7325276268804424,0.997718,0.002282
0.7325276268804424,0.395528,0.604472
0.7325276268804424,0.999424,0.000576
0.7325276268804424,0.247938,0.752062
0.7325276268804424,0.801398,0.198602
0.7325276268804424,0.997826,0.002174
0.7325276268804424,0.982302,0.017698
0.7325276268804424,0.999959,4.1e-05
0.7325276268804424,0.999668,0.000332
0.7325276268804424,0.978442,0.021558
0.7325276268804424,0.869219,0.130781
0.7325276268804424,0.999155,0.000845
0.7325276268804424,0.996728,0.003272
0.7325276268804424,0.157749,0.842251
0.7325276268804424,0.999934,6.6e-05
0.7325276268804424,0.984941,0.015059
0.7325276268804424,0.999342,0.000658
0.7325276268804424,0.011119,0.988881
0.7325276268804424,0.996396,0.003604
0.7325276268804424,0.999824,0.000176
0.7325276268804424,0.996663,0.003337
0.7325276268804424,0.99779,0.00221
0.7325276268804424,0.999275,0.000725
0.7325276268804424,0.997244,0.002756
0.7325276268804424,0.918835,0.081165
0.7325276268804424,0.398232,0.601768
0.7325276268804424,0.649076,0.350924
0.7325276268804424,0.613995,0.386005
0.7325276268804424,0.830065,0.169935
0.7325276268804424,0.999972,2.8e-05
0.7325276268804424,0.999983,1.7e-05
0.7325276268804424,0.999397,0.000603
0.7325276268804424,0.99952,0.00048
0.7325276268804424,0.560442,0.439558
0.7385276268804424,0.303366,0.696634
0.7385276268804424,0.960548,0.039452
0.7385276268804424,0.672161,0.327839
0.7385276268804424,0.999951,4.9e-05
0.7385276268804424,0.986406,0.013594
0.7385276268804424,0.759768,0.240232
0.7385276268804424,0.999488,0.000512
0.7385276268804424,0.453082,0.546918
0.7385276268804424,0.999456,0.000544
0.7385276268804424,0.999959,4.1e-05
0.7385276268804424,0.996127,0.003873
0.7385276268804424,0.999974,2.6e-05
0.7385276268804424,0.999663,0.000337
0.7385276268804424,0.999198,0.000802
0.7385276268804424,0.999926,7.4e-05
0.7385276268804424,0.84786,0.15214
0.7385276268804424,0.858914,0.141086
0.7385276268804424,0.999869,0.000131
0.7385276268804424,0.999733,0.000267
0.7385276268804424,0.994495,0.005505
0.7385276268804424,0.999972,2.8e-05
0.7385276268804424,0.469584,0.530416
0.7385276268804424,0.803817,0.196183
0.7385276268804424,0.999955,4.5e-05
0.7385276268804424,0.99879,0.00121
0.7385276268804424,0.999963,3.7e-05
0.7385276268804424,0.99275,0.00725
0.7385276268804424,0.989201,0.010799
0.7385276268804424,0.73854,0.26146
0.7385276268804424,0.94923,0.05077
0.7385276268804424,0.99997,3e-05
0.7385276268804424,0.997497,0.002503
0.7385276268804424,0.961236,0.038764
0.7385276268804424,0.990417,0.009583
0.7385276268804424,0.99123,0.00877
0.7385276268804424,0.987106,0.012894
0.7385276268804424,0.999259,0.000741
0.7385276268804424,0.99943,0.00057
0.7385276268804424,0.967998,0.032002
0.7385276268804424,0.999224,0.000776
0.7385276268804424,0.997642,0.002358
0.7385276268804424,0.936858,0.063142
0.7385276268804424,0.765076,0.234924
0.7385276268804424,0.999522,0.000478
0.7385276268804424,0.999775,0.000225
0.7385276268804424,0.366913,0.633087
0.7385276268804424,0.99162,0.00838
0.7385276268804424,0.999984,1.6e-05
0.7385276268804424,0.895212,0.104788
0.7385276268804424,0.967369,0.032631
0.7385276268804424,0.999956,4.4e-05
0.7385276268804424,0.992758,0.007242
0.7385276268804424,0.637289,0.362711
0.7385276268804424,0.999499,0.000501
0.7385276268804424,0.974168,0.025832
0.7385276268804424,0.69771,0.30229
0.7385276268804424,0.991142,0.008857
0.7385276268804424,0.972669,0.027331
0.7385276268804424,0.999498,0.000502
0.7385276268804424,0.844884,0.155116
0.7385276268804424,0.976634,0.023366
0.7385276268804424,0.945932,0.054068
0.7385276268804424,0.999923,7.7e-05
0.7385276268804424,0.999977,2.3e-05
0.7385276268804424,0.998342,0.001658
0.7385276268804424,0.992537,0.007463
0.7385276268804424,0.999949,5.1e-05
0.7385276268804424,0.998903,0.001097
0.7385276268804424,0.818433,0.181567
0.7385276268804424,0.997186,0.002814
0.7385276268804424,0.957386,0.042614
0.7385276268804424,0.998791,0.001209
0.7385276268804424,0.99534,0.00466
0.7385276268804424,0.926471,0.073529
0.7385276268804424,0.609274,0.390726
0.7385276268804424,0.997748,0.002252
0.7385276268804424,0.962293,0.037707
0.7385276268804424,0.998673,0.001327
0.7385276268804424,0.982179,0.017821
0.7385276268804424,0.532365,0.467635
0.7385276268804424,0.994283,0.005717
0.7385276268804424,0.978563,0.021437
0.7385276268804424,0.013865,0.986135
0.7385276268804424,0.976358,0.023642
0.7385276268804424,0.902122,0.097878
0.7385276268804424,0.704572,0.295428
0.7385276268804424,0.996857,0.003143
0.7385276268804424,0.895902,0.104098
0.7385276268804424,0.965813,0.034187
0.7385276268804424,0.992892,0.007108
0.7385276268804424,0.990979,0.009021
0.7385276268804424,0.99999,1e-05
0.7385276268804424,0.999624,0.000376
0.7385276268804424,0.999354,0.000646
0.7385276268804424,0.998566,0.001434
0.7385276268804424,0.99992,8e-05
0.7385276268804424,0.999436,0.000564
0.7385276268804424,0.85383,0.14617
0.7385276268804424,0.99986,0.00014
0.7385276268804424,0.998782,0.001218
0.7445276268804424,0.997503,0.002497
0.7445276268804424,0.99,0.01
0.7445276268804424,0.901672,0.098328
0.7445276268804424,0.989918,0.010082
0.7445276268804424,0.999977,2.3e-05
0.7445276268804424,0.979718,0.020282
0.7445276268804424,0.933761,0.066239
0.7445276268804424,0.199622,0.800378
0.7445276268804424,0.999946,5.4e-05
0.7445276268804424,0.994267,0.005733
0.7445276268804424,0.999108,0.000892
0.7445276268804424,0.996173,0.003827
0.7445276268804424,0.866035,0.133965
0.7445276268804424,0.91748,0.082519
0.7445276268804424,0.999947,5.3e-05
0.7445276268804424,0.023585,0.976415
0.7445276268804424,0.99956,0.00044
0.7445276268804424,0.99996,4e-05
0.7445276268804424,0.9928,0.0072
0.7445276268804424,0.999903,9.7e-05
0.7445276268804424,0.999769,0.000231
0.7445276268804424,0.977434,0.022566
0.7445276268804424,0.996078,0.003922
0.7445276268804424,0.999827,0.000173
0.7445276268804424,0.999973,2.7e-05
0.7445276268804424,0.964535,0.035465
0.7445276268804424,0.99998,1.9e-05
0.7445276268804424,0.999114,0.000886
0.7445276268804424,0.989084,0.010916
0.7445276268804424,0.923882,0.076118
0.7445276268804424,0.023152,0.976848
0.7445276268804424,0.998286,0.001714
0.7445276268804424,0.004285,0.995715
0.7445276268804424,0.60265,0.39735
0.7445276268804424,0.999617,0.000383
0.7445276268804424,0.998214,0.001786
0.7445276268804424,0.999976,2.4e-05
0.7445276268804424,0.767594,0.232406
0.7445276268804424,0.915626,0.084374
0.7445276268804424,0.990533,0.009467
0.7445276268804424,0.044922,0.955078
0.7445276268804424,0.878225,0.121775
0.7445276268804424,0.713131,0.286869
0.7445276268804424,0.999946,5.4e-05
0.7445276268804424,0.999955,4.5e-05
0.7445276268804424,0.978483,0.021517
0.7445276268804424,0.998753,0.001247
0.7445276268804424,0.99743,0.00257
0.7445276268804424,0.025897,0.974103
0.7445276268804424,0.952204,0.047796
0.7445276268804424,0.99995,5e-05
0.7445276268804424,0.983002,0.016998
0.7445276268804424,0.773828,0.226172
0.7445276268804424,0.997158,0.002842
0.7445276268804424,0.11996,0.88004
0.7445276268804424,0.999868,0.000132
0.7445276268804424,0.995787,0.004213
0.7445276268804424,0.999664,0.000336
0.7445276268804424,0.974644,0.025356
0.7445276268804424,0.999861,0.000139
0.7445276268804424,0.991264,0.008736
0.7445276268804424,0.198531,0.801469
0.7445276268804424,0.999987,1.3e-05
0.7445276268804424,0.99944,0.00056
0.7445276268804424,0.9938,0.0062
0.7445276268804424,0.993238,0.006762
0.7445276268804424,0.999965,3.5e-05
0.7445276268804424,0.999268,0.000732
0.7445276268804424,0.76972,0.23028
0.7445276268804424,0.997127,0.002873
0.7445276268804424,0.756509,0.243491
0.7445276268804424,0.997041,0.002959
0.7445276268804424,0.983213,0.016787
0.7445276268804424,0.721396,0.278604
0.7445276268804424,0.992761,0.007239
0.7445276268804424,0.815196,0.184804
0.7445276268804424,0.999605,0.000395
0.7445276268804424,0.999976,2.3e-05
0.7445276268804424,0.99423,0.00577
0.7445276268804424,0.999438,0.000562
0.7445276268804424,0.936515,0.063485
0.7445276268804424,0.443953,0.556047
0.7445276268804424,0.999973,2.7e-05
0.7445276268804424,0.409511,0.590489
0.7445276268804424,0.996908,0.003092
0.7445276268804424,0.896082,0.103918
0.7445276268804424,0.988186,0.011814
0.7445276268804424,0.657094,0.342906
0.7445276268804424,0.999773,0.000227
0.7445276268804424,0.745598,0.254402
0.7445276268804424,0.985146,0.014854
0.7445276268804424,0.999948,5.2e-05
0.7445276268804424,0.977086,0.022914
0.7445276268804424,0.994555,0.005445
0.7445276268804424,0.720101,0.279899
0.7445276268804424,0.989063,0.010937
0.7445276268804424,0.999929,7.1e-05
0.7445276268804424,0.999977,2.3e-05
0.7445276268804424,0.992566,0.007434
0.7445276268804424,0.999973,2.7e-05
0.7505276268804424,0.996385,0.003615
0.7505276268804424,0.999956,4.4e-05
0.7505276268804424,0.995016,0.004984
0.7505276268804424,0.983103,0.016897
0.7505276268804424,0.996865,0.003135
0.7505276268804424,0.999787,0.000213
0.7505276268804424,0.374536,0.625464
0.7505276268804424,0.108152,0.891848
0.7505276268804424,0.99263,0.00737
0.7505276268804424,0.994972,0.005028
0.7505276268804424,0.995369,0.004631
0.7505276268804424,0.997434,0.002567
0.7505276268804424,0.999829,0.000171
0.7505276268804424,0.999928,7.2e-05
0.7505276268804424,0.992767,0.007233
0.7505276268804424,0.007885,0.992115
0.7505276268804424,0.99947,0.00053
0.7505276268804424,0.999748,0.000252
0.7505276268804424,0.996783,0.003217
0.7505276268804424,0.989162,0.010838
0.7505276268804424,0.381337,0.618663
0.7505276268804424,0.706755,0.293244
0.7505276268804424,0.992511,0.007489
0.7505276268804424,0.999558,0.000442
0.7505276268804424,0.999909,9.1e-05
0.7505276268804424,0.999888,0.000112
0.7505276268804424,0.999256,0.000744
0.7505276268804424,0.999952,4.8e-05
0.7505276268804424,0.801721,0.198279
0.7505276268804424,0.983416,0.016584
0.7505276268804424,0.805684,0.194316
0.7505276268804424,0.916658,0.083342
0.7505276268804424,0.917947,0.082053
0.7505276268804424,0.967439,0.032561
0.7505276268804424,0.818341,0.181659
0.7505276268804424,0.948837,0.051163
0.7505276268804424,0.998847,0.001153
0.7505276268804424,0.995433,0.004567
0.7505276268804424,0.999887,0.000113
0.7505276268804424,0.097006,0.902994
0.7505276268804424,0.999942,5.8e-05
0.7505276268804424,0.947853,0.052147
0.7505276268804424,0.985221,0.014779
0.7505276268804424,0.999423,0.000577
0.7505276268804424,0.221649,0.778351
0.7505276268804424,0.774502,0.225498
0.7505276268804424,0.918801,0.081199
0.7505276268804424,0.998871,0.001129
0.7505276268804424,0.999947,5.3e-05
0.7505276268804424,0.999978,2.2e-05
0.7505276268804424,0.999973,2.7e-05
0.7505276268804424,0.993699,0.006301
0.7505276268804424,0.504232,0.495768
0.7505276268804424,0.178194,0.821806
0.7505276268804424,0.981904,0.018096
0.7505276268804424,0.503501,0.496499
0.7505276268804424,0.999361,0.000639
0.7505276268804424,0.999145,0.000855
0.7505276268804424,0.976554,0.023446
0.7505276268804424,0.975305,0.024695
0.7505276268804424,0.79808,0.20192
0.7505276268804424,0.126254,0.873746
0.7505276268804424,0.995265,0.004735
0.7505276268804424,0.713488,0.286512
0.7505276268804424,0.745717,0.254283
0.7505276268804424,0.99984,0.00016
0.7505276268804424,0.887631,0.112369
0.7505276268804424,0.99994,6e-05
0.7505276268804424,0.996966,0.003034
0.7505276268804424,0.867595,0.132405
0.7505276268804424,0.875224,0.124775
0.7505276268804424,0.975621,0.024379
0.7505276268804424,0.09247,0.90753
0.7505276268804424,0.205821,0.794179
0.7505276268804424,0.857027,0.142973
0.7505276268804424,0.999855,0.000145
0.7505276268804424,0.999793,0.000207
0.7505276268804424,0.903315,0.096685
0.7505276268804424,0.014468,0.985532
0.7505276268804424,0.998692,0.001308
0.7505276268804424,0.551442,0.448558
0.7505276268804424,0.997246,0.002754
0.7505276268804424,0.994346,0.005654
0.7505276268804424,0.495347,0.504653
0.7505276268804424,0.999417,0.000583
0.7505276268804424,0.023816,0.976184
0.7505276268804424,0.129556,0.870444
0.7505276268804424,0.896791,0.103209
0.7505276268804424,0.579991,0.420009
0.7505276268804424,0.999812,0.000189
0.7505276268804424,0.4928,0.5072
0.7505276268804424,0.999929,7.1e-05
0.7505276268804424,0.999562,0.000438
0.7505276268804424,0.588469,0.411531
0.7505276268804424,0.999177,0.000823
0.7505276268804424,0.999085,0.000915
0.7505276268804424,0.999291,0.000709
0.7505276268804424,0.998699,0.001301
0.7505276268804424,0.999903,9.7e-05
0.7505276268804424,0.999634,0.000366
0.7565276268804424,0.509367,0.490633
0.7565276268804424,0.997352,0.002648
0.7565276268804424,0.999986,1.4e-05
0.7565276268804424,0.996937,0.003063
0.7565276268804424,0.984316,0.015684
0.7565276268804424,0.600208,0.399792
0.7565276268804424,0.998438,0.001562
0.7565276268804424,0.997253,0.002747
0.7565276268804424,0.99999,1e-05
0.7565276268804424,0.999937,6.3e-05
0.7565276268804424,0.999047,0.000953
0.7565276268804424,0.99934,0.00066
0.7565276268804424,0.988869,0.011131
0.7565276268804424,0.999878,0.000122
0.7565276268804424,0.999835,0.000165
0.7565276268804424,0.999211,0.000789
0.7565276268804424,0.997054,0.002946
0.7565276268804424,0.897156,0.102844
0.7565276268804424,0.99086,0.00914
0.7565276268804424,0.999261,0.000739
0.7565276268804424,0.61241,0.387589
0.7565276268804424,0.999774,0.000226
0.7565276268804424,0.998317,0.001683
0.7565276268804424,0.999819,0.000181
0.7565276268804424,0.950402,0.049598
0.7565276268804424,0.999942,5.8e-05
0.7565276268804424,0.991152,0.008848
0.7565276268804424,0.999716,0.000284
0.7565276268804424,0.01695,0.98305
0.7565276268804424,0.991505,0.008495
0.7565276268804424,0.593387,0.406613
0.7565276268804424,0.999912,8.8e-05
0.7565276268804424,0.081071,0.918929
0.7565276268804424,0.518312,0.481688
0.7565276268804424,0.999883,0.000117
0.7565276268804424,0.446146,0.553854
0.7565276268804424,0.979141,0.020859
0.7565276268804424,0.994328,0.005672
0.7565276268804424,0.093193,0.906807
0.7565276268804424,0.999937,6.3e-05
0.7565276268804424,0.999924,7.6e-05
0.7565276268804424,0.918133,0.081867
0.7565276268804424,0.999891,0.000109
0.7565276268804424,0.999677,0.000323
0.7565276268804424,0.998345,0.001655
0.7565276268804424,0.998996,0.001004
0.7565276268804424,0.997886,0.002115
0.7565276268804424,0.994958,0.005042
0.7565276268804424,0.701551,0.298449
0.7565276268804424,0.968246,0.031754
0.7565276268804424,0.761427,0.238573
0.7565276268804424,0.999989,1.1e-05
0.7565276268804424,0.999757,0.000243
0.7565276268804424,0.082607,0.917393
0.7565276268804424,0.909533,0.090467
0.7565276268804424,0.998801,0.001199
0.7565276268804424,0.979729,0.020271
0.7565276268804424,0.992488,0.007512
0.7565276268804424,0.940935,0.059065
0.7565276268804424,0.955648,0.044352
0.7565276268804424,0.974878,0.025122
0.7565276268804424,0.988647,0.011353
0.7565276268804424,0.997701,0.002299
0.7565276268804424,0.968664,0.031336
0.7565276268804424,0.999971,2.9e-05
0.7565276268804424,0.884842,0.115158
0.7565276268804424,0.681359,0.318641
0.7565276268804424,0.963041,0.036959
0.7565276268804424,0.096165,0.903835
0.7565276268804424,0.999974,2.6e-05
0.7565276268804424,0.960355,0.039645
0.7565276268804424,0.792715,0.207285
0.7565276268804424,0.311695,0.688305
0.7565276268804424,0.99999,1e-05
0.7565276268804424,0.999843,0.000157
0.7565276268804424,0.031546,0.968454
0.7565276268804424,0.998308,0.001692
0.7565276268804424,0.999861,0.000139
0.7565276268804424,0.999598,0.000402
0.7565276268804424,0.99999,1e-05
0.7565276268804424,0.001841,0.998159
0.7565276268804424,0.999768,0.000232
0.7565276268804424,0.997797,0.002203
0.7565276268804424,0.999935,6.5e-05
0.7565276268804424,0.946573,0.053427
0.7565276268804424,0.998286,0.001714
0.7565276268804424,0.115797,0.884203
0.7565276268804424,0.99993,7e-05
0.7565276268804424,0.472825,0.527175
0.7565276268804424,0.999857,0.000143
0.7565276268804424,0.1286,0.8714
0.7565276268804424,0.983405,0.016595
0.7565276268804424,0.99993,7e-05
0.7565276268804424,0.987269,0.012731
0.7565276268804424,0.999977,2.3e-05
0.7565276268804424,0.996167,0.003833
0.7565276268804424,0.999091,0.000909
0.7565276268804424,0.999922,7.8e-05
0.7565276268804424,0.941041,0.058959
0.7565276268804424,0.26991,0.73009
0.7625276268804424,0.99954,0.00046
0.7625276268804424,0.999448,0.000553
0.7625276268804424,0.252714,0.747286
0.7625276268804424,0.99662,0.00338
0.7625276268804424,0.999534,0.000466
0.7625276268804424,0.999972,2.8e-05
0.7625276268804424,0.256702,0.743298
0.7625276268804424,0.998631,0.001369
0.7625276268804424,0.999473,0.000527
0.7625276268804424,0.549277,0.450723
0.7625276268804424,0.997479,0.002521
0.7625276268804424,0.983805,0.016195
0.7625276268804424,0.997676,0.002324
0.7625276268804424,0.951938,0.048062
0.7625276268804424,0.998962,0.001038
0.7625276268804424,0.99216,0.00784
0.7625276268804424,0.999739,0.000261
0.7625276268804424,0.999295,0.000705
0.7625276268804424,0.948868,0.051132
0.7625276268804424,0.985267,0.014733
0.7625276268804424,0.596026,0.403974
0.7625276268804424,0.999879,0.000121
0.7625276268804424,0.998466,0.001534
0.7625276268804424,0.999038,0.000962
0.7625276268804424,0.996982,0.003018
0.7625276268804424,0.984781,0.015219
0.7625276268804424,0.878254,0.121746
0.7625276268804424,0.999971,2.9e-05
0.7625276268804424,0.999983,1.7e-05
0.7625276268804424,0.999909,9.1e-05
0.7625276268804424,0.9953,0.0047
0.7625276268804424,0.337495,0.662505
0.7625276268804424,0.999485,0.000515
0.7625276268804424,0.998286,0.001714
0.7625276268804424,0.921544,0.078456
0.7625276268804424,0.972232,0.027769
0.7625276268804424,0.99988,0.00012
0.7625276268804424,0.907249,0.092751
0.7625276268804424,0.996702,0.003298
0.7625276268804424,0.973228,0.026772
0.7625276268804424,0.667246,0.332754
0.7625276268804424,0.999916,8.4e-05
0.7625276268804424,0.99763,0.00237
0.7625276268804424,0.174312,0.825688
0.7625276268804424,0.996805,0.003195
0.7625276268804424,0.99802,0.00198
0.7625276268804424,0.999573,0.000427
0.7625276268804424,0.999763,0.000237
0.7625276268804424,0.994601,0.005399
0.7625276268804424,0.982518,0.017482
0.7625276268804424,0.999974,2.6e-05
0.7625276268804424,0.992061,0.007939
0.7625276268804424,0.999964,3.6e-05
0.7625276268804424,0.996089,0.003911
0.7625276268804424,0.355141,0.644859
0.7625276268804424,0.998541,0.001459
0.7625276268804424,0.999798,0.000202
0.7625276268804424,0.999914,8.6e-05
0.7625276268804424,0.822729,0.177271
0.7625276268804424,0.998657,0.001343
0.7625276268804424,0.983674,0.016326
0.7625276268804424,0.997339,0.002661
0.7625276268804424,0.718697,0.281303
0.7625276268804424,0.999982,1.8e-05
0.7625276268804424,0.347772,0.652228
0.7625276268804424,0.997691,0.002309
0.7625276268804424,0.999867,0.000133
0.7625276268804424,0.999938,6.2e-05
0.7625276268804424,0.479414,0.520586
0.7625276268804424,0.983408,0.016591
0.7625276268804424,0.996776,0.003224
0.7625276268804424,0.998499,0.001501
0.7625276268804424,0.9977,0.0023
0.7625276268804424,0.978468,0.021532
0.7625276268804424,0.975253,0.024747
0.7625276268804424,0.900523,0.099477
0.7625276268804424,0.999982,1.8e-05
0.7625276268804424,0.999439,0.000561
0.7625276268804424,0.991154,0.008846
0.7625276268804424,0.004391,0.995609
0.7625276268804424,0.973744,0.026256
0.7625276268804424,0.968237,0.031763
0.7625276268804424,0.999977,2.3e-05
0.7625276268804424,0.809269,0.190731
0.7625276268804424,0.933017,0.066983
0.7625276268804424,0.999939,6.1e-05
0.7625276268804424,0.000184,0.999816
0.7625276268804424,0.985879,0.014121
0.7625276268804424,0.034127,0.965873
0.7625276268804424,0.999565,0.000435
0.7625276268804424,0.115577,0.884423
0.7625276268804424,0.999856,0.000144
0.7625276268804424,0.990904,0.009096
0.7625276268804424,0.157912,0.842088
0.7625276268804424,0.999926,7.4e-05
0.7625276268804424,0.99405,0.00595
0.7625276268804424,0.984856,0.015144
0.7625276268804424,0.999186,0.000814
0.7625276268804424,0.999965,3.5e-05
0.7625276268804424,0.977145,0.022855
0.7685276268804424,0.999779,0.000221
0.7685276268804424,0.999985,1.5e-05
0.7685276268804424,0.356972,0.643028
0.7685276268804424,0.911886,0.088114
0.7685276268804424,0.945916,0.054084
0.7685276268804424,0.998824,0.001176
0.7685276268804424,0.878611,0.121389
0.7685276268804424,0.942967,0.057033
0.7685276268804424,0.999046,0.000954
0.7685276268804424,0.999631,0.000369
0.7685276268804424,0.959149,0.040851
0.7685276268804424,0.999905,9.5e-05
0.7685276268804424,0.7279,0.2721
0.7685276268804424,0.910456,0.089544
0.7685276268804424,0.999406,0.000594
0.7685276268804424,0.995356,0.004644
0.7685276268804424,0.961421,0.038579
0.7685276268804424,0.156736,0.843264
0.7685276268804424,0.999761,0.000239
0.7685276268804424,0.999447,0.000553
0.7685276268804424,0.999887,0.000113
0.7685276268804424,0.980302,0.019698
0.7685276268804424,0.999861,0.000139
0.7685276268804424,0.999132,0.000868
0.7685276268804424,0.999981,1.9e-05
0.7685276268804424,0.996883,0.003117
0.7685276268804424,0.999233,0.000767
0.7685276268804424,0.999734,0.000266
0.7685276268804424,0.973292,0.026708
0.7685276268804424,0.531524,0.468476
0.7685276268804424,0.887793,0.112207
0.7685276268804424,0.998556,0.001444
0.7685276268804424,0.999968,3.2e-05
0.7685276268804424,0.095929,0.904071
0.7685276268804424,0.996488,0.003512
0.7685276268804424,0.999866,0.000134
0.7685276268804424,0.999988,1.2e-05
0.7685276268804424,0.968426,0.031574
0.7685276268804424,0.999922,7.7e-05
0.7685276268804424,0.59942,0.40058
0.7685276268804424,0.641838,0.358163
0.7685276268804424,0.995955,0.004045
0.7685276268804424,0.007912,0.992088
0.7685276268804424,0.557739,0.442261
0.7685276268804424,0.999152,0.000848
0.7685276268804424,0.999857,0.000143
0.7685276268804424,0.999988,1.2e-05
0.7685276268804424,0.999615,0.000385
0.7685276268804424,0.999367,0.000633
0.7685276268804424,0.999425,0.000575
0.7685276268804424,0.992525,0.007475
0.7685276268804424,0.980751,0.019249
0.7685276268804424,0.960456,0.039544
0.7685276268804424,0.99994,6e-05
0.7685276268804424,0.992443,0.007557
0.7685276268804424,0.549856,0.450144
0.7685276268804424,0.959255,0.040746
0.7685276268804424,0.999984,1.5e-05
0.7685276268804424,0.001176,0.998824
0.7685276268804424,0.998355,0.001645
0.7685276268804424,0.999698,0.000302
0.7685276268804424,0.999724,0.000276
0.7685276268804424,0.998454,0.001546
0.7685276268804424,0.999949,5.1e-05
0.7685276268804424,0.854369,0.145631
0.7685276268804424,0.982515,0.017485
0.7685276268804424,0.845247,0.154753
0.7685276268804424,0.999447,0.000553
0.7685276268804424,0.6543,0.3457
0.7685276268804424,0.999264,0.000736
0.7685276268804424,0.883215,0.116786
0.7685276268804424,0.576638,0.423362
0.7685276268804424,0.287608,0.712392
0.7685276268804424,0.999755,0.000245
0.7685276268804424,0.958787,0.041213
0.7685276268804424,0.982547,0.017453
0.7685276268804424,0.999975,2.5e-05
0.7685276268804424,0.998202,0.001798
0.7685276268804424,0.04793,0.95207
0.7685276268804424,0.387124,0.612876
0.7685276268804424,0.005538,0.994462
0.7685276268804424,0.999948,5.2e-05
0.7685276268804424,0.63462,0.36538
0.7685276268804424,0.68643,0.31357
0.7685276268804424,0.999939,6.1e-05
0.7685276268804424,0.999711,0.000289
0.7685276268804424,0.027588,0.972412
0.7685276268804424,0.046048,0.953952
0.7685276268804424,0.51796,0.48204
0.7685276268804424,0.027213,0.972787
0.7685276268804424,0.745881,0.254119
0.7685276268804424,0.99998,2e-05
0.7685276268804424,0.889455,0.110545
0.7685276268804424,0.999312,0.000688
0.7685276268804424,0.896442,0.103558
0.7685276268804424,0.999956,4.4e-05
0.7685276268804424,0.040636,0.959364
0.7685276268804424,0.991608,0.008392
0.7685276268804424,0.049218,0.950782
0.7685276268804424,0.903933,0.096067
0.7745276268804424,0.999979,2.1e-05
0.7745276268804424,0.993662,0.006338
0.7745276268804424,0.953722,0.046278
0.7745276268804424,0.999802,0.000198
0.7745276268804424,0.999963,3.7e-05
0.7745276268804424,0.999965,3.5e-05
0.7745276268804424,0.629192,0.370808
0.7745276268804424,0.99974,0.00026
0.7745276268804424,0.999923,7.7e-05
0.7745276268804424,0.999135,0.000865
0.7745276268804424,0.656716,0.343284
0.7745276268804424,0.067055,0.932945
0.7745276268804424,0.999909,9.1e-05
0.7745276268804424,0.231884,0.768116
0.7745276268804424,0.136317,0.863683
0.7745276268804424,0.999892,0.000107
0.7745276268804424,0.998051,0.001949
0.7745276268804424,0.934056,0.065944
0.7745276268804424,0.989607,0.010393
0.7745276268804424,0.989482,0.010518
0.7745276268804424,0.996772,0.003228
0.7745276268804424,0.999968,3.2e-05
0.7745276268804424,0.217707,0.782293
0.7745276268804424,0.412076,0.587924
0.7745276268804424,0.999958,4.2e-05
0.7745276268804424,0.997081,0.002919
0.7745276268804424,0.999906,9.4e-05
0.7745276268804424,0.904743,0.095257
0.7745276268804424,0.999968,3.2e-05
0.7745276268804424,0.94805,0.05195
0.7745276268804424,0.999745,0.000255
0.7745276268804424,0.992504,0.007496
0.7745276268804424,0.985041,0.014959
0.7745276268804424,0.999595,0.000405
0.7745276268804424,0.99995,5e-05
0.7745276268804424,0.999962,3.8e-05
0.7745276268804424,0.95616,0.04384
0.7745276268804424,0.962015,0.037985
0.7745276268804424,0.999872,0.000128
0.7745276268804424,0.998242,0.001758
0.7745276268804424,0.999939,6.1e-05
0.7745276268804424,0.04103,0.95897
0.7745276268804424,0.990064,0.009936
0.7745276268804424,0.999945,5.5e-05
0.7745276268804424,0.99993,7e-05
0.7745276268804424,0.99993,7e-05
0.7745276268804424,0.849216,0.150784
0.7745276268804424,0.999841,0.000159
0.7745276268804424,0.933237,0.066763
0.7745276268804424,0.991343,0.008657
0.7745276268804424,0.580866,0.419134
0.7745276268804424,0.999936,6.4e-05
0.7745276268804424,0.179015,0.820985
0.7745276268804424,0.806478,0.193522
0.7745276268804424,0.999318,0.000682
0.7745276268804424,0.995897,0.004103
0.7745276268804424,0.826616,0.173383
0.7745276268804424,0.998681,0.001319
0.7745276268804424,0.275656,0.724344
0.7745276268804424,0.999861,0.000139
0.7745276268804424,0.999554,0.000446
0.7745276268804424,0.08327,0.91673
0.7745276268804424,0.997315,0.002685
0.7745276268804424,0.719754,0.280246
0.7745276268804424,0.999018,0.000982
0.7745276268804424,0.999134,0.000866
0.7745276268804424,0.461513,0.538487
0.7745276268804424,0.99996,4e-05
0.7745276268804424,0.999904,9.6e-05
0.7745276268804424,0.993937,0.006063
0.7745276268804424,0.999847,0.000153
0.7745276268804424,0.999647,0.000353
0.7745276268804424,0.398443,0.601557
0.7745276268804424,0.999625,0.000375
0.7745276268804424,0.99996,4e-05
0.7745276268804424,0.647614,0.352386
0.7745276268804424,0.999597,0.000403
0.7745276268804424,0.996729,0.003271
0.7745276268804424,0.141548,0.858452
0.7745276268804424,0.674759,0.325241
0.7745276268804424,0.541752,0.458248
0.7745276268804424,0.065234,0.934766
0.7745276268804424,0.999915,8.5e-05
0.7745276268804424,0.999768,0.000232
0.7745276268804424,0.97198,0.02802
0.7745276268804424,0.999133,0.000867
0.7745276268804424,0.999792,0.000208
0.7745276268804424,0.894722,0.105278
0.7745276268804424,0.999809,0.000191
0.7745276268804424,0.006886,0.993114
0.7745276268804424,0.987019,0.012981
0.7745276268804424,0.997054,0.002946
0.7745276268804424,0.999467,0.000533
0.7745276268804424,0.999984,1.6e-05
0.7745276268804424,0.114248,0.885752
0.7745276268804424,0.370007,0.629993
0.7745276268804424,0.593297,0.406703
0.7745276268804424,0.978338,0.021662
0.7745276268804424,0.999665,0.000335
0.7745276268804424,0.915341,0.084659
0.7805276268804424,0.981627,0.018373
0.7805276268804424,0.997671,0.002329
0.7805276268804424,0.423137,0.576863
0.7805276268804424,0.936096,0.063905
0.7805276268804424,0.998106,0.001894
0.7805276268804424,0.999974,2.6e-05
0.7805276268804424,0.709626,0.290374
0.7805276268804424,0.999976,2.4e-05
0.7805276268804424,0.997868,0.002132
0.7805276268804424,0.952825,0.047175
0.7805276268804424,0.951627,0.048373
0.7805276268804424,0.961066,0.038934
0.7805276268804424,0.219009,0.780991
0.7805276268804424,0.957462,0.042538
0.7805276268804424,0.155115,0.844885
0.7805276268804424,0.985151,0.014849
0.7805276268804424,0.999037,0.000963
0.7805276268804424,0.99994,6e-05
0.7805276268804424,0.197125,0.802875
0.7805276268804424,0.999729,0.000271
0.7805276268804424,0.95413,0.045869
0.7805276268804424,0.000304,0.999696
0.7805276268804424,0.999889,0.000111
0.7805276268804424,0.602504,0.397496
0.7805276268804424,0.960622,0.039378
0.7805276268804424,0.984159,0.015841
0.7805276268804424,0.986012,0.013988
0.7805276268804424,0.711924,0.288076
0.7805276268804424,0.027566,0.972434
0.7805276268804424,0.999843,0.000157
0.7805276268804424,0.863106,0.136895
0.7805276268804424,0.999821,0.000179
0.7805276268804424,0.990534,0.009466
0.7805276268804424,0.973479,0.026521
0.7805276268804424,0.890358,0.109642
0.7805276268804424,0.761005,0.238995
0.7805276268804424,0.879001,0.120999
0.7805276268804424,0.944984,0.055017
0.7805276268804424,0.99519,0.00481
0.7805276268804424,0.939884,0.060116
0.7805276268804424,0.715568,0.284432
0.7805276268804424,0.529345,0.470655
0.7805276268804424,0.867222,0.132778
0.7805276268804424,0.209408,0.790592
0.7805276268804424,0.004558,0.995442
0.7805276268804424,0.998055,0.001945
0.7805276268804424,0.953904,0.046096
0.7805276268804424,0.999229,0.000771
0.7805276268804424,0.999904,9.6e-05
0.7805276268804424,0.995592,0.004408
0.7805276268804424,0.316341,0.683659
0.7805276268804424,0.999384,0.000615
0.7805276268804424,0.077563,0.922437
0.7805276268804424,0.415132,0.584868
0.7805276268804424,0.982364,0.017636
0.7805276268804424,0.088672,0.911328
0.7805276268804424,0.999556,0.000444
0.7805276268804424,0.951105,0.048895
0.7805276268804424,0.998854,0.001145
0.7805276268804424,0.45155,0.54845
0.7805276268804424,0.774292,0.225708
0.7805276268804424,0.999875,0.000125
0.7805276268804424,0.99993,7e-05
0.7805276268804424,0.999455,0.000545
0.7805276268804424,0.999215,0.000785
0.7805276268804424,0.996318,0.003682
0.7805276268804424,0.99979,0.00021
0.7805276268804424,0.999588,0.000412
0.7805276268804424,0.998887,0.001113
0.7805276268804424,0.39405,0.60595
0.7805276268804424,0.893708,0.106292
0.7805276268804424,0.992701,0.007299
0.7805276268804424,0.812244,0.187757
0.7805276268804424,0.001007,0.998993
0.7805276268804424,0.999962,3.8e-05
0.7805276268804424,0.999946,5.4e-05
0.7805276268804424,0.995967,0.004033
0.7805276268804424,0.217544,0.782456
0.7805276268804424,0.999378,0.000622
0.7805276268804424,0.999901,9.9e-05
0.7805276268804424,0.999931,6.9e-05
0.7805276268804424,0.982884,0.017116
0.7805276268804424,0.9999,0.0001
0.7805276268804424,0.731543,0.268457
0.7805276268804424,0.235668,0.764332
0.7805276268804424,0.999944,5.6e-05
0.7805276268804424,0.998803,0.001197
0.7805276268804424,0.997437,0.002563
0.7805276268804424,0.000502,0.999498
0.7805276268804424,0.997165,0.002835
0.7805276268804424,0.988515,0.011485
0.7805276268804424,0.836193,0.163807
0.7805276268804424,0.344018,0.655982
0.7805276268804424,0.993723,0.006277
0.7805276268804424,0.999563,0.000437
0.7805276268804424,0.359107,0.640893
0.7805276268804424,0.99959,0.00041
0.7805276268804424,0.999804,0.000196
0.7805276268804424,0.988364,0.011636
0.7805276268804424,0.167046,0.832954
0.7865276268804424,0.999918,8.2e-05
0.7865276268804424,0.82061,0.17939
0.7865276268804424,0.673566,0.326434
0.7865276268804424,0.41913,0.58087
0.7865276268804424,0.804531,0.195469
0.7865276268804424,0.999772,0.000228
0.7865276268804424,0.462071,0.537928
0.7865276268804424,0.998964,0.001036
0.7865276268804424,0.999659,0.000341
0.7865276268804424,0.930496,0.069504
0.7865276268804424,0.998037,0.001963
0.7865276268804424,0.998294,0.001706
0.7865276268804424,0.97101,0.02899
0.7865276268804424,0.481129,0.518871
0.7865276268804424,0.976179,0.023821
0.7865276268804424,0.600981,0.399019
0.7865276268804424,0.998589,0.001411
0.7865276268804424,0.973076,0.026924
0.7865276268804424,0.826538,0.173462
0.7865276268804424,0.998897,0.001103
0.7865276268804424,0.99216,0.00784
0.7865276268804424,0.996946,0.003054
0.7865276268804424,0.999833,0.000167
0.7865276268804424,0.999957,4.3e-05
0.7865276268804424,0.999191,0.000809
0.7865276268804424,0.883091,0.116909
0.7865276268804424,0.999703,0.000297
0.7865276268804424,0.999847,0.000153
0.7865276268804424,0.999923,7.7e-05
0.7865276268804424,0.999944,5.6e-05
0.7865276268804424,0.444643,0.555357
0.7865276268804424,0.998553,0.001447
0.7865276268804424,0.568639,0.431361
0.7865276268804424,0.046293,0.953707
0.7865276268804424,0.996661,0.003339
0.7865276268804424,0.999741,0.000259
0.7865276268804424,0.986398,0.013602
0.7865276268804424,0.995606,0.004394
0.7865276268804424,0.981974,0.018026
0.7865276268804424,0.003476,0.996524
0.7865276268804424,0.968762,0.031238
0.7865276268804424,0.856368,0.143632
0.7865276268804424,0.981569,0.018431
0.7865276268804424,0.973207,0.026793
0.7865276268804424,0.151692,0.848308
0.7865276268804424,0.996517,0.003483
0.7865276268804424,0.997854,0.002146
0.7865276268804424,0.999823,0.000177
0.7865276268804424,0.949499,0.050501
0.7865276268804424,0.933972,0.066028
0.7865276268804424,0.940003,0.059997
0.7865276268804424,0.996893,0.003107
0.7865276268804424,0.857463,0.142537
0.7865276268804424,0.998957,0.001043
0.7865276268804424,0.999126,0.000874
0.7865276268804424,0.987417,0.012583
0.7865276268804424,0.33619,0.66381
0.7865276268804424,0.305137,0.694863
0.7865276268804424,0.977051,0.022949
0.7865276268804424,0.997497,0.002503
0.7865276268804424,0.99455,0.00545
0.7865276268804424,0.359038,0.640962
0.7865276268804424,0.999971,2.9e-05
0.7865276268804424,0.99995,5e-05
0.7865276268804424,0.999407,0.000593
0.7865276268804424,0.989992,0.010008
0.7865276268804424,0.999864,0.000136
0.7865276268804424,0.999961,3.9e-05
0.7865276268804424,0.999986,1.3e-05
0.7865276268804424,0.814344,0.185656
0.7865276268804424,0.997182,0.002818
0.7865276268804424,0.970847,0.029153
0.7865276268804424,0.981944,0.018056
0.7865276268804424,0.999885,0.000115
0.7865276268804424,0.993693,0.006307
0.7865276268804424,0.008564,0.991436
0.7865276268804424,0.897759,0.102241
0.7865276268804424,0.465441,0.534559
0.7865276268804424,0.951475,0.048525
0.7865276268804424,0.976261,0.023739
0.7865276268804424,0.598684,0.401316
0.7865276268804424,0.998373,0.001627
0.7865276268804424,0.998684,0.001316
0.7865276268804424,0.549005,0.450995
0.7865276268804424,0.039188,0.960812
0.7865276268804424,0.999622,0.000378
0.7865276268804424,0.061683,0.938317
0.7865276268804424,0.998346,0.001654
0.7865276268804424,0.165587,0.834413
0.7865276268804424,0.145348,0.854652
0.7865276268804424,0.828949,0.171051
0.7865276268804424,0.983974,0.016026
0.7865276268804424,0.977418,0.022582
0.7865276268804424,0.091298,0.908702
0.7865276268804424,0.99983,0.00017
0.7865276268804424,0.002322,0.997678
0.7865276268804424,0.999986,1.3e-05
0.7865276268804424,0.999178,0.000822
0.7865276268804424,0.999724,0.000276
0.7865276268804424,0.626471,0.373529
0.7925276268804424,0.862614,0.137386
0.7925276268804424,0.996426,0.003574
0.7925276268804424,0.037996,0.962004
0.7925276268804424,0.999623,0.000377
0.7925276268804424,0.873082,0.126918
0.7925276268804424,0.308884,0.691116
0.7925276268804424,0.997599,0.002401
0.7925276268804424,0.990244,0.009756
0.7925276268804424,0.992814,0.007186
0.7925276268804424,0.960236,0.039764
0.7925276268804424,0.999682,0.000318
0.7925276268804424,0.994956,0.005044
0.7925276268804424,0.925055,0.074945
0.7925276268804424,0.998541,0.001459
0.7925276268804424,0.000815,0.999185
0.7925276268804424,0.784194,0.215806
0.7925276268804424,0.73378,0.26622
0.7925276268804424,0.999896,0.000104
0.7925276268804424,0.904766,0.095234
0.7925276268804424,0.875713,0.124287
0.7925276268804424,0.088777,0.911223
0.7925276268804424,0.986302,0.013698
0.7925276268804424,0.993447,0.006553
0.7925276268804424,0.971874,0.028126
0.7925276268804424,0.99663,0.00337
0.7925276268804424,0.421668,0.578332
0.7925276268804424,0.013516,0.986484
0.7925276268804424,0.999896,0.000104
0.7925276268804424,0.988917,0.011083
0.7925276268804424,0.011406,0.988593
0.7925276268804424,0.050556,0.949444
0.7925276268804424,0.999728,0.000271
0.7925276268804424,0.514349,0.485651
0.7925276268804424,0.999793,0.000207
0.7925276268804424,0.434253,0.565747
0.7925276268804424,0.994464,0.005536
0.7925276268804424,0.999947,5.3e-05
0.7925276268804424,0.976032,0.023968
0.7925276268804424,0.182335,0.817665
0.7925276268804424,0.934115,0.065885
0.7925276268804424,0.999679,0.000321
0.7925276268804424,0.999854,0.000146
0.7925276268804424,0.999809,0.000191
0.7925276268804424,0.999809,0.000191
0.7925276268804424,0.999968,3.2e-05
0.7925276268804424,0.401382,0.598618
0.7925276268804424,0.999064,0.000936
0.7925276268804424,0.999982,1.8e-05
0.7925276268804424,0.933362,0.066638
0.7925276268804424,0.296006,0.703994
0.7925276268804424,0.503639,0.496361
0.7925276268804424,0.632493,0.367507
0.7925276268804424,0.97371,0.02629
0.7925276268804424,0.175076,0.824924
0.7925276268804424,0.999927,7.3e-05
0.7925276268804424,0.999724,0.000276
0.7925276268804424,0.276848,0.723152
0.7925276268804424,0.999975,2.5e-05
0.7925276268804424,0.286224,0.713776
0.7925276268804424,0.010146,0.989854
0.7925276268804424,0.999969,3.1e-05
0.7925276268804424,0.720243,0.279757
0.7925276268804424,0.999392,0.000608
0.7925276268804424,0.99997,3e-05
0.7925276268804424,0.952781,0.047219
0.7925276268804424,0.998962,0.001038
0.7925276268804424,0.456546,0.543454
0.7925276268804424,0.089188,0.910812
0.7925276268804424,0.654472,0.345528
0.7925276268804424,0.999973,2.7e-05
0.7925276268804424,0.999968,3.1e-05
0.7925276268804424,0.06767,0.93233
0.7925276268804424,0.001548,0.998452
0.7925276268804424,0.864274,0.135726
0.7925276268804424,0.395402,0.604598
0.7925276268804424,0.23965,0.76035
0.7925276268804424,0.985234,0.014766
0.7925276268804424,0.065024,0.934976
0.7925276268804424,0.365875,0.634125
0.7925276268804424,0.153665,0.846335
0.7925276268804424,0.999585,0.000415
0.7925276268804424,0.998296,0.001704
0.7925276268804424,0.948324,0.051676
0.7925276268804424,0.999872,0.000128
0.7925276268804424,0.99957,0.00043
0.7925276268804424,0.989943,0.010057
0.7925276268804424,0.99961,0.00039
0.7925276268804424,0.992855,0.007145
0.7925276268804424,0.312727,0.687273
0.7925276268804424,0.996443,0.003557
0.7925276268804424,0.995462,0.004538
0.7925276268804424,0.99752,0.00248
0.7925276268804424,0.064369,0.935631
0.7925276268804424,0.997947,0.002053
0.7925276268804424,0.463764,0.536236
0.7925276268804424,0.990497,0.009503
0.7925276268804424,0.999978,2.2e-05
0.7925276268804424,0.928905,0.071095
0.7925276268804424,0.985158,0.014842
0.7925276268804424,0.417062,0.582938
0.7985276268804424,0.88249,0.11751
0.7985276268804424,0.163256,0.836744
0.7985276268804424,0.587148,0.412852
0.7985276268804424,0.055164,0.944836
0.7985276268804424,0.988983,0.011017
0.7985276268804424,0.999564,0.000436
0.7985276268804424,0.124437,0.875563
0.7985276268804424,0.999318,0.000682
0.7985276268804424,0.042576,0.957424
0.7985276268804424,0.999937,6.3e-05
0.7985276268804424,4.2e-05,0.999958
0.7985276268804424,0.782271,0.217729
0.7985276268804424,0.647323,0.352677
0.7985276268804424,0.847906,0.152094
0.7985276268804424,0.997914,0.002086
0.7985276268804424,0.654018,0.345982
0.7985276268804424,0.991938,0.008062
0.7985276268804424,0.423711,0.576289
0.7985276268804424,0.999841,0.000159
0.7985276268804424,0.999945,5.5e-05
0.7985276268804424,0.988204,0.011796
0.7985276268804424,0.999694,0.000306
0.7985276268804424,0.950459,0.049541
0.7985276268804424,0.981451,0.018549
0.7985276268804424,0.999379,0.000621
0.7985276268804424,0.9991,0.0009
0.7985276268804424,0.987621,0.012379
0.7985276268804424,0.998368,0.001632
0.7985276268804424,0.016279,0.983721
0.7985276268804424,0.985644,0.014356
0.7985276268804424,0.984939,0.015061
0.7985276268804424,0.997566,0.002434
0.7985276268804424,0.948019,0.051981
0.7985276268804424,0.146407,0.853592
0.7985276268804424,0.644452,0.355548
0.7985276268804424,0.695779,0.304221
0.7985276268804424,0.999181,0.000819
0.7985276268804424,0.998495,0.001505
0.7985276268804424,0.995972,0.004028
0.7985276268804424,0.999988,1.2e-05
0.7985276268804424,0.048679,0.951321
0.7985276268804424,0.123744,0.876256
0.7985276268804424,0.999289,0.000711
0.7985276268804424,0.992001,0.007999
0.7985276268804424,0.355968,0.644032
0.7985276268804424,0.555745,0.444255
0.7985276268804424,0.844656,0.155344
0.7985276268804424,0.99961,0.000389
0.7985276268804424,0.327021,0.672979
0.7985276268804424,0.585045,0.414954
0.7985276268804424,0.991433,0.008567
0.7985276268804424,0.000251,0.999749
0.7985276268804424,0.231791,0.768209
0.7985276268804424,0.23372,0.76628
0.7985276268804424,0.690244,0.309756
0.7985276268804424,0.931981,0.068019
0.7985276268804424,0.991301,0.008699
0.7985276268804424,0.728208,0.271792
0.7985276268804424,0.000127,0.999873
0.7985276268804424,0.999986,1.4e-05
0.7985276268804424,0.914435,0.085565
0.7985276268804424,0.904897,0.095103
0.7985276268804424,0.995364,0.004636
0.7985276268804424,0.10751,0.89249
0.7985276268804424,0.999834,0.000166
0.7985276268804424,0.942197,0.057803
0.7985276268804424,0.101505,0.898495
0.7985276268804424,0.012343,0.987657
0.7985276268804424,0.977746,0.022255
0.7985276268804424,0.99242,0.00758
0.7985276268804424,0.999951,4.9e-05
0.7985276268804424,0.001063,0.998937
0.7985276268804424,0.985322,0.014678
0.7985276268804424,0.640775,0.359225
0.7985276268804424,0.935739,0.064261
0.7985276268804424,0.001256,0.998744
0.7985276268804424,0.931715,0.068285
0.7985276268804424,0.950267,0.049733
0.7985276268804424,0.998238,0.001762
0.7985276268804424,0.999949,5.1e-05
0.7985276268804424,0.914286,0.085714
0.7985276268804424,0.927474,0.072526
0.7985276268804424,0.55763,0.44237
0.7985276268804424,0.999303,0.000697
0.7985276268804424,0.378289,0.621711
0.7985276268804424,0.244026,0.755974
0.7985276268804424,0.997042,0.002958
0.7985276268804424,0.999034,0.000966
0.7985276268804424,0.327694,0.672306
0.7985276268804424,0.000202,0.999798
0.7985276268804424,0.51001,0.48999
0.7985276268804424,0.351116,0.648884
0.7985276268804424,0.989501,0.010499
0.7985276268804424,0.751279,0.248721
0.7985276268804424,0.000113,0.999887
0.7985276268804424,0.999985,1.5e-05
0.7985276268804424,0.973229,0.026771
0.7985276268804424,0.999984,1.6e-05
0.7985276268804424,0.993242,0.006758
0.7985276268804424,0.999878,0.000122
0.8045276268804424,0.706503,0.293497
0.8045276268804424,0.974146,0.025854
0.8045276268804424,0.716121,0.283879
0.8045276268804424,0.350469,0.649531
0.8045276268804424,0.928593,0.071407
0.8045276268804424,0.774632,0.225368
0.8045276268804424,0.764158,0.235842
0.8045276268804424,0.100526,0.899474
0.8045276268804424,0.932626,0.067373
0.8045276268804424,0.996885,0.003115
0.8045276268804424,0.003828,0.996172
0.8045276268804424,0.999538,0.000462
0.8045276268804424,0.543198,0.456802
0.8045276268804424,0.789779,0.210221
0.8045276268804424,0.970229,0.029771
0.8045276268804424,0.999832,0.000168
0.8045276268804424,0.757389,0.242611
0.8045276268804424,0.001586,0.998414
0.8045276268804424,0.945818,0.054182
0.8045276268804424,0.877807,0.122193
0.8045276268804424,0.524835,0.475165
0.8045276268804424,0.041981,0.958019
0.8045276268804424,0.996614,0.003386
0.8045276268804424,0.934405,0.065595
0.8045276268804424,0.960759,0.039241
0.8045276268804424,0.999248,0.000752
0.8045276268804424,0.712909,0.287091
0.8045276268804424,0.315616,0.684384
0.8045276268804424,0.881815,0.118185
0.8045276268804424,0.994789,0.005211
0.8045276268804424,0.01392,0.98608
0.8045276268804424,0.969751,0.030249
0.8045276268804424,0.647269,0.352731
0.8045276268804424,0.365072,0.634928
0.8045276268804424,0.997279,0.002721
0.8045276268804424,0.435108,0.564892
0.8045276268804424,0.931245,0.068755
0.8045276268804424,0.973398,0.026602
0.8045276268804424,0.955844,0.044156
0.8045276268804424,0.006883,0.993116
0.8045276268804424,0.885267,0.114733
0.8045276268804424,0.108275,0.891726
0.8045276268804424,0.999837,0.000163
0.8045276268804424,0.313086,0.686914
0.8045276268804424,0.945705,0.054295
0.8045276268804424,0.573156,0.426844
0.8045276268804424,0.992139,0.007861
0.8045276268804424,0.90379,0.09621
0.8045276268804424,0.970399,0.029601
0.8045276268804424,0.931408,0.068592
0.8045276268804424,0.35343,0.64657
0.8045276268804424,0.350013,0.649987
0.8045276268804424,0.999982,1.8e-05
0.8045276268804424,0.044523,0.955477
0.8045276268804424,0.999853,0.000147
0.8045276268804424,0.998972,0.001028
0.8045276268804424,0.999712,0.000288
0.8045276268804424,0.997798,0.002202
0.8045276268804424,0.983793,0.016207
0.8045276268804424,0.999504,0.000496
0.8045276268804424,0.816054,0.183946
0.8045276268804424,0.986897,0.013103
0.8045276268804424,0.964831,0.035169
0.8045276268804424,0.99958,0.00042
0.8045276268804424,0.998577,0.001423
0.8045276268804424,0.981649,0.018351
0.8045276268804424,0.229546,0.770454
0.8045276268804424,0.999968,3.2e-05
0.8045276268804424,0.998988,0.001012
0.8045276268804424,0.105595,0.894405
0.8045276268804424,0.445651,0.554349
0.8045276268804424,0.240864,0.759136
0.8045276268804424,0.999598,0.000402
0.8045276268804424,0.999162,0.000838
0.8045276268804424,0.457773,0.542227
0.8045276268804424,0.295528,0.704472
0.8045276268804424,0.999986,1.4e-05
0.8045276268804424,0.999389,0.000611
0.8045276268804424,0.999938,6.2e-05
0.8045276268804424,0.906908,0.093092
0.8045276268804424,0.506857,0.493143
0.8045276268804424,0.681001,0.318999
0.8045276268804424,0.883933,0.116067
0.8045276268804424,0.774902,0.225098
0.8045276268804424,0.992103,0.007897
0.8045276268804424,0.999884,0.000116
0.8045276268804424,0.029306,0.970694
0.8045276268804424,0.84832,0.15168
0.8045276268804424,0.999745,0.000255
0.8045276268804424,0.040621,0.959379
0.8045276268804424,0.84453,0.15547
0.8045276268804424,0.349018,0.650982
0.8045276268804424,0.999989,1.1e-05
0.8045276268804424,0.999959,4.1e-05
0.8045276268804424,0.627531,0.372469
0.8045276268804424,0.701873,0.298127
0.8045276268804424,0.021821,0.978179
0.8045276268804424,0.469559,0.530441
0.8045276268804424,0.991771,0.008229
0.8045276268804424,0.881223,0.118777
0.8105276268804424,0.01897,0.98103
0.8105276268804424,0.999007,0.000993
0.8105276268804424,0.035692,0.964308
0.8105276268804424,0.945006,0.054994
0.8105276268804424,0.998129,0.001871
0.8105276268804424,0.834235,0.165765
0.8105276268804424,0.880617,0.119383
0.8105276268804424,0.966516,0.033484
0.8105276268804424,0.980613,0.019387
0.8105276268804424,0.999986,1.4e-05
0.8105276268804424,0.999134,0.000866
0.8105276268804424,0.999601,0.000399
0.8105276268804424,0.99804,0.00196
0.8105276268804424,0.999902,9.8e-05
0.8105276268804424,0.622695,0.377305
0.8105276268804424,0.226609,0.773391
0.8105276268804424,0.000435,0.999565
0.8105276268804424,0.22499,0.77501
0.8105276268804424,0.978518,0.021483
0.8105276268804424,0.023615,0.976385
0.8105276268804424,0.999164,0.000836
0.8105276268804424,0.996408,0.003591
0.8105276268804424,0.999882,0.000118
0.8105276268804424,0.998034,0.001966
0.8105276268804424,0.955404,0.044596
0.8105276268804424,0.544099,0.455901
0.8105276268804424,0.549342,0.450658
0.8105276268804424,0.991442,0.008558
0.8105276268804424,0.919455,0.080545
0.8105276268804424,0.995634,0.004366
0.8105276268804424,0.999656,0.000344
0.8105276268804424,0.074957,0.925043
0.8105276268804424,0.997878,0.002122
0.8105276268804424,0.978712,0.021288
0.8105276268804424,0.816788,0.183212
0.8105276268804424,0.812162,0.187838
0.8105276268804424,0.862956,0.137043
0.8105276268804424,0.969837,0.030163
0.8105276268804424,0.367307,0.632693
0.8105276268804424,0.998502,0.001498
0.8105276268804424,0.999583,0.000417
0.8105276268804424,0.571054,0.428946
0.8105276268804424,0.699682,0.300318
0.8105276268804424,0.871151,0.128849
0.8105276268804424,0.288231,0.711769
0.8105276268804424,0.850122,0.149878
0.8105276268804424,0.708109,0.291891
0.8105276268804424,0.747844,0.252156
0.8105276268804424,0.15839,0.84161
0.8105276268804424,0.101267,0.898733
0.8105276268804424,0.964931,0.035069
0.8105276268804424,0.985804,0.014196
0.8105276268804424,0.074928,0.925072
0.8105276268804424,0.998421,0.001579
0.8105276268804424,0.216549,0.783451
0.8105276268804424,0.27632,0.72368
0.8105276268804424,0.992148,0.007852
0.8105276268804424,0.999533,0.000467
0.8105276268804424,0.972422,0.027578
0.8105276268804424,0.917118,0.082882
0.8105276268804424,0.99978,0.00022
0.8105276268804424,0.560222,0.439778
0.8105276268804424,0.000837,0.999163
0.8105276268804424,0.6871,0.3129
0.8105276268804424,0.954743,0.045257
0.8105276268804424,0.941036,0.058964
0.8105276268804424,0.985904,0.014096
0.8105276268804424,0.999699,0.000301
0.8105276268804424,0.998298,0.001702
0.8105276268804424,0.761395,0.238605
0.8105276268804424,0.999733,0.000267
0.8105276268804424,0.988078,0.011922
0.8105276268804424,0.119499,0.880501
0.8105276268804424,0.003447,0.996553
0.8105276268804424,0.000192,0.999808
0.8105276268804424,0.979543,0.020457
0.8105276268804424,0.985812,0.014188
0.8105276268804424,0.001776,0.998224
0.8105276268804424,0.95729,0.04271
0.8105276268804424,0.999955,4.5e-05
0.8105276268804424,0.941208,0.058792
0.8105276268804424,0.999797,0.000203
0.8105276268804424,0.24969,0.75031
0.8105276268804424,0.953038,0.046962
0.8105276268804424,0.986256,0.013744
0.8105276268804424,0.998765,0.001235
0.8105276268804424,0.996493,0.003507
0.8105276268804424,0.969728,0.030272
0.8105276268804424,0.999688,0.000312
0.8105276268804424,0.004089,0.995911
0.8105276268804424,0.999922,7.8e-05
0.8105276268804424,0.994485,0.005515
0.8105276268804424,0.965779,0.034221
0.8105276268804424,0.259182,0.740818
0.8105276268804424,0.085697,0.914303
0.8105276268804424,0.999508,0.000492
0.8105276268804424,0.788467,0.211533
0.8105276268804424,0.998412,0.001588
0.8105276268804424,0.993986,0.006014
0.8105276268804424,0.309709,0.690291
0.8165276268804424,0.723214,0.276786
0.8165276268804424,0.660343,0.339657
0.8165276268804424,0.901767,0.098233
0.8165276268804424,0.917228,0.082772
0.8165276268804424,0.508139,0.491861
0.8165276268804424,0.903451,0.096549
0.8165276268804424,0.651542,0.348458
0.8165276268804424,0.936512,0.063488
0.8165276268804424,0.93104,0.06896
0.8165276268804424,0.315178,0.684822
0.8165276268804424,0.999625,0.000375
0.8165276268804424,0.890675,0.109325
0.8165276268804424,0.606854,0.393146
0.8165276268804424,0.993398,0.006602
0.8165276268804424,0.898343,0.101657
0.8165276268804424,0.970355,0.029645
0.8165276268804424,0.150259,0.849741
0.8165276268804424,0.474776,0.525224
0.8165276268804424,0.409137,0.590863
0.8165276268804424,0.296832,0.703168
0.8165276268804424,0.285263,0.714737
0.8165276268804424,0.296456,0.703544
0.8165276268804424,0.94046,0.05954
0.8165276268804424,0.995502,0.004498
0.8165276268804424,0.016665,0.983335
0.8165276268804424,0.990889,0.009111
0.8165276268804424,0.998709,0.001291
0.8165276268804424,0.999981,1.9e-05
0.8165276268804424,0.975444,0.024556
0.8165276268804424,0.98359,0.01641
0.8165276268804424,0.999587,0.000413
0.8165276268804424,0.083,0.917
0.8165276268804424,0.9997,0.0003
0.8165276268804424,0.229263,0.770737
0.8165276268804424,0.997954,0.002046
0.8165276268804424,1.3e-05,0.999987
0.8165276268804424,0.999517,0.000483
0.8165276268804424,0.990587,0.009413
0.8165276268804424,0.999583,0.000417
0.8165276268804424,0.648523,0.351477
0.8165276268804424,0.358974,0.641026
0.8165276268804424,0.400289,0.59971
0.8165276268804424,0.998624,0.001376
0.8165276268804424,0.996002,0.003998
0.8165276268804424,0.002261,0.997739
0.8165276268804424,0.766493,0.233507
0.8165276268804424,0.000428,0.999572
0.8165276268804424,0.540384,0.459616
0.8165276268804424,0.998429,0.001571
0.8165276268804424,0.006671,0.99333
0.8165276268804424,0.99912,0.00088
0.8165276268804424,0.906255,0.093745
0.8165276268804424,0.996261,0.003739
0.8165276268804424,0.993028,0.006972
0.8165276268804424,0.618542,0.381458
0.8165276268804424,0.052447,0.947553
0.8165276268804424,0.133825,0.866175
0.8165276268804424,0.002727,0.997273
0.8165276268804424,0.996095,0.003905
0.8165276268804424,0.990378,0.009622
0.8165276268804424,0.99853,0.00147
0.8165276268804424,0.990485,0.009515
0.8165276268804424,0.57414,0.42586
0.8165276268804424,0.001849,0.998151
0.8165276268804424,0.914519,0.085481
0.8165276268804424,0.846271,0.153729
0.8165276268804424,0.008286,0.991714
0.8165276268804424,0.987416,0.012585
0.8165276268804424,0.111129,0.888871
0.8165276268804424,0.510122,0.489878
0.8165276268804424,0.947558,0.052442
0.8165276268804424,0.396089,0.603911
0.8165276268804424,0.651614,0.348386
0.8165276268804424,0.956162,0.043838
0.8165276268804424,0.964512,0.035488
0.8165276268804424,0.996684,0.003316
0.8165276268804424,0.002623,0.997377
0.8165276268804424,0.991772,0.008228
0.8165276268804424,0.577724,0.422276
0.8165276268804424,0.988729,0.011271
0.8165276268804424,0.260206,0.739794
0.8165276268804424,0.987022,0.012978
0.8165276268804424,0.762352,0.237648
0.8165276268804424,0.997056,0.002944
0.8165276268804424,0.978311,0.021689
0.8165276268804424,0.027738,0.972262
0.8165276268804424,0.996777,0.003223
0.8165276268804424,0.008404,0.991596
0.8165276268804424,0.993782,0.006218
0.8165276268804424,0.947228,0.052772
0.8165276268804424,0.133428,0.866572
0.8165276268804424,0.899319,0.100681
0.8165276268804424,0.999808,0.000192
0.8165276268804424,0.475977,0.524023
0.8165276268804424,0.142689,0.857311
0.8165276268804424,0.995971,0.004029
0.8165276268804424,0.668237,0.331763
0.8165276268804424,0.119326,0.880674
0.8165276268804424,0.631776,0.368224
0.8165276268804424,0.936448,0.063552
0.8235276268804423,0.133867,0.866133
0.8235276268804423,0.030612,0.969388
0.8235276268804423,0.460779,0.539221
0.8235276268804423,0.928876,0.071124
0.8235276268804423,0.998202,0.001798
0.8235276268804423,0.864528,0.135472
0.8235276268804423,0.071752,0.928248
0.8235276268804423,0.113513,0.886487
0.8235276268804423,0.017325,0.982675
0.8235276268804423,0.994989,0.005011
0.8235276268804423,0.999774,0.000226
0.8235276268804423,0.108311,0.89169
0.8235276268804423,0.981727,0.018273
0.8235276268804423,0.796361,0.203639
0.8235276268804423,0.181758,0.818242
0.8235276268804423,0.932288,0.067712
0.8235276268804423,0.864502,0.135498
0.8235276268804423,0.037175,0.962825
0.8235276268804423,0.999894,0.000106
0.8235276268804423,0.930856,0.069144
0.8235276268804423,0.999538,0.000462
0.8235276268804423,0.699112,0.300888
0.8235276268804423,0.463148,0.536852
0.8235276268804423,0.999893,0.000107
0.8235276268804423,0.079986,0.920014
0.8235276268804423,0.603888,0.396112
0.8235276268804423,0.998312,0.001688
0.8235276268804423,0.999943,5.7e-05
0.8235276268804423,0.00839,0.99161
0.8235276268804423,0.844126,0.155874
0.8235276268804423,0.914124,0.085876
0.8235276268804423,0.188024,0.811976
0.8235276268804423,0.667174,0.332826
0.8235276268804423,0.843567,0.156433
0.8235276268804423,0.999022,0.000978
0.8235276268804423,0.9956,0.0044
0.8235276268804423,0.999819,0.000181
0.8235276268804423,0.58505,0.41495
0.8235276268804423,0.7229,0.2771
0.8235276268804423,0.129377,0.870623
0.8235276268804423,0.997331,0.002669
0.8235276268804423,0.000342,0.999658
0.8235276268804423,0.018348,0.981652
0.8235276268804423,0.622286,0.377714
0.8235276268804423,0.99493,0.00507
0.8235276268804423,0.40762,0.59238
0.8235276268804423,0.999836,0.000164
0.8235276268804423,0.350788,0.649211
0.8235276268804423,0.928808,0.071192
0.8235276268804423,0.999746,0.000254
0.8235276268804423,0.216005,0.783994
0.8235276268804423,0.338711,0.661289
0.8235276268804423,0.989183,0.010817
0.8235276268804423,0.999721,0.000279
0.8235276268804423,0.003113,0.996887
0.8235276268804423,0.990199,0.009801
0.8235276268804423,0.908366,0.091634
0.8235276268804423,0.148371,0.851629
0.8235276268804423,0.999049,0.000951
0.8235276268804423,0.999984,1.6e-05
0.8235276268804423,0.999843,0.000157
0.8235276268804423,0.999807,0.000193
0.8235276268804423,0.06867,0.93133
0.8235276268804423,0.017439,0.982561
0.8235276268804423,0.032835,0.967165
0.8235276268804423,0.544337,0.455663
0.8235276268804423,0.528286,0.471714
0.8235276268804423,0.787685,0.212315
0.8235276268804423,0.997813,0.002187
0.8235276268804423,0.999426,0.000574
0.8235276268804423,0.999773,0.000227
0.8235276268804423,0.321994,0.678006
0.8235276268804423,0.98347,0.01653
0.8235276268804423,0.995199,0.004801
0.8235276268804423,0.999722,0.000278
0.8235276268804423,0.99996,4e-05
0.8235276268804423,0.998966,0.001035
0.8235276268804423,0.996322,0.003678
0.8235276268804423,0.298485,0.701515
0.8235276268804423,0.997392,0.002608
0.8235276268804423,0.999948,5.2e-05
0.8235276268804423,0.97542,0.02458
0.8235276268804423,0.996692,0.003308
0.8235276268804423,0.042239,0.957761
0.8235276268804423,0.875525,0.124475
0.8235276268804423,0.036982,0.963018
0.8235276268804423,0.121397,0.878603
0.8235276268804423,0.992978,0.007022
0.8235276268804423,0.047459,0.952541
0.8235276268804423,0.942211,0.057789
0.8235276268804423,0.076779,0.923221
0.8235276268804423,0.993906,0.006094
0.8235276268804423,0.435749,0.564251
0.8235276268804423,0.105746,0.894254
0.8235276268804423,0.006895,0.993105
0.8235276268804423,0.959293,0.040707
0.8235276268804423,0.7318,0.2682
0.8235276268804423,0.039257,0.960743
0.8235276268804423,0.00142,0.99858
0.8235276268804423,0.902605,0.097395
0.8295276268804423,0.997376,0.002624
0.8295276268804423,0.254391,0.745609
0.8295276268804423,0.983408,0.016592
0.8295276268804423,0.275604,0.724396
0.8295276268804423,0.177733,0.822267
0.8295276268804423,0.999235,0.000765
0.8295276268804423,0.83259,0.16741
0.8295276268804423,0.999018,0.000982
0.8295276268804423,0.999298,0.000702
0.8295276268804423,0.055926,0.944074
0.8295276268804423,0.334946,0.665054
0.8295276268804423,0.655321,0.344679
0.8295276268804423,0.068711,0.931289
0.8295276268804423,0.938243,0.061757
0.8295276268804423,0.995305,0.004695
0.8295276268804423,0.00016,0.99984
0.8295276268804423,0.887153,0.112847
0.8295276268804423,0.991885,0.008115
0.8295276268804423,0.071639,0.928361
0.8295276268804423,0.999909,9.1e-05
0.8295276268804423,0.000187,0.999813
0.8295276268804423,0.999914,8.6e-05
0.8295276268804423,0.584639,0.415361
0.8295276268804423,0.987003,0.012997
0.8295276268804423,0.999816,0.000184
0.8295276268804423,0.904123,0.095877
0.8295276268804423,0.996118,0.003882
0.8295276268804423,0.636258,0.363742
0.8295276268804423,0.137789,0.862211
0.8295276268804423,0.999387,0.000613
0.8295276268804423,0.541769,0.458231
0.8295276268804423,0.999968,3.2e-05
0.8295276268804423,0.914365,0.085635
0.8295276268804423,0.999759,0.000241
0.8295276268804423,0.568054,0.431946
0.8295276268804423,0.975593,0.024407
0.8295276268804423,0.999816,0.000184
0.8295276268804423,0.042006,0.957994
0.8295276268804423,0.000443,0.999557
0.8295276268804423,0.988761,0.011239
0.8295276268804423,0.370222,0.629778
0.8295276268804423,0.000179,0.999821
0.8295276268804423,0.178262,0.821738
0.8295276268804423,0.988537,0.011463
0.8295276268804423,0.997292,0.002708
0.8295276268804423,0.998892,0.001108
0.8295276268804423,0.002407,0.997593
0.8295276268804423,0.182156,0.817844
0.8295276268804423,0.998285,0.001715
0.8295276268804423,0.998062,0.001938
0.8295276268804423,0.914423,0.085577
0.8295276268804423,0.473015,0.526985
0.8295276268804423,0.99966,0.00034
0.8295276268804423,5.9e-05,0.999941
0.8295276268804423,0.999808,0.000192
0.8295276268804423,0.999032,0.000968
0.8295276268804423,0.223295,0.776705
0.8295276268804423,0.999831,0.000169
0.8295276268804423,0.210263,0.789737
0.8295276268804423,0.000354,0.999646
0.8295276268804423,0.269707,0.730293
0.8295276268804423,0.000247,0.999753
0.8295276268804423,0.990205,0.009795
0.8295276268804423,0.066641,0.933359
0.8295276268804423,0.311192,0.688808
0.8295276268804423,0.998882,0.001118
0.8295276268804423,0.999897,0.000103
0.8295276268804423,0.984172,0.015828
0.8295276268804423,0.003407,0.996593
0.8295276268804423,0.999887,0.000113
0.8295276268804423,0.916403,0.083597
0.8295276268804423,0.480735,0.519265
0.8295276268804423,0.655309,0.344691
0.8295276268804423,0.850711,0.149289
0.8295276268804423,0.937574,0.062426
0.8295276268804423,0.98869,0.011309
0.8295276268804423,0.004672,0.995328
0.8295276268804423,0.046926,0.953074
0.8295276268804423,0.9946,0.0054
0.8295276268804423,0.54605,0.45395
0.8295276268804423,0.050504,0.949496
0.8295276268804423,0.008437,0.991563
0.8295276268804423,0.835253,0.164747
0.8295276268804423,0.983066,0.016934
0.8295276268804423,0.000519,0.999481
0.8295276268804423,0.999126,0.000874
0.8295276268804423,0.99956,0.00044
0.8295276268804423,0.42258,0.57742
0.8295276268804423,0.766848,0.233152
0.8295276268804423,0.947165,0.052836
0.8295276268804423,0.829506,0.170494
0.8295276268804423,0.145953,0.854047
0.8295276268804423,0.931571,0.068429
0.8295276268804423,0.778994,0.221006
0.8295276268804423,0.999931,6.9e-05
0.8295276268804423,0.761051,0.238949
0.8295276268804423,0.502598,0.497402
0.8295276268804423,0.957641,0.042359
0.8295276268804423,0.944414,0.055586
0.8295276268804423,0.99591,0.00409
0.8355276268804424,0.931611,0.068389
0.8355276268804424,0.009191,0.990809
0.8355276268804424,0.997218,0.002782
0.8355276268804424,0.999944,5.6e-05
0.8355276268804424,9.6e-05,0.999904
0.8355276268804424,0.756452,0.243548
0.8355276268804424,0.998913,0.001087
0.8355276268804424,0.01132,0.98868
0.8355276268804424,0.076477,0.923523
0.8355276268804424,0.316091,0.683909
0.8355276268804424,0.994512,0.005489
0.8355276268804424,0.17729,0.82271
0.8355276268804424,0.681238,0.318762
0.8355276268804424,0.973441,0.026559
0.8355276268804424,0.946453,0.053547
0.8355276268804424,0.152718,0.847282
0.8355276268804424,0.948003,0.051997
0.8355276268804424,0.999962,3.8e-05
0.8355276268804424,0.9934,0.0066
0.8355276268804424,0.374832,0.625168
0.8355276268804424,0.994192,0.005808
0.8355276268804424,0.01334,0.98666
0.8355276268804424,0.025261,0.974739
0.8355276268804424,0.69523,0.304771
0.8355276268804424,0.9908,0.0092
0.8355276268804424,0.927128,0.072872
0.8355276268804424,0.493057,0.506943
0.8355276268804424,0.020052,0.979948
0.8355276268804424,0.0108,0.9892
0.8355276268804424,0.997025,0.002975
0.8355276268804424,0.922499,0.077501
0.8355276268804424,0.033423,0.966577
0.8355276268804424,0.994824,0.005176
0.8355276268804424,0.993859,0.006141
0.8355276268804424,0.365185,0.634815
0.8355276268804424,0.999967,3.3e-05
0.8355276268804424,0.913587,0.086413
0.8355276268804424,0.852445,0.147555
0.8355276268804424,0.999614,0.000386
0.8355276268804424,0.052475,0.947525
0.8355276268804424,0.893605,0.106395
0.8355276268804424,0.001279,0.998721
0.8355276268804424,0.979087,0.020913
0.8355276268804424,0.945938,0.054062
0.8355276268804424,0.999477,0.000523
0.8355276268804424,0.859637,0.140363
0.8355276268804424,0.000277,0.999723
0.8355276268804424,0.020881,0.97912
0.8355276268804424,0.135543,0.864457
0.8355276268804424,0.996862,0.003138
0.8355276268804424,0.999756,0.000244
0.8355276268804424,0.999859,0.000141
0.8355276268804424,0.922091,0.077909
0.8355276268804424,0.991675,0.008325
0.8355276268804424,0.999886,0.000114
0.8355276268804424,0.300856,0.699144
0.8355276268804424,0.018855,0.981145
0.8355276268804424,0.926418,0.073582
0.8355276268804424,0.423926,0.576074
0.8355276268804424,0.99752,0.002479
0.8355276268804424,0.242562,0.757438
0.8355276268804424,0.908981,0.091019
0.8355276268804424,0.009576,0.990424
0.8355276268804424,0.238892,0.761108
0.8355276268804424,0.786307,0.213693
0.8355276268804424,0.020979,0.979021
0.8355276268804424,0.985396,0.014604
0.8355276268804424,0.819535,0.180465
0.8355276268804424,0.998527,0.001473
0.8355276268804424,0.997207,0.002793
0.8355276268804424,0.059208,0.940792
0.8355276268804424,0.857896,0.142104
0.8355276268804424,0.970718,0.029282
0.8355276268804424,0.039426,0.960574
0.8355276268804424,0.997779,0.002221
0.8355276268804424,0.999638,0.000362
0.8355276268804424,0.974163,0.025837
0.8355276268804424,0.991789,0.008211
0.8355276268804424,0.937919,0.062081
0.8355276268804424,0.006207,0.993793
0.8355276268804424,0.008758,0.991242
0.8355276268804424,0.964738,0.035262
0.8355276268804424,0.103281,0.896719
0.8355276268804424,0.309589,0.690411
0.8355276268804424,0.982809,0.017191
0.8355276268804424,0.000391,0.999609
0.8355276268804424,0.993415,0.006585
0.8355276268804424,0.139547,0.860453
0.8355276268804424,0.206532,0.793468
0.8355276268804424,0.365079,0.634921
0.8355276268804424,0.537756,0.462244
0.8355276268804424,0.999319,0.000681
0.8355276268804424,0.988821,0.011179
0.8355276268804424,0.000487,0.999513
0.8355276268804424,0.908882,0.091118
0.8355276268804424,0.980048,0.019952
0.8355276268804424,0.038726,0.961274
0.8355276268804424,0.103787,0.896213
0.8355276268804424,0.971999,0.028001
0.8355276268804424,0.564521,0.435478
0.8415276268804424,0.989163,0.010837
0.8415276268804424,0.999395,0.000605
0.8415276268804424,0.999198,0.000802
0.8415276268804424,0.996548,0.003452
0.8415276268804424,0.784884,0.215116
0.8415276268804424,0.033049,0.966951
0.8415276268804424,0.96727,0.032729
0.8415276268804424,0.036953,0.963047
0.8415276268804424,4.6e-05,0.999954
0.8415276268804424,0.965143,0.034857
0.8415276268804424,0.997412,0.002588
0.8415276268804424,0.999729,0.000271
0.8415276268804424,0.265814,0.734186
0.8415276268804424,0.980307,0.019693
0.8415276268804424,0.999962,3.8e-05
0.8415276268804424,0.452057,0.547943
0.8415276268804424,0.17386,0.82614
0.8415276268804424,0.236987,0.763013
0.8415276268804424,0.971674,0.028326
0.8415276268804424,0.008079,0.991921
0.8415276268804424,0.998677,0.001323
0.8415276268804424,0.064728,0.935272
0.8415276268804424,0.857409,0.142591
0.8415276268804424,0.965218,0.034782
0.8415276268804424,0.935768,0.064232
0.8415276268804424,0.475325,0.524675
0.8415276268804424,0.871568,0.128432
0.8415276268804424,0.999497,0.000503
0.8415276268804424,0.777424,0.222576
0.8415276268804424,0.005676,0.994324
0.8415276268804424,0.987331,0.012669
0.8415276268804424,0.99733,0.00267
0.8415276268804424,0.249601,0.750399
0.8415276268804424,0.968803,0.031197
0.8415276268804424,0.656779,0.343221
0.8415276268804424,0.99812,0.00188
0.8415276268804424,0.985868,0.014132
0.8415276268804424,0.038788,0.961212
0.8415276268804424,0.552274,0.447726
0.8415276268804424,0.999862,0.000138
0.8415276268804424,0.591511,0.408489
0.8415276268804424,0.994003,0.005997
0.8415276268804424,0.991783,0.008217
0.8415276268804424,0.625736,0.374264
0.8415276268804424,0.460842,0.539158
0.8415276268804424,0.990937,0.009063
0.8415276268804424,0.994447,0.005553
0.8415276268804424,0.994296,0.005704
0.8415276268804424,0.01281,0.98719
0.8415276268804424,0.213469,0.786531
0.8415276268804424,0.944569,0.055431
0.8415276268804424,4.5e-05,0.999955
0.8415276268804424,0.994004,0.005996
0.8415276268804424,0.998578,0.001422
0.8415276268804424,0.106306,0.893694
0.8415276268804424,0.999083,0.000917
0.8415276268804424,0.329494,0.670506
0.8415276268804424,3e-06,0.999998
0.8415276268804424,0.999287,0.000713
0.8415276268804424,0.904597,0.095403
0.8415276268804424,0.7468,0.2532
0.8415276268804424,0.999423,0.000577
0.8415276268804424,0.999851,0.000149
0.8415276268804424,0.894164,0.105836
0.8415276268804424,0.36197,0.63803
0.8415276268804424,0.985252,0.014748
0.8415276268804424,0.962782,0.037218
0.8415276268804424,0.004082,0.995918
0.8415276268804424,0.188868,0.811132
0.8415276268804424,0.956637,0.043363
0.8415276268804424,0.995132,0.004868
0.8415276268804424,0.997578,0.002423
0.8415276268804424,0.967307,0.032693
0.8415276268804424,0.508469,0.491531
0.8415276268804424,0.999848,0.000152
0.8415276268804424,0.999915,8.5e-05
0.8415276268804424,0.999827,0.000173
0.8415276268804424,0.948161,0.051839
0.8415276268804424,0.019681,0.980319
0.8415276268804424,0.021845,0.978155
0.8415276268804424,0.256177,0.743823
0.8415276268804424,0.002454,0.997546
0.8415276268804424,0.25138,0.74862
0.8415276268804424,0.225545,0.774455
0.8415276268804424,0.998314,0.001686
0.8415276268804424,0.012756,0.987244
0.8415276268804424,0.134095,0.865905
0.8415276268804424,0.321062,0.678938
0.8415276268804424,0.992974,0.007026
0.8415276268804424,0.998864,0.001136
0.8415276268804424,0.890751,0.109249
0.8415276268804424,0.552729,0.447271
0.8415276268804424,0.910543,0.089457
0.8415276268804424,0.996407,0.003593
0.8415276268804424,0.695214,0.304786
0.8415276268804424,0.000942,0.999058
0.8415276268804424,0.399957,0.600043
0.8415276268804424,0.015805,0.984195
0.8415276268804424,0.992715,0.007285
0.8415276268804424,0.000355,0.999645
0.8475276268804424,0.999898,0.000102
0.8475276268804424,0.074293,0.925707
0.8475276268804424,0.999985,1.5e-05
0.8475276268804424,0.738091,0.261909
0.8475276268804424,0.974471,0.025529
0.8475276268804424,0.760706,0.239294
0.8475276268804424,0.981603,0.018397
0.8475276268804424,0.082633,0.917367
0.8475276268804424,0.388269,0.611731
0.8475276268804424,0.072305,0.927695
0.8475276268804424,0.000446,0.999554
0.8475276268804424,0.000494,0.999506
0.8475276268804424,0.987861,0.012139
0.8475276268804424,0.003417,0.996583
0.8475276268804424,0.999643,0.000357
0.8475276268804424,0.995993,0.004007
0.8475276268804424,0.972793,0.027207
0.8475276268804424,0.230456,0.769544
0.8475276268804424,0.998874,0.001126
0.8475276268804424,0.778258,0.221742
0.8475276268804424,0.999526,0.000474
0.8475276268804424,0.133646,0.866354
0.8475276268804424,0.940084,0.059916
0.8475276268804424,0.998435,0.001565
0.8475276268804424,0.625959,0.374041
0.8475276268804424,0.993391,0.006609
0.8475276268804424,0.061486,0.938514
0.8475276268804424,0.162759,0.837242
0.8475276268804424,0.523958,0.476042
0.8475276268804424,0.500538,0.499462
0.8475276268804424,0.994812,0.005188
0.8475276268804424,0.894848,0.105152
0.8475276268804424,0.997122,0.002878
0.8475276268804424,0.007195,0.992805
0.8475276268804424,0.342249,0.657751
0.8475276268804424,0.623229,0.376771
0.8475276268804424,0.977035,0.022965
0.8475276268804424,0.464137,0.535863
0.8475276268804424,0.014203,0.985797
0.8475276268804424,0.973916,0.026084
0.8475276268804424,0.99398,0.00602
0.8475276268804424,0.999891,0.000109
0.8475276268804424,0.978668,0.021332
0.8475276268804424,0.979774,0.020226
0.8475276268804424,0.997585,0.002415
0.8475276268804424,0.000999,0.999001
0.8475276268804424,0.609751,0.390249
0.8475276268804424,0.678322,0.321678
0.8475276268804424,7e-06,0.999993
0.8475276268804424,0.382288,0.617712
0.8475276268804424,0.991224,0.008776
0.8475276268804424,0.959091,0.040909
0.8475276268804424,0.420295,0.579705
0.8475276268804424,0.997244,0.002756
0.8475276268804424,0.385626,0.614374
0.8475276268804424,0.998643,0.001357
0.8475276268804424,0.306463,0.693537
0.8475276268804424,0.000201,0.999799
0.8475276268804424,0.62823,0.37177
0.8475276268804424,0.001569,0.998431
0.8475276268804424,0.973742,0.026258
0.8475276268804424,0.999841,0.000159
0.8475276268804424,0.066709,0.933291
0.8475276268804424,0.997238,0.002762
0.8475276268804424,1e-06,0.999999
0.8475276268804424,0.999892,0.000108
0.8475276268804424,0.543319,0.456681
0.8475276268804424,0.997391,0.002609
0.8475276268804424,0.45376,0.54624
0.8475276268804424,0.875503,0.124497
0.8475276268804424,0.97406,0.02594
0.8475276268804424,0.029745,0.970255
0.8475276268804424,0.999949,5.1e-05
0.8475276268804424,0.999687,0.000313
0.8475276268804424,0.999922,7.8e-05
0.8475276268804424,0.000649,0.999351
0.8475276268804424,0.994752,0.005248
0.8475276268804424,2.6e-05,0.999974
0.8475276268804424,0.200583,0.799417
0.8475276268804424,0.99905,0.00095
0.8475276268804424,0.024703,0.975297
0.8475276268804424,0.011821,0.988179
0.8475276268804424,0.999918,8.2e-05
0.8475276268804424,0.972743,0.027257
0.8475276268804424,0.039601,0.960399
0.8475276268804424,0.330213,0.669787
0.8475276268804424,0.869469,0.130531
0.8475276268804424,0.105628,0.894372
0.8475276268804424,0.778821,0.221179
0.8475276268804424,5e-06,0.999995
0.8475276268804424,0.003135,0.996865
0.8475276268804424,0.8501,0.1499
0.8475276268804424,0.024582,0.975418
0.8475276268804424,0.866237,0.133763
0.8475276268804424,0.001839,0.998161
0.8475276268804424,0.064222,0.935778
0.8475276268804424,0.999899,0.000101
0.8475276268804424,0.831484,0.168516
0.8475276268804424,0.994359,0.005641
0.8475276268804424,0.999435,0.000565
0.8535276268804424,0.90664,0.09336
0.8535276268804424,0.32368,0.67632
0.8535276268804424,0.992205,0.007795
0.8535276268804424,0.107836,0.892164
0.8535276268804424,0.999732,0.000268
0.8535276268804424,0.153864,0.846136
0.8535276268804424,0.145511,0.854489
0.8535276268804424,9.3e-05,0.999907
0.8535276268804424,7e-05,0.99993
0.8535276268804424,0.619683,0.380317
0.8535276268804424,0.999442,0.000557
0.8535276268804424,0.002855,0.997145
0.8535276268804424,0.006956,0.993044
0.8535276268804424,0.934062,0.065937
0.8535276268804424,0.889495,0.110505
0.8535276268804424,0.164741,0.835259
0.8535276268804424,0.006959,0.993041
0.8535276268804424,0.999754,0.000246
0.8535276268804424,0.002763,0.997237
0.8535276268804424,0.309729,0.690271
0.8535276268804424,0.054224,0.945776
0.8535276268804424,0.414553,0.585448
0.8535276268804424,0.034672,0.965328
0.8535276268804424,0.973483,0.026517
0.8535276268804424,0.997255,0.002746
0.8535276268804424,0.185624,0.814376
0.8535276268804424,0.004224,0.995776
0.8535276268804424,0.96555,0.03445
0.8535276268804424,0.997921,0.002079
0.8535276268804424,0.98962,0.01038
0.8535276268804424,0.849354,0.150646
0.8535276268804424,0.998107,0.001893
0.8535276268804424,0.795369,0.204631
0.8535276268804424,0.999199,0.000801
0.8535276268804424,0.307585,0.692415
0.8535276268804424,0.995749,0.004251
0.8535276268804424,0.989847,0.010153
0.8535276268804424,0.999873,0.000127
0.8535276268804424,0.008714,0.991286
0.8535276268804424,0.997952,0.002048
0.8535276268804424,0.996866,0.003134
0.8535276268804424,0.003731,0.996268
0.8535276268804424,0.99985,0.00015
0.8535276268804424,0.239944,0.760056
0.8535276268804424,0.001807,0.998193
0.8535276268804424,0.999873,0.000127
0.8535276268804424,0.904559,0.095441
0.8535276268804424,0.529427,0.470573
0.8535276268804424,0.697897,0.302103
0.8535276268804424,0.068471,0.931529
0.8535276268804424,0.999908,9.2e-05
0.8535276268804424,0.022027,0.977973
0.8535276268804424,0.513334,0.486666
0.8535276268804424,0.999226,0.000774
0.8535276268804424,0.061677,0.938323
0.8535276268804424,0.997044,0.002956
0.8535276268804424,0.966297,0.033703
0.8535276268804424,0.483805,0.516195
0.8535276268804424,0.998624,0.001376
0.8535276268804424,0.998865,0.001135
0.8535276268804424,0.968307,0.031693
0.8535276268804424,0.998162,0.001838
0.8535276268804424,0.999567,0.000433
0.8535276268804424,0.043173,0.956827
0.8535276268804424,0.463386,0.536614
0.8535276268804424,0.885106,0.114894
0.8535276268804424,0.164781,0.835219
0.8535276268804424,0.185267,0.814733
0.8535276268804424,0.022005,0.977995
0.8535276268804424,0.878772,0.121228
0.8535276268804424,0.305333,0.694667
0.8535276268804424,0.998975,0.001025
0.8535276268804424,0.192413,0.807587
0.8535276268804424,0.99389,0.00611
0.8535276268804424,0.076128,0.923872
0.8535276268804424,0.871065,0.128935
0.8535276268804424,0.232639,0.767361
0.8535276268804424,0.998762,0.001238
0.8535276268804424,0.00732,0.99268
0.8535276268804424,0.042729,0.957271
0.8535276268804424,0.987937,0.012063
0.8535276268804424,0.058152,0.941849
0.8535276268804424,0.04078,0.95922
0.8535276268804424,0.010027,0.989973
0.8535276268804424,0.994169,0.005831
0.8535276268804424,0.013458,0.986542
0.8535276268804424,0.034108,0.965892
0.8535276268804424,0.895777,0.104223
0.8535276268804424,0.999924,7.6e-05
0.8535276268804424,0.001365,0.998635
0.8535276268804424,0.968943,0.031057
0.8535276268804424,0.758628,0.241372
0.8535276268804424,0.66307,0.33693
0.8535276268804424,0.976957,0.023043
0.8535276268804424,0.29716,0.70284
0.8535276268804424,0.243328,0.756672
0.8535276268804424,0.968924,0.031076
0.8535276268804424,0.342034,0.657966
0.8535276268804424,0.365872,0.634128
0.8535276268804424,0.99582,0.004179
0.8595276268804424,0.003909,0.996091
0.8595276268804424,0.01751,0.98249
0.8595276268804424,0.000118,0.999882
0.8595276268804424,0.996064,0.003936
0.8595276268804424,0.984539,0.015461
0.8595276268804424,0.999166,0.000834
0.8595276268804424,0.989183,0.010817
0.8595276268804424,0.883259,0.116741
0.8595276268804424,0.999283,0.000717
0.8595276268804424,0.569629,0.430371
0.8595276268804424,0.993793,0.006207
0.8595276268804424,0.163792,0.836208
0.8595276268804424,0.506065,0.493935
0.8595276268804424,0.999717,0.000283
0.8595276268804424,0.995112,0.004888
0.8595276268804424,0.847951,0.152049
0.8595276268804424,0.123237,0.876763
0.8595276268804424,0.007774,0.992226
0.8595276268804424,0.009015,0.990985
0.8595276268804424,0.788553,0.211447
0.8595276268804424,0.004658,0.995342
0.8595276268804424,0.097672,0.902328
0.8595276268804424,0.338344,0.661656
0.8595276268804424,0.87734,0.12266
0.8595276268804424,0.21184,0.78816
0.8595276268804424,0.73857,0.26143
0.8595276268804424,0.991469,0.008531
0.8595276268804424,0.277496,0.722504
0.8595276268804424,0.987172,0.012828
0.8595276268804424,0.984256,0.015744
0.8595276268804424,0.273444,0.726556
0.8595276268804424,0.998953,0.001047
0.8595276268804424,0.602593,0.397407
0.8595276268804424,0.307654,0.692346
0.8595276268804424,0.925179,0.074821
0.8595276268804424,0.000447,0.999553
0.8595276268804424,0.997003,0.002997
0.8595276268804424,0.999852,0.000148
0.8595276268804424,0.999636,0.000364
0.8595276268804424,0.999933,6.7e-05
0.8595276268804424,0.575536,0.424464
0.8595276268804424,0.284497,0.715503
0.8595276268804424,0.075483,0.924517
0.8595276268804424,0.999289,0.000711
0.8595276268804424,0.004615,0.995385
0.8595276268804424,0.404933,0.595067
0.8595276268804424,0.575442,0.424558
0.8595276268804424,0.0065,0.9935
0.8595276268804424,0.011627,0.988373
0.8595276268804424,0.995869,0.004131
0.8595276268804424,0.860238,0.139762
0.8595276268804424,0.003481,0.996519
0.8595276268804424,0.775862,0.224138
0.8595276268804424,0.757023,0.242977
0.8595276268804424,0.910523,0.089477
0.8595276268804424,0.015286,0.984714
0.8595276268804424,0.098727,0.901273
0.8595276268804424,0.999396,0.000604
0.8595276268804424,0.946836,0.053164
0.8595276268804424,0.998276,0.001724
0.8595276268804424,0.007917,0.992083
0.8595276268804424,0.288421,0.711579
0.8595276268804424,0.99165,0.00835
0.8595276268804424,0.014804,0.985196
0.8595276268804424,0.002704,0.997296
0.8595276268804424,0.998612,0.001388
0.8595276268804424,0.981628,0.018372
0.8595276268804424,0.441176,0.558824
0.8595276268804424,0.072626,0.927374
0.8595276268804424,0.997888,0.002112
0.8595276268804424,0.797404,0.202596
0.8595276268804424,0.37562,0.62438
0.8595276268804424,0.000131,0.999869
0.8595276268804424,0.001759,0.998241
0.8595276268804424,0.990906,0.009094
0.8595276268804424,0.863964,0.136036
0.8595276268804424,5e-06,0.999995
0.8595276268804424,0.711604,0.288396
0.8595276268804424,0.999838,0.000162
0.8595276268804424,0.061579,0.938421
0.8595276268804424,0.509137,0.490863
0.8595276268804424,0.470528,0.529472
0.8595276268804424,0.918555,0.081445
0.8595276268804424,0.079856,0.920144
0.8595276268804424,0.009729,0.990271
0.8595276268804424,0.992379,0.007621
0.8595276268804424,0.579259,0.420741
0.8595276268804424,0.018435,0.981565
0.8595276268804424,0.986634,0.013366
0.8595276268804424,0.005303,0.994697
0.8595276268804424,0.330735,0.669265
0.8595276268804424,0.008492,0.991508
0.8595276268804424,0.196781,0.803219
0.8595276268804424,0.842655,0.157345
0.8595276268804424,0.053338,0.946662
0.8595276268804424,0.971125,0.028875
0.8595276268804424,0.998641,0.001359
0.8595276268804424,0.044542,0.955458
0.8595276268804424,0.03401,0.96599
0.8595276268804424,0.993857,0.006143
0.8655276268804424,0.717263,0.282737
0.8655276268804424,0.94676,0.05324
0.8655276268804424,0.378251,0.621749
0.8655276268804424,0.999618,0.000382
0.8655276268804424,9.5e-05,0.999905
0.8655276268804424,0.000746,0.999254
0.8655276268804424,0.004194,0.995806
0.8655276268804424,2e-06,0.999998
0.8655276268804424,3.8e-05,0.999962
0.8655276268804424,0.998445,0.001555
0.8655276268804424,0.36936,0.63064
0.8655276268804424,0.008286,0.991714
0.8655276268804424,0.924004,0.075996
0.8655276268804424,0.000131,0.999869
0.8655276268804424,0.99996,4e-05
0.8655276268804424,0.974596,0.025404
0.8655276268804424,0.989892,0.010108
0.8655276268804424,0.999988,1.3e-05
0.8655276268804424,0.880664,0.119336
0.8655276268804424,0.959803,0.040197
0.8655276268804424,0.925284,0.074716
0.8655276268804424,0.652989,0.347011
0.8655276268804424,0.999839,0.000161
0.8655276268804424,0.035627,0.964373
0.8655276268804424,0.997587,0.002413
0.8655276268804424,0.063835,0.936164
0.8655276268804424,0.998442,0.001559
0.8655276268804424,0.272634,0.727366
0.8655276268804424,0.00596,0.99404
0.8655276268804424,4.3e-05,0.999957
0.8655276268804424,0.010126,0.989874
0.8655276268804424,0.999225,0.000775
0.8655276268804424,0.196949,0.803051
0.8655276268804424,0.652744,0.347256
0.8655276268804424,0.001115,0.998885
0.8655276268804424,0.020821,0.979179
0.8655276268804424,0.999555,0.000445
0.8655276268804424,0.156626,0.843374
0.8655276268804424,0.169747,0.830253
0.8655276268804424,0.999519,0.000481
0.8655276268804424,0.109834,0.890166
0.8655276268804424,0.585348,0.414652
0.8655276268804424,0.11394,0.88606
0.8655276268804424,0.99761,0.00239
0.8655276268804424,0.003994,0.996006
0.8655276268804424,0.22615,0.773851
0.8655276268804424,0.220869,0.779131
0.8655276268804424,0.000974,0.999026
0.8655276268804424,0.751296,0.248704
0.8655276268804424,0.009311,0.990689
0.8655276268804424,0.515995,0.484005
0.8655276268804424,0.48916,0.510841
0.8655276268804424,0.708304,0.291696
0.8655276268804424,0.999867,0.000133
0.8655276268804424,0.955196,0.044803
0.8655276268804424,0.486625,0.513375
0.8655276268804424,0.988239,0.011761
0.8655276268804424,0.963303,0.036697
0.8655276268804424,0.035215,0.964785
0.8655276268804424,0.836457,0.163543
0.8655276268804424,0.129983,0.870017
0.8655276268804424,0.979526,0.020474
0.8655276268804424,0.000587,0.999413
0.8655276268804424,0.996916,0.003084
0.8655276268804424,0.470706,0.529294
0.8655276268804424,0.132282,0.867718
0.8655276268804424,0.994967,0.005033
0.8655276268804424,0.974632,0.025368
0.8655276268804424,0.738571,0.261429
0.8655276268804424,0.009107,0.990893
0.8655276268804424,0.215911,0.784089
0.8655276268804424,0.999698,0.000302
0.8655276268804424,0.000496,0.999504
0.8655276268804424,0.006171,0.993829
0.8655276268804424,0.997158,0.002842
0.8655276268804424,0.165745,0.834255
0.8655276268804424,0.014309,0.985691
0.8655276268804424,0.755156,0.244844
0.8655276268804424,0.769897,0.230103
0.8655276268804424,0.858394,0.141606
0.8655276268804424,0.016709,0.983291
0.8655276268804424,0.84444,0.15556
0.8655276268804424,0.097858,0.902142
0.8655276268804424,0.88932,0.11068
0.8655276268804424,0.609726,0.390274
0.8655276268804424,0.010768,0.989232
0.8655276268804424,0.692852,0.307148
0.8655276268804424,0.98991,0.01009
0.8655276268804424,0.070657,0.929343
0.8655276268804424,0.999851,0.000149
0.8655276268804424,0.999973,2.7e-05
0.8655276268804424,0.081335,0.918665
0.8655276268804424,0.060076,0.939924
0.8655276268804424,0.015745,0.984254
0.8655276268804424,0.074748,0.925252
0.8655276268804424,0.999091,0.000909
0.8655276268804424,0.20301,0.79699
0.8655276268804424,0.488928,0.511072
0.8655276268804424,0.990344,0.009656
0.8655276268804424,0.90169,0.09831
0.8715276268804424,0.003602,0.996398
0.8715276268804424,0.541152,0.458848
0.8715276268804424,0.25841,0.74159
0.8715276268804424,0.000184,0.999816
0.8715276268804424,0.672662,0.327338
0.8715276268804424,0.927252,0.072748
0.8715276268804424,0.168153,0.831847
0.8715276268804424,0.85773,0.142269
0.8715276268804424,0.645584,0.354416
0.8715276268804424,0.998591,0.001409
0.8715276268804424,0.866447,0.133553
0.8715276268804424,0.986087,0.013913
0.8715276268804424,0.006398,0.993602
0.8715276268804424,0.390354,0.609646
0.8715276268804424,0.966206,0.033794
0.8715276268804424,0.02492,0.97508
0.8715276268804424,0.385897,0.614104
0.8715276268804424,0.999449,0.000551
0.8715276268804424,0.018512,0.981488
0.8715276268804424,0.004225,0.995775
0.8715276268804424,0.505714,0.494286
0.8715276268804424,0.978516,0.021484
0.8715276268804424,0.990269,0.009731
0.8715276268804424,0.000523,0.999477
0.8715276268804424,0.053844,0.946156
0.8715276268804424,0.999011,0.000989
0.8715276268804424,0.993177,0.006823
0.8715276268804424,0.98063,0.01937
0.8715276268804424,0.592054,0.407946
0.8715276268804424,0.339773,0.660227
0.8715276268804424,6.7e-05,0.999933
0.8715276268804424,0.423223,0.576778
0.8715276268804424,0.795648,0.204352
0.8715276268804424,0.116235,0.883765
0.8715276268804424,0.000464,0.999536
0.8715276268804424,0.000688,0.999312
0.8715276268804424,0.970733,0.029267
0.8715276268804424,0.987122,0.012878
0.8715276268804424,0.039626,0.960374
0.8715276268804424,0.047578,0.952422
0.8715276268804424,0.346821,0.653179
0.8715276268804424,0.61836,0.38164
0.8715276268804424,0.983883,0.016117
0.8715276268804424,0.012356,0.987644
0.8715276268804424,0.750944,0.249056
0.8715276268804424,0.000733,0.999267
0.8715276268804424,8.6e-05,0.999914
0.8715276268804424,0.991395,0.008605
0.8715276268804424,0.36182,0.63818
0.8715276268804424,0.623995,0.376005
0.8715276268804424,0.984464,0.015536
0.8715276268804424,0.942755,0.057245
0.8715276268804424,0.787455,0.212545
0.8715276268804424,0.022283,0.977717
0.8715276268804424,0.018083,0.981917
0.8715276268804424,0.119478,0.880522
0.8715276268804424,0.000752,0.999248
0.8715276268804424,0.889579,0.110421
0.8715276268804424,0.68192,0.31808
0.8715276268804424,0.997017,0.002983
0.8715276268804424,0.467002,0.532998
0.8715276268804424,0.920837,0.079163
0.8715276268804424,0.050984,0.949016
0.8715276268804424,0.995127,0.004873
0.8715276268804424,0.086907,0.913093
0.8715276268804424,0.999132,0.000868
0.8715276268804424,0.003455,0.996545
0.8715276268804424,0.983247,0.016753
0.8715276268804424,0.172318,0.827682
0.8715276268804424,0.183901,0.816099
0.8715276268804424,0.99814,0.00186
0.8715276268804424,0.204568,0.795432
0.8715276268804424,7.4e-05,0.999926
0.8715276268804424,0.11573,0.88427
0.8715276268804424,0.9879,0.0121
0.8715276268804424,0.161557,0.838443
0.8715276268804424,0.432744,0.567256
0.8715276268804424,0.018029,0.981971
0.8715276268804424,0.999795,0.000205
0.8715276268804424,0.997181,0.002819
0.8715276268804424,0.986059,0.013942
0.8715276268804424,0.514866,0.485134
0.8715276268804424,0.011467,0.988533
0.8715276268804424,0.988005,0.011995
0.8715276268804424,5.3e-05,0.999947
0.8715276268804424,0.972664,0.027336
0.8715276268804424,0.154775,0.845225
0.8715276268804424,8.6e-05,0.999914
0.8715276268804424,0.008041,0.991959
0.8715276268804424,0.678649,0.321351
0.8715276268804424,0.310276,0.689724
0.8715276268804424,0.001472,0.998528
0.8715276268804424,0.17459,0.82541
0.8715276268804424,0.470799,0.529201
0.8715276268804424,0.355275,0.644725
0.8715276268804424,5.9e-05,0.99994
0.8715276268804424,0.563785,0.436215
0.8715276268804424,0.045909,0.954091
0.8715276268804424,0.012609,0.987391
0.8715276268804424,0.247559,0.752441
0.8775276268804424,0.167219,0.832781
0.8775276268804424,0.018327,0.981673
0.8775276268804424,0.997894,0.002106
0.8775276268804424,0.069022,0.930978
0.8775276268804424,0.834356,0.165644
0.8775276268804424,0.001837,0.998163
0.8775276268804424,0.96483,0.03517
0.8775276268804424,0.004696,0.995304
0.8775276268804424,0.156692,0.843308
0.8775276268804424,0.981239,0.018761
0.8775276268804424,0.97637,0.02363
0.8775276268804424,0.002444,0.997556
0.8775276268804424,0.996638,0.003362
0.8775276268804424,0.214291,0.785709
0.8775276268804424,0.206123,0.793877
0.8775276268804424,0.005561,0.994439
0.8775276268804424,3e-06,0.999997
0.8775276268804424,0.010126,0.989874
0.8775276268804424,0.084441,0.915559
0.8775276268804424,0.123697,0.876303
0.8775276268804424,0.813939,0.186061
0.8775276268804424,0.9688,0.0312
0.8775276268804424,0.005451,0.994549
0.8775276268804424,0.017275,0.982725
0.8775276268804424,0.021081,0.978919
0.8775276268804424,0.000326,0.999674
0.8775276268804424,0.927014,0.072986
0.8775276268804424,0.013829,0.986171
0.8775276268804424,0.061862,0.938138
0.8775276268804424,0.9183,0.081701
0.8775276268804424,0.105172,0.894828
0.8775276268804424,0.029405,0.970594
0.8775276268804424,0.890132,0.109868
0.8775276268804424,0.552332,0.447668
0.8775276268804424,0.000338,0.999662
0.8775276268804424,0.06734,0.93266
0.8775276268804424,0.758199,0.241801
0.8775276268804424,0.97657,0.02343
0.8775276268804424,0.997602,0.002398
0.8775276268804424,0.952452,0.047548
0.8775276268804424,0.002103,0.997897
0.8775276268804424,0.999325,0.000675
0.8775276268804424,0.98708,0.01292
0.8775276268804424,0.996432,0.003569
0.8775276268804424,0.913151,0.086849
0.8775276268804424,0.382021,0.617979
0.8775276268804424,0.999589,0.000411
0.8775276268804424,0.02376,0.97624
0.8775276268804424,0.876495,0.123505
0.8775276268804424,0.038931,0.961069
0.8775276268804424,0.969788,0.030212
0.8775276268804424,0.945144,0.054856
0.8775276268804424,0.995066,0.004934
0.8775276268804424,0.012859,0.987141
0.8775276268804424,0.002031,0.997969
0.8775276268804424,0.98189,0.01811
0.8775276268804424,0.999734,0.000266
0.8775276268804424,0.422839,0.577161
0.8775276268804424,0.087327,0.912673
0.8775276268804424,0.993696,0.006304
0.8775276268804424,0.272876,0.727124
0.8775276268804424,0.009872,0.990128
0.8775276268804424,0.002729,0.997271
0.8775276268804424,0.019124,0.980876
0.8775276268804424,0.870771,0.129229
0.8775276268804424,0.987536,0.012464
0.8775276268804424,0.812657,0.187343
0.8775276268804424,0.935692,0.064308
0.8775276268804424,0.598487,0.401513
0.8775276268804424,0.000775,0.999225
0.8775276268804424,0.200889,0.799111
0.8775276268804424,0.94665,0.05335
0.8775276268804424,0.66098,0.33902
0.8775276268804424,0.949537,0.050462
0.8775276268804424,0.023283,0.976717
0.8775276268804424,0.00296,0.99704
0.8775276268804424,0.999001,0.000999
0.8775276268804424,0.994902,0.005098
0.8775276268804424,0.969782,0.030218
0.8775276268804424,0.988055,0.011945
0.8775276268804424,0.499477,0.500523
0.8775276268804424,0.135843,0.864157
0.8775276268804424,0.990004,0.009996
0.8775276268804424,0.80967,0.19033
0.8775276268804424,0.242857,0.757143
0.8775276268804424,0.999986,1.4e-05
0.8775276268804424,0.00843,0.99157
0.8775276268804424,0.006323,0.993677
0.8775276268804424,0.989817,0.010184
0.8775276268804424,0.814737,0.185263
0.8775276268804424,0.768788,0.231212
0.8775276268804424,0.991914,0.008086
0.8775276268804424,0.540406,0.459594
0.8775276268804424,0.024562,0.975438
0.8775276268804424,0.812424,0.187576
0.8775276268804424,0.891734,0.108266
0.8775276268804424,0.985455,0.014545
0.8775276268804424,0.879597,0.120403
0.8775276268804424,0.429864,0.570136
0.8775276268804424,0.527581,0.472419
0.8835276268804424,0.920437,0.079563
0.8835276268804424,0.945653,0.054347
0.8835276268804424,0.991021,0.008979
0.8835276268804424,0.014722,0.985278
0.8835276268804424,0.971977,0.028023
0.8835276268804424,0.198341,0.801659
0.8835276268804424,0.274114,0.725886
0.8835276268804424,0.000204,0.999796
0.8835276268804424,0.000111,0.999889
0.8835276268804424,0.074289,0.925711
0.8835276268804424,0.000147,0.999853
0.8835276268804424,0.017239,0.982761
0.8835276268804424,0.003185,0.996815
0.8835276268804424,0.877782,0.122218
0.8835276268804424,0.00215,0.99785
0.8835276268804424,0.970658,0.029342
0.8835276268804424,0.629575,0.370425
0.8835276268804424,0.999761,0.000239
0.8835276268804424,0.995014,0.004986
0.8835276268804424,0.431189,0.568811
0.8835276268804424,0.983427,0.016573
0.8835276268804424,0.68832,0.31168
0.8835276268804424,3.7e-05,0.999963
0.8835276268804424,0.993693,0.006307
0.8835276268804424,0.988984,0.011016
0.8835276268804424,4.7e-05,0.999953
0.8835276268804424,0.999753,0.000247
0.8835276268804424,0.319111,0.680889
0.8835276268804424,0.139457,0.860543
0.8835276268804424,0.123843,0.876157
0.8835276268804424,0.84777,0.15223
0.8835276268804424,0.661316,0.338684
0.8835276268804424,0.996967,0.003033
0.8835276268804424,0.225841,0.774159
0.8835276268804424,0.19633,0.80367
0.8835276268804424,0.001465,0.998535
0.8835276268804424,0.99571,0.00429
0.8835276268804424,0.018655,0.981345
0.8835276268804424,0.000144,0.999856
0.8835276268804424,1e-06,0.999999
0.8835276268804424,0.646343,0.353657
0.8835276268804424,0.987187,0.012813
0.8835276268804424,0.093856,0.906144
0.8835276268804424,0.134014,0.865986
0.8835276268804424,0.008734,0.991266
0.8835276268804424,0.566579,0.433421
0.8835276268804424,0.985754,0.014246
0.8835276268804424,0.000317,0.999683
0.8835276268804424,0.004234,0.995766
0.8835276268804424,0.881267,0.118733
0.8835276268804424,0.992886,0.007114
0.8835276268804424,0.00013,0.99987
0.8835276268804424,0.100668,0.899332
0.8835276268804424,1e-06,0.999999
0.8835276268804424,0.893282,0.106718
0.8835276268804424,4e-06,0.999996
0.8835276268804424,0.034718,0.965282
0.8835276268804424,0.989265,0.010735
0.8835276268804424,0.999673,0.000327
0.8835276268804424,0.122441,0.877559
0.8835276268804424,0.838499,0.161501
0.8835276268804424,0.043252,0.956748
0.8835276268804424,0.999963,3.7e-05
0.8835276268804424,0.975259,0.024741
0.8835276268804424,0.935197,0.064803
0.8835276268804424,0.920792,0.079208
0.8835276268804424,0.043559,0.956441
0.8835276268804424,0.909395,0.090605
0.8835276268804424,0.086047,0.913953
0.8835276268804424,0.9024,0.0976
0.8835276268804424,0.785425,0.214575
0.8835276268804424,0.048915,0.951085
0.8835276268804424,0.036699,0.9633
0.8835276268804424,0.000349,0.999651
0.8835276268804424,0.953644,0.046356
0.8835276268804424,9.4e-05,0.999906
0.8835276268804424,0.136337,0.863663
0.8835276268804424,0.920489,0.079511
0.8835276268804424,0.973929,0.026071
0.8835276268804424,0.996672,0.003328
0.8835276268804424,0.979329,0.020671
0.8835276268804424,0.00242,0.99758
0.8835276268804424,0.011124,0.988876
0.8835276268804424,0.023,0.977
0.8835276268804424,0.715932,0.284068
0.8835276268804424,0.733653,0.266347
0.8835276268804424,0.066479,0.933521
0.8835276268804424,0.997639,0.002361
0.8835276268804424,0.973381,0.026619
0.8835276268804424,0.0,1.0
0.8835276268804424,0.008419,0.991582
0.8835276268804424,0.751893,0.248107
0.8835276268804424,0.769041,0.230959
0.8835276268804424,0.964531,0.035469
0.8835276268804424,0.009316,0.990684
0.8835276268804424,0.059404,0.940596
0.8835276268804424,0.135029,0.864971
0.8835276268804424,1e-06,0.999999
0.8835276268804424,0.016819,0.983181
0.8835276268804424,0.000374,0.999626
0.8895276268804424,0.000615,0.999384
0.8895276268804424,0.997986,0.002015
0.8895276268804424,0.048623,0.951377
0.8895276268804424,0.723632,0.276368
0.8895276268804424,0.113108,0.886892
0.8895276268804424,0.703889,0.296111
0.8895276268804424,0.001997,0.998003
0.8895276268804424,0.465473,0.534527
0.8895276268804424,0.912275,0.087725
0.8895276268804424,0.066522,0.933478
0.8895276268804424,0.003023,0.996977
0.8895276268804424,0.64729,0.352709
0.8895276268804424,0.030822,0.969178
0.8895276268804424,0.697096,0.302904
0.8895276268804424,0.797585,0.202415
0.8895276268804424,0.647487,0.352513
0.8895276268804424,0.75731,0.24269
0.8895276268804424,0.01866,0.98134
0.8895276268804424,0.095608,0.904392
0.8895276268804424,0.001963,0.998037
0.8895276268804424,0.001231,0.998769
0.8895276268804424,0.411417,0.588583
0.8895276268804424,0.98558,0.01442
0.8895276268804424,0.724099,0.275901
0.8895276268804424,0.956247,0.043753
0.8895276268804424,0.040666,0.959334
0.8895276268804424,0.001329,0.998671
0.8895276268804424,0.930697,0.069303
0.8895276268804424,0.179442,0.820558
0.8895276268804424,0.209462,0.790538
0.8895276268804424,0.968743,0.031257
0.8895276268804424,0.999617,0.000382
0.8895276268804424,0.99948,0.00052
0.8895276268804424,0.903917,0.096083
0.8895276268804424,0.993411,0.006589
0.8895276268804424,0.023125,0.976875
0.8895276268804424,0.80527,0.19473
0.8895276268804424,0.090869,0.90913
0.8895276268804424,0.00956,0.99044
0.8895276268804424,0.293763,0.706237
0.8895276268804424,0.761445,0.238555
0.8895276268804424,0.226239,0.773761
0.8895276268804424,0.006708,0.993292
0.8895276268804424,0.399889,0.600111
0.8895276268804424,0.015271,0.984729
0.8895276268804424,0.025773,0.974227
0.8895276268804424,0.928456,0.071544
0.8895276268804424,0.9793,0.020701
0.8895276268804424,0.331947,0.668053
0.8895276268804424,0.995539,0.004461
0.8895276268804424,8.7e-05,0.999913
0.8895276268804424,0.00778,0.99222
0.8895276268804424,0.0,1.0
0.8895276268804424,0.982638,0.017362
0.8895276268804424,0.004188,0.995812
0.8895276268804424,0.794982,0.205018
0.8895276268804424,0.993235,0.006765
0.8895276268804424,0.660339,0.339661
0.8895276268804424,0.004175,0.995825
0.8895276268804424,4.4e-05,0.999956
0.8895276268804424,0.974938,0.025062
0.8895276268804424,0.047729,0.952271
0.8895276268804424,0.984079,0.015921
0.8895276268804424,0.106673,0.893327
0.8895276268804424,0.026667,0.973333
0.8895276268804424,0.979734,0.020266
0.8895276268804424,0.873347,0.126653
0.8895276268804424,0.999842,0.000158
0.8895276268804424,0.002318,0.997682
0.8895276268804424,0.999835,0.000165
0.8895276268804424,0.998765,0.001235
0.8895276268804424,0.996037,0.003963
0.8895276268804424,0.003139,0.996861
0.8895276268804424,0.997068,0.002933
0.8895276268804424,0.004601,0.995399
0.8895276268804424,0.992942,0.007058
0.8895276268804424,0.137806,0.862194
0.8895276268804424,0.808814,0.191186
0.8895276268804424,0.092627,0.907373
0.8895276268804424,0.450197,0.549803
0.8895276268804424,0.477542,0.522458
0.8895276268804424,0.000265,0.999735
0.8895276268804424,0.014247,0.985753
0.8895276268804424,0.993879,0.006121
0.8895276268804424,0.66206,0.33794
0.8895276268804424,0.000788,0.999212
0.8895276268804424,0.004232,0.995768
0.8895276268804424,0.103142,0.896858
0.8895276268804424,0.004074,0.995926
0.8895276268804424,0.000928,0.999072
0.8895276268804424,0.221575,0.778425
0.8895276268804424,0.02946,0.97054
0.8895276268804424,0.494641,0.505359
0.8895276268804424,0.016602,0.983398
0.8895276268804424,0.020415,0.979585
0.8895276268804424,0.004808,0.995192
0.8895276268804424,0.001026,0.998975
0.8895276268804424,0.746969,0.253031
0.8895276268804424,0.025849,0.974151
0.8895276268804424,0.865322,0.134677
0.8955276268804424,0.05,0.95
0.8955276268804424,0.004434,0.995566
0.8955276268804424,0.255877,0.744123
0.8955276268804424,0.169008,0.830992
0.8955276268804424,0.011807,0.988193
0.8955276268804424,0.00014,0.99986
0.8955276268804424,0.738436,0.261564
0.8955276268804424,0.021047,0.978953
0.8955276268804424,0.833157,0.166843
0.8955276268804424,0.997633,0.002367
0.8955276268804424,0.629307,0.370693
0.8955276268804424,0.173534,0.826466
0.8955276268804424,0.001217,0.998783
0.8955276268804424,0.002234,0.997766
0.8955276268804424,0.007257,0.992743
0.8955276268804424,0.005054,0.994946
0.8955276268804424,0.889844,0.110156
0.8955276268804424,0.000123,0.999877
0.8955276268804424,2.4e-05,0.999976
0.8955276268804424,0.989822,0.010178
0.8955276268804424,0.018225,0.981775
0.8955276268804424,0.281306,0.718694
0.8955276268804424,0.142113,0.857887
0.8955276268804424,0.370123,0.629877
0.8955276268804424,0.978216,0.021783
0.8955276268804424,0.262183,0.737817
0.8955276268804424,0.00989,0.99011
0.8955276268804424,0.000104,0.999896
0.8955276268804424,0.651823,0.348177
0.8955276268804424,0.806374,0.193626
0.8955276268804424,0.003339,0.996661
0.8955276268804424,0.802013,0.197987
0.8955276268804424,0.34006,0.65994
0.8955276268804424,0.000445,0.999555
0.8955276268804424,0.009272,0.990728
0.8955276268804424,0.911701,0.088299
0.8955276268804424,0.003669,0.996331
0.8955276268804424,0.146741,0.853259
0.8955276268804424,0.785766,0.214234
0.8955276268804424,0.155289,0.844711
0.8955276268804424,0.001463,0.998537
0.8955276268804424,0.570795,0.429205
0.8955276268804424,0.814457,0.185543
0.8955276268804424,0.991677,0.008323
0.8955276268804424,0.623331,0.376669
0.8955276268804424,0.934964,0.065036
0.8955276268804424,0.372405,0.627595
0.8955276268804424,0.039585,0.960415
0.8955276268804424,0.262675,0.737325
0.8955276268804424,0.079785,0.920215
0.8955276268804424,0.136922,0.863078
0.8955276268804424,0.230004,0.769996
0.8955276268804424,0.000616,0.999384
0.8955276268804424,0.065341,0.93466
0.8955276268804424,0.589633,0.410367
0.8955276268804424,0.93626,0.06374
0.8955276268804424,0.149728,0.850272
0.8955276268804424,5.1e-05,0.999949
0.8955276268804424,0.012473,0.987527
0.8955276268804424,0.0,1.0
0.8955276268804424,0.053979,0.946022
0.8955276268804424,0.988224,0.011776
0.8955276268804424,0.999639,0.000361
0.8955276268804424,0.327439,0.672561
0.8955276268804424,0.838115,0.161885
0.8955276268804424,0.765958,0.234042
0.8955276268804424,6.7e-05,0.999933
0.8955276268804424,0.923,0.077
0.8955276268804424,0.005338,0.994662
0.8955276268804424,0.027075,0.972924
0.8955276268804424,0.165951,0.834049
0.8955276268804424,8.7e-05,0.999913
0.8955276268804424,0.755426,0.244574
0.8955276268804424,0.000375,0.999625
0.8955276268804424,6e-06,0.999994
0.8955276268804424,0.068729,0.931271
0.8955276268804424,0.064904,0.935096
0.8955276268804424,0.00108,0.998921
0.8955276268804424,0.958701,0.041299
0.8955276268804424,0.970184,0.029816
0.8955276268804424,0.002217,0.997783
0.8955276268804424,3.8e-05,0.999962
0.8955276268804424,0.999696,0.000304
0.8955276268804424,0.63019,0.36981
0.8955276268804424,0.008244,0.991756
0.8955276268804424,0.000241,0.999759
0.8955276268804424,0.163029,0.836971
0.8955276268804424,0.690544,0.309456
0.8955276268804424,0.001683,0.998317
0.8955276268804424,0.991432,0.008568
0.8955276268804424,0.039931,0.960069
0.8955276268804424,0.002833,0.997167
0.8955276268804424,0.944953,0.055047
0.8955276268804424,0.997567,0.002433
0.8955276268804424,0.979059,0.020941
0.8955276268804424,0.005773,0.994227
0.8955276268804424,0.373259,0.626741
0.8955276268804424,0.027753,0.972247
0.8955276268804424,0.99445,0.005551
0.8955276268804424,0.002857,0.997143
0.9015276268804424,0.048196,0.951804
0.9015276268804424,0.000219,0.99978
0.9015276268804424,0.940608,0.059391
0.9015276268804424,0.134122,0.865878
0.9015276268804424,0.032742,0.967258
0.9015276268804424,0.006491,0.993509
0.9015276268804424,0.876051,0.123949
0.9015276268804424,0.957869,0.042131
0.9015276268804424,0.189932,0.810068
0.9015276268804424,0.992632,0.007368
0.9015276268804424,0.0,1.0
0.9015276268804424,0.086621,0.913379
0.9015276268804424,0.861432,0.138568
0.9015276268804424,0.001376,0.998624
0.9015276268804424,0.000206,0.999794
0.9015276268804424,0.998349,0.001651
0.9015276268804424,0.92925,0.07075
0.9015276268804424,0.017488,0.982512
0.9015276268804424,0.075445,0.924555
0.9015276268804424,0.997105,0.002895
0.9015276268804424,0.838075,0.161925
0.9015276268804424,0.200648,0.799352
0.9015276268804424,0.000123,0.999877
0.9015276268804424,0.000617,0.999383
0.9015276268804424,0.027636,0.972364
0.9015276268804424,0.177702,0.822298
0.9015276268804424,0.000221,0.999779
0.9015276268804424,0.535934,0.464066
0.9015276268804424,8.5e-05,0.999915
0.9015276268804424,0.954416,0.045585
0.9015276268804424,0.997013,0.002987
0.9015276268804424,0.959461,0.040539
0.9015276268804424,0.843498,0.156502
0.9015276268804424,0.175991,0.824009
0.9015276268804424,0.024748,0.975252
0.9015276268804424,0.007477,0.992523
0.9015276268804424,0.99987,0.00013
0.9015276268804424,0.876021,0.123979
0.9015276268804424,0.02531,0.97469
0.9015276268804424,0.006694,0.993306
0.9015276268804424,0.782589,0.217411
0.9015276268804424,0.997987,0.002013
0.9015276268804424,0.963067,0.036933
0.9015276268804424,5.8e-05,0.999942
0.9015276268804424,0.001983,0.998017
0.9015276268804424,0.026433,0.973567
0.9015276268804424,0.979783,0.020217
0.9015276268804424,0.990918,0.009082
0.9015276268804424,0.000437,0.999563
0.9015276268804424,9.9e-05,0.999901
0.9015276268804424,0.010922,0.989078
0.9015276268804424,0.034353,0.965647
0.9015276268804424,0.355204,0.644796
0.9015276268804424,0.000303,0.999697
0.9015276268804424,0.039758,0.960242
0.9015276268804424,0.991295,0.008705
0.9015276268804424,0.943857,0.056143
0.9015276268804424,0.008219,0.991781
0.9015276268804424,0.286296,0.713704
0.9015276268804424,0.667144,0.332856
0.9015276268804424,0.473613,0.526387
0.9015276268804424,0.322103,0.677897
0.9015276268804424,0.633599,0.366401
0.9015276268804424,0.080802,0.919198
0.9015276268804424,0.91364,0.08636
0.9015276268804424,0.030971,0.969029
0.9015276268804424,0.897391,0.102609
0.9015276268804424,0.251357,0.748643
0.9015276268804424,0.384632,0.615368
0.9015276268804424,0.004641,0.995359
0.9015276268804424,0.039409,0.960591
0.9015276268804424,0.002727,0.997273
0.9015276268804424,0.833917,0.166083
0.9015276268804424,0.000624,0.999376
0.9015276268804424,0.892829,0.107171
0.9015276268804424,0.009962,0.990038
0.9015276268804424,0.265208,0.734792
0.9015276268804424,0.046415,0.953586
0.9015276268804424,0.661011,0.338989
0.9015276268804424,0.009126,0.990874
0.9015276268804424,0.74158,0.25842
0.9015276268804424,0.000666,0.999334
0.9015276268804424,1.3e-05,0.999988
0.9015276268804424,0.002309,0.997691
0.9015276268804424,0.9694,0.0306
0.9015276268804424,0.137175,0.862825
0.9015276268804424,0.112657,0.887343
0.9015276268804424,0.007599,0.992401
0.9015276268804424,0.946588,0.053412
0.9015276268804424,0.006546,0.993454
0.9015276268804424,0.001783,0.998217
0.9015276268804424,0.667404,0.332596
0.9015276268804424,0.405593,0.594407
0.9015276268804424,0.269093,0.730907
0.9015276268804424,0.326524,0.673476
0.9015276268804424,0.568489,0.431511
0.9015276268804424,0.941171,0.058829
0.9015276268804424,0.001734,0.998266
0.9015276268804424,0.922593,0.077407
0.9015276268804424,0.711597,0.288403
0.9075276268804424,0.998363,0.001637
0.9075276268804424,0.988394,0.011606
0.9075276268804424,0.000331,0.999669
0.9075276268804424,0.041616,0.958384
0.9075276268804424,0.99938,0.00062
0.9075276268804424,0.702835,0.297165
0.9075276268804424,0.625938,0.374062
0.9075276268804424,0.989971,0.010029
0.9075276268804424,0.828036,0.171964
0.9075276268804424,0.791491,0.208509
0.9075276268804424,0.023246,0.976754
0.9075276268804424,0.0273,0.9727
0.9075276268804424,0.00414,0.99586
0.9075276268804424,0.817277,0.182723
0.9075276268804424,0.491857,0.508143
0.9075276268804424,0.076242,0.923758
0.9075276268804424,0.016895,0.983106
0.9075276268804424,0.999958,4.2e-05
0.9075276268804424,0.9287,0.0713
0.9075276268804424,0.001022,0.998978
0.9075276268804424,0.422553,0.577447
0.9075276268804424,0.343516,0.656484
0.9075276268804424,0.000428,0.999572
0.9075276268804424,0.000549,0.999451
0.9075276268804424,0.998447,0.001553
0.9075276268804424,0.000981,0.999019
0.9075276268804424,0.688064,0.311936
0.9075276268804424,0.136389,0.86361
0.9075276268804424,0.667823,0.332177
0.9075276268804424,0.90061,0.09939
0.9075276268804424,0.002165,0.997835
0.9075276268804424,0.013835,0.986165
0.9075276268804424,0.996574,0.003426
0.9075276268804424,0.07662,0.92338
0.9075276268804424,0.000137,0.999863
0.9075276268804424,0.971773,0.028227
0.9075276268804424,0.002028,0.997972
0.9075276268804424,0.634577,0.365423
0.9075276268804424,0.0193,0.9807
0.9075276268804424,0.010717,0.989283
0.9075276268804424,0.998769,0.001231
0.9075276268804424,0.000311,0.999689
0.9075276268804424,0.998906,0.001095
0.9075276268804424,0.000232,0.999768
0.9075276268804424,0.024016,0.975984
0.9075276268804424,0.030836,0.969164
0.9075276268804424,0.005143,0.994857
0.9075276268804424,0.104056,0.895944
0.9075276268804424,0.211543,0.788457
0.9075276268804424,0.000247,0.999753
0.9075276268804424,0.990352,0.009648
0.9075276268804424,0.002155,0.997845
0.9075276268804424,0.15901,0.840991
0.9075276268804424,0.292222,0.707778
0.9075276268804424,0.00195,0.99805
0.9075276268804424,0.968579,0.031421
0.9075276268804424,0.030984,0.969016
0.9075276268804424,0.000254,0.999746
0.9075276268804424,0.000212,0.999788
0.9075276268804424,0.022646,0.977354
0.9075276268804424,0.004126,0.995874
0.9075276268804424,0.997974,0.002026
0.9075276268804424,0.295905,0.704095
0.9075276268804424,0.000387,0.999613
0.9075276268804424,0.013323,0.986677
0.9075276268804424,0.236246,0.763754
0.9075276268804424,0.008833,0.991168
0.9075276268804424,0.001565,0.998435
0.9075276268804424,0.760177,0.239823
0.9075276268804424,0.069284,0.930716
0.9075276268804424,0.995769,0.004231
0.9075276268804424,0.011,0.989
0.9075276268804424,0.01352,0.98648
0.9075276268804424,0.999774,0.000226
0.9075276268804424,0.017528,0.982472
0.9075276268804424,0.976325,0.023675
0.9075276268804424,0.819078,0.180922
0.9075276268804424,0.206492,0.793508
0.9075276268804424,0.042954,0.957046
0.9075276268804424,0.026445,0.973555
0.9075276268804424,0.047305,0.952695
0.9075276268804424,1.6e-05,0.999984
0.9075276268804424,0.027332,0.972668
0.9075276268804424,0.099709,0.900291
0.9075276268804424,0.997946,0.002054
0.9075276268804424,0.965867,0.034133
0.9075276268804424,0.000323,0.999677
0.9075276268804424,1e-05,0.99999
0.9075276268804424,0.000581,0.999419
0.9075276268804424,0.793781,0.206219
0.9075276268804424,0.808837,0.191163
0.9075276268804424,0.950738,0.049262
0.9075276268804424,0.717399,0.282601
0.9075276268804424,0.032666,0.967334
0.9075276268804424,0.000966,0.999034
0.9075276268804424,0.000971,0.999029
0.9075276268804424,0.995731,0.004269
0.9075276268804424,0.006003,0.993997
0.9075276268804424,0.999573,0.000427
0.9075276268804424,0.088567,0.911433
0.9135276268804424,0.001921,0.998079
0.9135276268804424,0.940235,0.059765
0.9135276268804424,0.128281,0.87172
0.9135276268804424,0.000225,0.999775
0.9135276268804424,0.2122,0.7878
0.9135276268804424,1.8e-05,0.999982
0.9135276268804424,0.065222,0.934778
0.9135276268804424,0.729977,0.270023
0.9135276268804424,0.978016,0.021984
0.9135276268804424,0.001247,0.998753
0.9135276268804424,0.984944,0.015056
0.9135276268804424,0.25485,0.74515
0.9135276268804424,0.116527,0.883473
0.9135276268804424,0.009475,0.990525
0.9135276268804424,0.601786,0.398214
0.9135276268804424,0.08144,0.91856
0.9135276268804424,0.777886,0.222114
0.9135276268804424,0.519858,0.480142
0.9135276268804424,0.948654,0.051346
0.9135276268804424,0.407821,0.592179
0.9135276268804424,0.023081,0.976919
0.9135276268804424,0.000343,0.999657
0.9135276268804424,0.015803,0.984197
0.9135276268804424,0.05821,0.94179
0.9135276268804424,0.231031,0.768969
0.9135276268804424,0.464466,0.535534
0.9135276268804424,0.023839,0.976161
0.9135276268804424,0.041333,0.958667
0.9135276268804424,0.166569,0.833431
0.9135276268804424,0.002675,0.997324
0.9135276268804424,0.996395,0.003605
0.9135276268804424,0.015421,0.984578
0.9135276268804424,0.200273,0.799727
0.9135276268804424,0.059559,0.940441
0.9135276268804424,0.361602,0.638398
0.9135276268804424,0.316568,0.683432
0.9135276268804424,0.01399,0.98601
0.9135276268804424,0.00171,0.99829
0.9135276268804424,0.000218,0.999782
0.9135276268804424,0.975355,0.024645
0.9135276268804424,0.462172,0.537828
0.9135276268804424,9.8e-05,0.999902
0.9135276268804424,0.099484,0.900516
0.9135276268804424,0.225895,0.774105
0.9135276268804424,0.012656,0.987344
0.9135276268804424,0.817319,0.182681
0.9135276268804424,0.243524,0.756476
0.9135276268804424,0.722435,0.277565
0.9135276268804424,0.00013,0.99987
0.9135276268804424,0.989357,0.010643
0.9135276268804424,0.051529,0.948471
0.9135276268804424,0.000453,0.999547
0.9135276268804424,0.489784,0.510216
0.9135276268804424,0.37051,0.62949
0.9135276268804424,0.498561,0.501439
0.9135276268804424,0.082901,0.917099
0.9135276268804424,0.003136,0.996864
0.9135276268804424,0.181268,0.818732
0.9135276268804424,0.107549,0.892451
0.9135276268804424,0.244574,0.755426
0.9135276268804424,0.001878,0.998122
0.9135276268804424,0.368701,0.631299
0.9135276268804424,0.989178,0.010822
0.9135276268804424,0.792964,0.207036
0.9135276268804424,0.937065,0.062935
0.9135276268804424,0.942791,0.057209
0.9135276268804424,0.916591,0.083409
0.9135276268804424,0.178154,0.821846
0.9135276268804424,0.000604,0.999396
0.9135276268804424,0.991871,0.008129
0.9135276268804424,0.033352,0.966648
0.9135276268804424,0.994841,0.005159
0.9135276268804424,0.961934,0.038066
0.9135276268804424,5e-05,0.99995
0.9135276268804424,0.009183,0.990817
0.9135276268804424,0.577238,0.422762
0.9135276268804424,0.114057,0.885943
0.9135276268804424,0.941916,0.058084
0.9135276268804424,0.722966,0.277034
0.9135276268804424,0.726003,0.273997
0.9135276268804424,0.080791,0.919209
0.9135276268804424,0.998473,0.001527
0.9135276268804424,0.62475,0.37525
0.9135276268804424,0.024273,0.975727
0.9135276268804424,0.934568,0.065432
0.9135276268804424,0.701495,0.298505
0.9135276268804424,0.180773,0.819227
0.9135276268804424,0.001437,0.998563
0.9135276268804424,7.5e-05,0.999925
0.9135276268804424,0.380694,0.619306
0.9135276268804424,0.992197,0.007803
0.9135276268804424,0.008977,0.991024
0.9135276268804424,0.945231,0.054769
0.9135276268804424,0.079371,0.920629
0.9135276268804424,0.026866,0.973134
0.9135276268804424,0.828112,0.171888
0.9135276268804424,0.011732,0.988268
0.9135276268804424,0.341598,0.658402
0.9135276268804424,0.00011,0.99989
0.9135276268804424,0.33665,0.66335
0.9205276268804423,0.00073,0.99927
0.9205276268804423,0.999743,0.000257
0.9205276268804423,0.326396,0.673604
0.9205276268804423,0.648829,0.351171
0.9205276268804423,0.007659,0.992341
0.9205276268804423,0.323627,0.676373
0.9205276268804423,0.003541,0.996459
0.9205276268804423,2e-05,0.99998
0.9205276268804423,0.490606,0.509394
0.9205276268804423,0.180063,0.819937
0.9205276268804423,0.862099,0.137901
0.9205276268804423,0.112397,0.887603
0.9205276268804423,0.026013,0.973987
0.9205276268804423,0.00294,0.99706
0.9205276268804423,5e-05,0.99995
0.9205276268804423,0.81949,0.18051
0.9205276268804423,0.984175,0.015825
0.9205276268804423,0.033814,0.966186
0.9205276268804423,0.049319,0.950681
0.9205276268804423,0.899063,0.100937
0.9205276268804423,0.02069,0.97931
0.9205276268804423,0.095823,0.904177
0.9205276268804423,0.000756,0.999244
0.9205276268804423,0.033303,0.966697
0.9205276268804423,0.000616,0.999384
0.9205276268804423,0.792498,0.207502
0.9205276268804423,0.98748,0.01252
0.9205276268804423,0.698782,0.301218
0.9205276268804423,0.323783,0.676217
0.9205276268804423,0.308158,0.691842
0.9205276268804423,0.00719,0.99281
0.9205276268804423,0.000213,0.999787
0.9205276268804423,0.99083,0.00917
0.9205276268804423,0.952327,0.047673
0.9205276268804423,0.000243,0.999757
0.9205276268804423,0.466622,0.533378
0.9205276268804423,0.958997,0.041003
0.9205276268804423,0.032859,0.96714
0.9205276268804423,0.064171,0.935829
0.9205276268804423,0.966166,0.033834
0.9205276268804423,0.006466,0.993534
0.9205276268804423,0.019248,0.980752
0.9205276268804423,0.549074,0.450926
0.9205276268804423,0.000658,0.999342
0.9205276268804423,0.013207,0.986793
0.9205276268804423,0.999156,0.000844
0.9205276268804423,0.003267,0.996733
0.9205276268804423,0.001348,0.998652
0.9205276268804423,0.996609,0.003391
0.9205276268804423,0.927189,0.072811
0.9205276268804423,0.16027,0.83973
0.9205276268804423,0.03756,0.96244
0.9205276268804423,0.296101,0.703899
0.9205276268804423,0.276515,0.723485
0.9205276268804423,0.395738,0.604262
0.9205276268804423,0.925749,0.074251
0.9205276268804423,0.763469,0.236531
0.9205276268804423,0.838685,0.161315
0.9205276268804423,0.757023,0.242977
0.9205276268804423,0.997292,0.002708
0.9205276268804423,0.612043,0.387957
0.9205276268804423,0.001453,0.998547
0.9205276268804423,0.07484,0.92516
0.9205276268804423,0.558914,0.441086
0.9205276268804423,0.007108,0.992892
0.9205276268804423,0.133935,0.866065
0.9205276268804423,0.012238,0.987762
0.9205276268804423,0.022581,0.977419
0.9205276268804423,0.109066,0.890934
0.9205276268804423,0.007045,0.992955
0.9205276268804423,0.051029,0.948971
0.9205276268804423,0.038704,0.961296
0.9205276268804423,0.96679,0.03321
0.9205276268804423,0.153368,0.846632
0.9205276268804423,0.995423,0.004577
0.9205276268804423,0.954726,0.045274
0.9205276268804423,0.000417,0.999583
0.9205276268804423,0.066661,0.933339
0.9205276268804423,0.000788,0.999212
0.9205276268804423,0.234714,0.765286
0.9205276268804423,0.173782,0.826218
0.9205276268804423,0.000205,0.999795
0.9205276268804423,0.000258,0.999742
0.9205276268804423,0.851942,0.148058
0.9205276268804423,0.001324,0.998676
0.9205276268804423,0.271445,0.728555
0.9205276268804423,0.958332,0.041668
0.9205276268804423,0.034324,0.965676
0.9205276268804423,5.8e-05,0.999942
0.9205276268804423,0.406484,0.593516
0.9205276268804423,0.043001,0.956998
0.9205276268804423,0.672481,0.327519
0.9205276268804423,0.745021,0.254979
0.9205276268804423,0.000766,0.999234
0.9205276268804423,1.3e-05,0.999987
0.9205276268804423,0.563887,0.436113
0.9205276268804423,0.006293,0.993708
0.9205276268804423,0.03473,0.96527
0.9205276268804423,0.001697,0.998303
0.9205276268804423,0.999137,0.000863
0.9265276268804423,0.996459,0.003541
0.9265276268804423,0.052666,0.947334
0.9265276268804423,0.003498,0.996502
0.9265276268804423,0.899967,0.100033
0.9265276268804423,0.004313,0.995687
0.9265276268804423,0.000141,0.999859
0.9265276268804423,0.141284,0.858716
0.9265276268804423,0.999313,0.000687
0.9265276268804423,0.000216,0.999784
0.9265276268804423,0.971148,0.028852
0.9265276268804423,0.000593,0.999407
0.9265276268804423,1.8e-05,0.999982
0.9265276268804423,0.936761,0.063239
0.9265276268804423,0.002352,0.997648
0.9265276268804423,0.000538,0.999462
0.9265276268804423,0.014221,0.985779
0.9265276268804423,0.90542,0.09458
0.9265276268804423,0.655949,0.344051
0.9265276268804423,0.011514,0.988486
0.9265276268804423,0.000126,0.999874
0.9265276268804423,0.976999,0.023001
0.9265276268804423,0.046781,0.953219
0.9265276268804423,0.971726,0.028274
0.9265276268804423,0.994281,0.005719
0.9265276268804423,0.000109,0.999891
0.9265276268804423,0.871074,0.128926
0.9265276268804423,0.000315,0.999685
0.9265276268804423,2.4e-05,0.999976
0.9265276268804423,0.549973,0.450027
0.9265276268804423,0.021093,0.978907
0.9265276268804423,0.999014,0.000986
0.9265276268804423,0.430083,0.569917
0.9265276268804423,1e-06,0.999999
0.9265276268804423,9.6e-05,0.999904
0.9265276268804423,0.004418,0.995582
0.9265276268804423,0.666596,0.333404
0.9265276268804423,0.685694,0.314306
0.9265276268804423,0.027802,0.972198
0.9265276268804423,0.984378,0.015622
0.9265276268804423,0.018562,0.981438
0.9265276268804423,0.969166,0.030834
0.9265276268804423,0.018877,0.981123
0.9265276268804423,0.295191,0.704809
0.9265276268804423,0.000112,0.999888
0.9265276268804423,0.407504,0.592496
0.9265276268804423,0.189206,0.810794
0.9265276268804423,0.985848,0.014152
0.9265276268804423,0.328662,0.671338
0.9265276268804423,0.003545,0.996455
0.9265276268804423,0.177422,0.822578
0.9265276268804423,0.981041,0.018959
0.9265276268804423,0.036064,0.963936
0.9265276268804423,7e-06,0.999993
0.9265276268804423,0.923033,0.076967
0.9265276268804423,0.004871,0.995129
0.9265276268804423,0.008562,0.991438
0.9265276268804423,0.002093,0.997907
0.9265276268804423,0.077827,0.922173
0.9265276268804423,0.012603,0.987397
0.9265276268804423,0.021011,0.978988
0.9265276268804423,0.505719,0.494281
0.9265276268804423,0.999774,0.000226
0.9265276268804423,0.000312,0.999688
0.9265276268804423,0.234377,0.765623
0.9265276268804423,0.0004,0.9996
0.9265276268804423,0.017179,0.982821
0.9265276268804423,0.031087,0.968913
0.9265276268804423,0.027921,0.972079
0.9265276268804423,0.533973,0.466027
0.9265276268804423,0.00841,0.99159
0.9265276268804423,0.003241,0.996759
0.9265276268804423,0.834549,0.165451
0.9265276268804423,0.010653,0.989347
0.9265276268804423,7.2e-05,0.999928
0.9265276268804423,0.039782,0.960218
0.9265276268804423,8e-06,0.999992
0.9265276268804423,0.793821,0.206179
0.9265276268804423,0.98348,0.01652
0.9265276268804423,0.653023,0.346977
0.9265276268804423,0.685842,0.314158
0.9265276268804423,0.011824,0.988176
0.9265276268804423,0.9065,0.0935
0.9265276268804423,0.419067,0.580933
0.9265276268804423,0.007212,0.992788
0.9265276268804423,0.001095,0.998905
0.9265276268804423,0.920065,0.079935
0.9265276268804423,0.995698,0.004302
0.9265276268804423,0.094633,0.905367
0.9265276268804423,0.000579,0.99942
0.9265276268804423,0.108932,0.891068
0.9265276268804423,0.838039,0.161961
0.9265276268804423,3.1e-05,0.999969
0.9265276268804423,0.92223,0.07777
0.9265276268804423,0.023702,0.976298
0.9265276268804423,7.8e-05,0.999922
0.9265276268804423,0.42287,0.57713
0.9265276268804423,0.999875,0.000125
0.9265276268804423,0.987273,0.012727
0.9265276268804423,0.016535,0.983465
0.9265276268804423,0.00128,0.99872
0.9325276268804423,0.053512,0.946488
0.9325276268804423,0.272255,0.727745
0.9325276268804423,0.976563,0.023437
0.9325276268804423,0.94883,0.05117
0.9325276268804423,0.08758,0.91242
0.9325276268804423,0.000939,0.999062
0.9325276268804423,0.911458,0.088542
0.9325276268804423,0.000341,0.999659
0.9325276268804423,0.229941,0.770059
0.9325276268804423,0.979256,0.020744
0.9325276268804423,3.2e-05,0.999968
0.9325276268804423,0.002799,0.9972
0.9325276268804423,0.075253,0.924747
0.9325276268804423,0.016299,0.983702
0.9325276268804423,0.984961,0.015039
0.9325276268804423,0.995432,0.004567
0.9325276268804423,0.094614,0.905386
0.9325276268804423,0.117381,0.882619
0.9325276268804423,2e-06,0.999998
0.9325276268804423,0.00139,0.99861
0.9325276268804423,0.984208,0.015792
0.9325276268804423,0.28972,0.71028
0.9325276268804423,0.198835,0.801165
0.9325276268804423,0.000599,0.999401
0.9325276268804423,0.0016,0.9984
0.9325276268804423,0.606635,0.393365
0.9325276268804423,0.957428,0.042572
0.9325276268804423,0.002773,0.997227
0.9325276268804423,0.001063,0.998937
0.9325276268804423,0.806693,0.193307
0.9325276268804423,0.899428,0.100572
0.9325276268804423,0.012758,0.987242
0.9325276268804423,0.814021,0.185979
0.9325276268804423,0.000802,0.999198
0.9325276268804423,0.197367,0.802633
0.9325276268804423,0.251943,0.748057
0.9325276268804423,0.004249,0.995751
0.9325276268804423,0.023329,0.976671
0.9325276268804423,5.1e-05,0.999949
0.9325276268804423,0.704192,0.295808
0.9325276268804423,0.001515,0.998485
0.9325276268804423,0.621319,0.378681
0.9325276268804423,0.001868,0.998132
0.9325276268804423,0.006091,0.993909
0.9325276268804423,0.112364,0.887636
0.9325276268804423,0.000866,0.999134
0.9325276268804423,0.070581,0.929419
0.9325276268804423,9.7e-05,0.999903
0.9325276268804423,0.016988,0.983012
0.9325276268804423,0.949235,0.050765
0.9325276268804423,0.15938,0.840619
0.9325276268804423,0.988648,0.011353
0.9325276268804423,0.698948,0.301052
0.9325276268804423,0.99853,0.00147
0.9325276268804423,0.000332,0.999668
0.9325276268804423,0.000748,0.999252
0.9325276268804423,0.000806,0.999194
0.9325276268804423,3.1e-05,0.999969
0.9325276268804423,0.925655,0.074345
0.9325276268804423,0.944156,0.055844
0.9325276268804423,0.000113,0.999887
0.9325276268804423,0.002763,0.997237
0.9325276268804423,0.873738,0.126262
0.9325276268804423,0.464607,0.535393
0.9325276268804423,0.999574,0.000426
0.9325276268804423,0.9697,0.0303
0.9325276268804423,1.5e-05,0.999985
0.9325276268804423,0.074532,0.925468
0.9325276268804423,0.119489,0.880511
0.9325276268804423,0.003569,0.996431
0.9325276268804423,0.243532,0.756468
0.9325276268804423,0.006829,0.993171
0.9325276268804423,0.654758,0.345242
0.9325276268804423,0.001317,0.998683
0.9325276268804423,7.4e-05,0.999926
0.9325276268804423,0.979191,0.020809
0.9325276268804423,0.997929,0.002071
0.9325276268804423,0.109733,0.890267
0.9325276268804423,0.985587,0.014413
0.9325276268804423,0.007086,0.992914
0.9325276268804423,0.945159,0.054841
0.9325276268804423,0.000156,0.999844
0.9325276268804423,0.004134,0.995866
0.9325276268804423,0.004051,0.995949
0.9325276268804423,0.040615,0.959385
0.9325276268804423,0.951609,0.048391
0.9325276268804423,0.05417,0.94583
0.9325276268804423,0.000449,0.999552
0.9325276268804423,0.966295,0.033705
0.9325276268804423,0.158468,0.841532
0.9325276268804423,0.938646,0.061354
0.9325276268804423,0.996801,0.003199
0.9325276268804423,0.208323,0.791677
0.9325276268804423,0.017264,0.982736
0.9325276268804423,0.002344,0.997656
0.9325276268804423,0.998122,0.001878
0.9325276268804423,0.005739,0.994261
0.9325276268804423,0.408699,0.591301
0.9325276268804423,0.00094,0.99906
0.9325276268804423,0.634277,0.365723
0.9385276268804423,0.985118,0.014881
0.9385276268804423,0.000224,0.999776
0.9385276268804423,0.936135,0.063865
0.9385276268804423,0.000286,0.999714
0.9385276268804423,0.127128,0.872872
0.9385276268804423,5e-06,0.999995
0.9385276268804423,0.68411,0.31589
0.9385276268804423,0.547745,0.452255
0.9385276268804423,0.001487,0.998513
0.9385276268804423,0.081035,0.918965
0.9385276268804423,2.1e-05,0.999979
0.9385276268804423,0.756182,0.243818
0.9385276268804423,0.001091,0.998909
0.9385276268804423,0.308592,0.691408
0.9385276268804423,0.00011,0.99989
0.9385276268804423,0.197907,0.802093
0.9385276268804423,0.989103,0.010897
0.9385276268804423,0.898835,0.101165
0.9385276268804423,0.619342,0.380658
0.9385276268804423,0.122136,0.877864
0.9385276268804423,0.014496,0.985504
0.9385276268804423,0.952882,0.047118
0.9385276268804423,0.697391,0.302609
0.9385276268804423,0.115319,0.884681
0.9385276268804423,0.010807,0.989193
0.9385276268804423,3.8e-05,0.999962
0.9385276268804423,0.030028,0.969972
0.9385276268804423,0.036988,0.963012
0.9385276268804423,0.007389,0.992611
0.9385276268804423,0.000265,0.999735
0.9385276268804423,0.010633,0.989367
0.9385276268804423,0.981053,0.018947
0.9385276268804423,3.5e-05,0.999965
0.9385276268804423,1e-06,0.999999
0.9385276268804423,0.957841,0.042159
0.9385276268804423,0.26358,0.73642
0.9385276268804423,0.998989,0.001011
0.9385276268804423,0.785414,0.214586
0.9385276268804423,0.999096,0.000904
0.9385276268804423,0.004491,0.995509
0.9385276268804423,0.042783,0.957217
0.9385276268804423,8.8e-05,0.999912
0.9385276268804423,0.188128,0.811873
0.9385276268804423,0.00069,0.99931
0.9385276268804423,0.019308,0.980692
0.9385276268804423,0.241429,0.758571
0.9385276268804423,0.264433,0.735567
0.9385276268804423,0.003508,0.996492
0.9385276268804423,0.771371,0.228629
0.9385276268804423,0.068634,0.931366
0.9385276268804423,0.081917,0.918083
0.9385276268804423,0.241945,0.758055
0.9385276268804423,0.000386,0.999614
0.9385276268804423,0.051274,0.948725
0.9385276268804423,0.000164,0.999836
0.9385276268804423,0.091846,0.908154
0.9385276268804423,0.109466,0.890534
0.9385276268804423,0.927955,0.072045
0.9385276268804423,0.00088,0.99912
0.9385276268804423,0.322072,0.677928
0.9385276268804423,0.026881,0.973119
0.9385276268804423,0.990884,0.009116
0.9385276268804423,7.8e-05,0.999922
0.9385276268804423,0.001348,0.998652
0.9385276268804423,0.289646,0.710354
0.9385276268804423,0.02254,0.97746
0.9385276268804423,0.001216,0.998784
0.9385276268804423,0.175958,0.824043
0.9385276268804423,0.049254,0.950746
0.9385276268804423,0.336864,0.663136
0.9385276268804423,0.007429,0.992571
0.9385276268804423,0.047397,0.952603
0.9385276268804423,0.280335,0.719665
0.9385276268804423,0.499751,0.500249
0.9385276268804423,0.000817,0.999183
0.9385276268804423,0.018756,0.981244
0.9385276268804423,0.004415,0.995585
0.9385276268804423,0.067675,0.932325
0.9385276268804423,0.99843,0.00157
0.9385276268804423,0.000182,0.999818
0.9385276268804423,0.812528,0.187472
0.9385276268804423,0.003219,0.996781
0.9385276268804423,0.079789,0.920211
0.9385276268804423,0.997433,0.002567
0.9385276268804423,0.000778,0.999222
0.9385276268804423,0.001925,0.998075
0.9385276268804423,0.000284,0.999716
0.9385276268804423,0.001666,0.998334
0.9385276268804423,0.195423,0.804577
0.9385276268804423,0.00027,0.99973
0.9385276268804423,0.996917,0.003083
0.9385276268804423,7.6e-05,0.999924
0.9385276268804423,0.171233,0.828767
0.9385276268804423,0.175597,0.824403
0.9385276268804423,2e-06,0.999998
0.9385276268804423,0.035216,0.964784
0.9385276268804423,0.963162,0.036838
0.9385276268804423,0.988083,0.011917
0.9385276268804423,0.10741,0.89259
0.9385276268804423,0.000304,0.999696
0.9445276268804423,0.778393,0.221607
0.9445276268804423,0.004415,0.995585
0.9445276268804423,0.006233,0.993767
0.9445276268804423,0.000453,0.999547
0.9445276268804423,0.996068,0.003932
0.9445276268804423,0.002257,0.997743
0.9445276268804423,1.5e-05,0.999985
0.9445276268804423,0.976122,0.023878
0.9445276268804423,0.814323,0.185677
0.9445276268804423,7.7e-05,0.999923
0.9445276268804423,0.013025,0.986975
0.9445276268804423,6e-05,0.99994
0.9445276268804423,8e-06,0.999992
0.9445276268804423,0.267773,0.732227
0.9445276268804423,5.1e-05,0.999949
0.9445276268804423,0.88598,0.11402
0.9445276268804423,0.031973,0.968027
0.9445276268804423,0.0,1.0
0.9445276268804423,4.3e-05,0.999957
0.9445276268804423,0.098443,0.901557
0.9445276268804423,0.072868,0.927132
0.9445276268804423,0.00549,0.99451
0.9445276268804423,0.002903,0.997097
0.9445276268804423,8.7e-05,0.999913
0.9445276268804423,0.000113,0.999887
0.9445276268804423,0.967491,0.032509
0.9445276268804423,9.7e-05,0.999903
0.9445276268804423,0.943974,0.056027
0.9445276268804423,1e-06,0.999999
0.9445276268804423,0.340024,0.659976
0.9445276268804423,0.002074,0.997926
0.9445276268804423,0.990117,0.009883
0.9445276268804423,0.98696,0.01304
0.9445276268804423,0.004363,0.995637
0.9445276268804423,0.000265,0.999735
0.9445276268804423,0.008675,0.991325
0.9445276268804423,0.257927,0.742073
0.9445276268804423,0.071256,0.928744
0.9445276268804423,0.002657,0.997344
0.9445276268804423,0.496916,0.503084
0.9445276268804423,1.2e-05,0.999988
0.9445276268804423,7e-06,0.999993
0.9445276268804423,0.013901,0.986099
0.9445276268804423,0.086403,0.913597
0.9445276268804423,0.432674,0.567326
0.9445276268804423,0.001528,0.998472
0.9445276268804423,0.002344,0.997656
0.9445276268804423,0.027999,0.972001
0.9445276268804423,0.002456,0.997544
0.9445276268804423,0.002537,0.997463
0.9445276268804423,0.030203,0.969797
0.9445276268804423,0.000252,0.999748
0.9445276268804423,0.03023,0.96977
0.9445276268804423,0.000104,0.999896
0.9445276268804423,0.048798,0.951202
0.9445276268804423,0.040931,0.959069
0.9445276268804423,0.712829,0.287171
0.9445276268804423,3.2e-05,0.999968
0.9445276268804423,0.013491,0.986509
0.9445276268804423,0.000288,0.999712
0.9445276268804423,0.003854,0.996146
0.9445276268804423,0.993794,0.006206
0.9445276268804423,0.211058,0.788942
0.9445276268804423,4e-05,0.99996
0.9445276268804423,0.097895,0.902105
0.9445276268804423,0.051718,0.948282
0.9445276268804423,0.299287,0.700713
0.9445276268804423,0.398841,0.601159
0.9445276268804423,0.020831,0.979169
0.9445276268804423,0.000782,0.999218
0.9445276268804423,0.080317,0.919683
0.9445276268804423,0.006407,0.993593
0.9445276268804423,0.00476,0.99524
0.9445276268804423,0.277899,0.722101
0.9445276268804423,0.008934,0.991066
0.9445276268804423,0.007889,0.992111
0.9445276268804423,3.6e-05,0.999964
0.9445276268804423,0.136125,0.863875
0.9445276268804423,0.009337,0.990663
0.9445276268804423,0.190171,0.809829
0.9445276268804423,0.864661,0.135339
0.9445276268804423,0.932511,0.067489
0.9445276268804423,0.99684,0.003161
0.9445276268804423,0.00082,0.99918
0.9445276268804423,5e-05,0.99995
0.9445276268804423,0.025039,0.974961
0.9445276268804423,0.000734,0.999266
0.9445276268804423,0.001915,0.998085
0.9445276268804423,0.02761,0.97239
0.9445276268804423,0.800617,0.199383
0.9445276268804423,0.011835,0.988166
0.9445276268804423,0.000706,0.999294
0.9445276268804423,0.336637,0.663363
0.9445276268804423,0.986413,0.013587
0.9445276268804423,0.560218,0.439782
0.9445276268804423,0.001869,0.998131
0.9445276268804423,0.015457,0.984543
0.9445276268804423,0.033528,0.966472
0.9445276268804423,0.041903,0.958097
0.9445276268804423,0.131026,0.868974
0.9505276268804423,0.220146,0.779854
0.9505276268804423,0.004342,0.995658
0.9505276268804423,0.046378,0.953622
0.9505276268804423,0.024063,0.975937
0.9505276268804423,0.000173,0.999827
0.9505276268804423,0.142898,0.857102
0.9505276268804423,9.8e-05,0.999902
0.9505276268804423,0.089389,0.910611
0.9505276268804423,0.999749,0.000251
0.9505276268804423,0.017459,0.982541
0.9505276268804423,0.5632,0.4368
0.9505276268804423,2.4e-05,0.999976
0.9505276268804423,0.159048,0.840952
0.9505276268804423,0.016238,0.983762
0.9505276268804423,0.975156,0.024844
0.9505276268804423,0.010217,0.989783
0.9505276268804423,0.001704,0.998296
0.9505276268804423,0.770675,0.229325
0.9505276268804423,0.142072,0.857928
0.9505276268804423,6e-06,0.999994
0.9505276268804423,0.484711,0.515289
0.9505276268804423,0.013441,0.986559
0.9505276268804423,0.002879,0.997121
0.9505276268804423,0.001713,0.998287
0.9505276268804423,0.864251,0.135749
0.9505276268804423,0.036072,0.963928
0.9505276268804423,0.258371,0.741629
0.9505276268804423,0.442868,0.557132
0.9505276268804423,0.00121,0.99879
0.9505276268804423,9e-06,0.999991
0.9505276268804423,0.000323,0.999677
0.9505276268804423,0.04079,0.95921
0.9505276268804423,0.911752,0.088248
0.9505276268804423,0.01541,0.98459
0.9505276268804423,0.715685,0.284315
0.9505276268804423,0.000779,0.999221
0.9505276268804423,2.1e-05,0.999979
0.9505276268804423,0.350365,0.649635
0.9505276268804423,0.000942,0.999058
0.9505276268804423,0.033461,0.966539
0.9505276268804423,0.012966,0.987034
0.9505276268804423,0.444812,0.555188
0.9505276268804423,0.001952,0.998048
0.9505276268804423,0.000318,0.999682
0.9505276268804423,0.000228,0.999772
0.9505276268804423,0.67856,0.32144
0.9505276268804423,2.9e-05,0.999971
0.9505276268804423,6e-06,0.999994
0.9505276268804423,0.586286,0.413714
0.9505276268804423,0.053031,0.946969
0.9505276268804423,0.95094,0.049061
0.9505276268804423,3.1e-05,0.999969
0.9505276268804423,8.1e-05,0.999919
0.9505276268804423,0.019929,0.980071
0.9505276268804423,0.000344,0.999656
0.9505276268804423,0.030647,0.969353
0.9505276268804423,0.000585,0.999415
0.9505276268804423,0.5711,0.4289
0.9505276268804423,2.1e-05,0.999979
0.9505276268804423,4.3e-05,0.999957
0.9505276268804423,0.119724,0.880276
0.9505276268804423,0.000213,0.999787
0.9505276268804423,0.038943,0.961057
0.9505276268804423,0.015095,0.984905
0.9505276268804423,0.771852,0.228148
0.9505276268804423,0.925327,0.074673
0.9505276268804423,0.000175,0.999825
0.9505276268804423,0.005322,0.994678
0.9505276268804423,0.542028,0.457972
0.9505276268804423,0.013809,0.986191
0.9505276268804423,0.073899,0.926101
0.9505276268804423,0.949477,0.050523
0.9505276268804423,0.000909,0.999091
0.9505276268804423,0.083444,0.916556
0.9505276268804423,0.438368,0.561632
0.9505276268804423,0.002158,0.997842
0.9505276268804423,0.058921,0.941079
0.9505276268804423,0.464024,0.535976
0.9505276268804423,0.090546,0.909454
0.9505276268804423,0.066151,0.933849
0.9505276268804423,0.000244,0.999756
0.9505276268804423,0.015659,0.984341
0.9505276268804423,0.289736,0.710264
0.9505276268804423,0.000151,0.999849
0.9505276268804423,0.021494,0.978506
0.9505276268804423,0.000687,0.999313
0.9505276268804423,0.994181,0.005819
0.9505276268804423,0.483815,0.516185
0.9505276268804423,0.021879,0.978121
0.9505276268804423,0.233676,0.766324
0.9505276268804423,0.024957,0.975043
0.9505276268804423,9e-06,0.999991
0.9505276268804423,0.01841,0.98159
0.9505276268804423,0.004099,0.995901
0.9505276268804423,0.0867,0.9133
0.9505276268804423,0.183423,0.816577
0.9505276268804423,0.258293,0.741707
0.9505276268804423,0.214035,0.785965
0.9505276268804423,0.059001,0.940999
0.9505276268804423,0.000367,0.999633
0.9565276268804423,0.658352,0.341648
0.9565276268804423,0.824007,0.175993
0.9565276268804423,0.00301,0.99699
0.9565276268804423,0.00818,0.99182
0.9565276268804423,0.201462,0.798538
0.9565276268804423,0.362053,0.637948
0.9565276268804423,2.5e-05,0.999975
0.9565276268804423,0.997897,0.002103
0.9565276268804423,0.804103,0.195897
0.9565276268804423,0.004004,0.995996
0.9565276268804423,0.117137,0.882863
0.9565276268804423,7.1e-05,0.999929
0.9565276268804423,0.001251,0.998749
0.9565276268804423,0.813944,0.186056
0.9565276268804423,0.001586,0.998414
0.9565276268804423,0.008246,0.991754
0.9565276268804423,5.4e-05,0.999946
0.9565276268804423,0.015352,0.984648
0.9565276268804423,0.0,1.0
0.9565276268804423,0.959022,0.040978
0.9565276268804423,0.040487,0.959513
0.9565276268804423,0.000165,0.999835
0.9565276268804423,0.897443,0.102557
0.9565276268804423,0.007703,0.992298
0.9565276268804423,0.022835,0.977165
0.9565276268804423,0.554627,0.445373
0.9565276268804423,0.129864,0.870136
0.9565276268804423,0.000359,0.999641
0.9565276268804423,0.439546,0.560454
0.9565276268804423,0.869062,0.130938
0.9565276268804423,0.000389,0.999611
0.9565276268804423,0.000146,0.999854
0.9565276268804423,0.019739,0.980261
0.9565276268804423,0.001684,0.998316
0.9565276268804423,0.490705,0.509295
0.9565276268804423,0.00011,0.99989
0.9565276268804423,0.001332,0.998668
0.9565276268804423,0.59318,0.40682
0.9565276268804423,0.000683,0.999317
0.9565276268804423,0.032912,0.967088
0.9565276268804423,5e-06,0.999995
0.9565276268804423,0.24176,0.75824
0.9565276268804423,0.42183,0.57817
0.9565276268804423,0.997305,0.002695
0.9565276268804423,0.118271,0.881729
0.9565276268804423,0.931269,0.068731
0.9565276268804423,0.005596,0.994404
0.9565276268804423,7.1e-05,0.999929
0.9565276268804423,0.933149,0.066851
0.9565276268804423,0.000813,0.999187
0.9565276268804423,0.112116,0.887884
0.9565276268804423,4.5e-05,0.999955
0.9565276268804423,0.000109,0.999891
0.9565276268804423,0.550329,0.449671
0.9565276268804423,0.137349,0.862651
0.9565276268804423,0.077524,0.922476
0.9565276268804423,0.630674,0.369326
0.9565276268804423,5.5e-05,0.999945
0.9565276268804423,0.830224,0.169776
0.9565276268804423,1.2e-05,0.999988
0.9565276268804423,0.002152,0.997848
0.9565276268804423,0.972745,0.027255
0.9565276268804423,0.340405,0.659595
0.9565276268804423,0.071725,0.928275
0.9565276268804423,0.002746,0.997254
0.9565276268804423,1.8e-05,0.999982
0.9565276268804423,0.454731,0.545269
0.9565276268804423,7e-06,0.999993
0.9565276268804423,2.8e-05,0.999972
0.9565276268804423,0.040116,0.959884
0.9565276268804423,0.0289,0.9711
0.9565276268804423,0.004694,0.995306
0.9565276268804423,0.204155,0.795845
0.9565276268804423,0.017689,0.982311
0.9565276268804423,0.000114,0.999886
0.9565276268804423,9e-06,0.999991
0.9565276268804423,0.155451,0.844549
0.9565276268804423,0.997442,0.002558
0.9565276268804423,0.967979,0.032021
0.9565276268804423,0.000494,0.999506
0.9565276268804423,0.004582,0.995418
0.9565276268804423,1.2e-05,0.999988
0.9565276268804423,0.000567,0.999433
0.9565276268804423,0.002052,0.997948
0.9565276268804423,0.028608,0.971392
0.9565276268804423,0.000438,0.999562
0.9565276268804423,0.0,1.0
0.9565276268804423,0.035356,0.964644
0.9565276268804423,0.946363,0.053637
0.9565276268804423,0.089638,0.910362
0.9565276268804423,0.355299,0.644701
0.9565276268804423,0.024765,0.975235
0.9565276268804423,0.000311,0.999689
0.9565276268804423,0.00456,0.99544
0.9565276268804423,0.296203,0.703797
0.9565276268804423,0.004499,0.9955
0.9565276268804423,0.001626,0.998374
0.9565276268804423,0.083749,0.916251
0.9565276268804423,0.000181,0.999819
0.9565276268804423,3.7e-05,0.999963
0.9625276268804424,0.019545,0.980455
0.9625276268804424,0.00077,0.99923
0.9625276268804424,2e-06,0.999998
0.9625276268804424,0.385889,0.614111
0.9625276268804424,0.963893,0.036107
0.9625276268804424,0.000918,0.999082
0.9625276268804424,0.020212,0.979788
0.9625276268804424,0.972883,0.027117
0.9625276268804424,0.102414,0.897586
0.9625276268804424,0.003696,0.996304
0.9625276268804424,0.000455,0.999545
0.9625276268804424,0.019323,0.980677
0.9625276268804424,0.172843,0.827157
0.9625276268804424,0.656269,0.343731
0.9625276268804424,0.001496,0.998504
0.9625276268804424,0.001246,0.998754
0.9625276268804424,0.005106,0.994894
0.9625276268804424,0.004211,0.995789
0.9625276268804424,0.037908,0.962092
0.9625276268804424,0.012662,0.987338
0.9625276268804424,0.019675,0.980325
0.9625276268804424,0.392104,0.607896
0.9625276268804424,0.768711,0.231289
0.9625276268804424,0.006427,0.993573
0.9625276268804424,0.00283,0.99717
0.9625276268804424,0.500274,0.499726
0.9625276268804424,0.912454,0.087546
0.9625276268804424,0.581755,0.418245
0.9625276268804424,1e-05,0.99999
0.9625276268804424,0.0003,0.9997
0.9625276268804424,0.003711,0.996289
0.9625276268804424,3e-06,0.999997
0.9625276268804424,2.6e-05,0.999974
0.9625276268804424,0.072006,0.927994
0.9625276268804424,0.724397,0.275603
0.9625276268804424,0.24585,0.75415
0.9625276268804424,0.025547,0.974453
0.9625276268804424,0.002645,0.997355
0.9625276268804424,0.019489,0.980511
0.9625276268804424,0.322946,0.677054
0.9625276268804424,0.907849,0.092151
0.9625276268804424,0.05073,0.94927
0.9625276268804424,0.249809,0.750191
0.9625276268804424,0.504021,0.495979
0.9625276268804424,0.230088,0.769912
0.9625276268804424,6.8e-05,0.999932
0.9625276268804424,0.248844,0.751156
0.9625276268804424,0.72985,0.27015
0.9625276268804424,0.002227,0.997772
0.9625276268804424,0.00861,0.99139
0.9625276268804424,0.586234,0.413766
0.9625276268804424,0.003307,0.996693
0.9625276268804424,0.159889,0.840111
0.9625276268804424,0.18215,0.81785
0.9625276268804424,0.000669,0.999331
0.9625276268804424,0.006179,0.993821
0.9625276268804424,0.312543,0.687457
0.9625276268804424,0.969441,0.030559
0.9625276268804424,0.000375,0.999625
0.9625276268804424,0.18011,0.81989
0.9625276268804424,0.000129,0.999871
0.9625276268804424,0.565336,0.434664
0.9625276268804424,0.012221,0.987779
0.9625276268804424,3e-06,0.999997
0.9625276268804424,0.000743,0.999257
0.9625276268804424,2e-05,0.99998
0.9625276268804424,0.270868,0.729132
0.9625276268804424,0.000694,0.999306
0.9625276268804424,0.000451,0.999548
0.9625276268804424,0.313723,0.686277
0.9625276268804424,0.000196,0.999804
0.9625276268804424,0.015398,0.984602
0.9625276268804424,0.87802,0.12198
0.9625276268804424,0.005521,0.994479
0.9625276268804424,0.970133,0.029867
0.9625276268804424,0.028813,0.971187
0.9625276268804424,0.022643,0.977357
0.9625276268804424,0.000642,0.999358
0.9625276268804424,0.000386,0.999614
0.9625276268804424,0.120802,0.879198
0.9625276268804424,0.161986,0.838014
0.9625276268804424,0.026865,0.973134
0.9625276268804424,0.000234,0.999766
0.9625276268804424,0.239572,0.760428
0.9625276268804424,0.005945,0.994055
0.9625276268804424,0.000193,0.999807
0.9625276268804424,0.1059,0.8941
0.9625276268804424,0.142533,0.857467
0.9625276268804424,0.000146,0.999854
0.9625276268804424,0.855717,0.144283
0.9625276268804424,0.975826,0.024174
0.9625276268804424,0.02145,0.97855
0.9625276268804424,0.986485,0.013515
0.9625276268804424,1.7e-05,0.999983
0.9625276268804424,0.230783,0.769217
0.9625276268804424,0.729276,0.270724
0.9625276268804424,0.081986,0.918014
0.9625276268804424,0.055094,0.944906
0.9625276268804424,0.115434,0.884566
0.9625276268804424,0.02152,0.97848
0.9685276268804424,0.001161,0.998839
0.9685276268804424,9e-06,0.999991
0.9685276268804424,0.870182,0.129818
0.9685276268804424,0.002658,0.997342
0.9685276268804424,0.162959,0.837041
0.9685276268804424,0.003385,0.996616
0.9685276268804424,0.000273,0.999727
0.9685276268804424,2.9e-05,0.999971
0.9685276268804424,0.30151,0.69849
0.9685276268804424,0.010688,0.989312
0.9685276268804424,0.697088,0.302912
0.9685276268804424,0.00761,0.99239
0.9685276268804424,0.000594,0.999406
0.9685276268804424,0.062252,0.937748
0.9685276268804424,0.129901,0.870099
0.9685276268804424,0.001583,0.998417
0.9685276268804424,0.001516,0.998484
0.9685276268804424,2.3e-05,0.999977
0.9685276268804424,3.6e-05,0.999964
0.9685276268804424,0.998952,0.001048
0.9685276268804424,0.701073,0.298927
0.9685276268804424,0.000976,0.999024
0.9685276268804424,0.940933,0.059067
0.9685276268804424,0.038169,0.961831
0.9685276268804424,0.006419,0.993581
0.9685276268804424,0.960758,0.039243
0.9685276268804424,2.2e-05,0.999979
0.9685276268804424,0.498818,0.501182
0.9685276268804424,0.00916,0.99084
0.9685276268804424,0.891845,0.108155
0.9685276268804424,0.004949,0.995051
0.9685276268804424,0.000214,0.999786
0.9685276268804424,0.865425,0.134575
0.9685276268804424,0.411026,0.588974
0.9685276268804424,0.001926,0.998074
0.9685276268804424,0.00543,0.99457
0.9685276268804424,0.021701,0.978299
0.9685276268804424,0.169739,0.830261
0.9685276268804424,0.264118,0.735882
0.9685276268804424,0.0,1.0
0.9685276268804424,0.086185,0.913815
0.9685276268804424,0.00184,0.99816
0.9685276268804424,0.000735,0.999266
0.9685276268804424,0.999396,0.000604
0.9685276268804424,0.001224,0.998776
0.9685276268804424,0.002043,0.997957
0.9685276268804424,0.040219,0.959781
0.9685276268804424,0.00955,0.99045
0.9685276268804424,0.038705,0.961295
0.9685276268804424,0.034059,0.965941
0.9685276268804424,0.000679,0.999321
0.9685276268804424,0.000784,0.999216
0.9685276268804424,0.573082,0.426918
0.9685276268804424,0.001351,0.998649
0.9685276268804424,8.5e-05,0.999915
0.9685276268804424,0.031271,0.968729
0.9685276268804424,2.9e-05,0.999971
0.9685276268804424,0.288508,0.711492
0.9685276268804424,0.000204,0.999796
0.9685276268804424,0.992981,0.007019
0.9685276268804424,0.034929,0.965071
0.9685276268804424,0.905611,0.094389
0.9685276268804424,0.004073,0.995927
0.9685276268804424,0.773761,0.226239
0.9685276268804424,3e-06,0.999997
0.9685276268804424,6e-06,0.999994
0.9685276268804424,0.591448,0.408552
0.9685276268804424,9.6e-05,0.999904
0.9685276268804424,0.023749,0.976251
0.9685276268804424,0.148828,0.851172
0.9685276268804424,0.020458,0.979542
0.9685276268804424,8e-05,0.99992
0.9685276268804424,0.232507,0.767493
0.9685276268804424,0.821524,0.178476
0.9685276268804424,0.040587,0.959413
0.9685276268804424,0.199527,0.800473
0.9685276268804424,0.95709,0.04291
0.9685276268804424,5.1e-05,0.999949
0.9685276268804424,0.121419,0.878581
0.9685276268804424,0.727598,0.272402
0.9685276268804424,0.228737,0.771263
0.9685276268804424,0.027895,0.972105
0.9685276268804424,0.208901,0.791099
0.9685276268804424,0.488294,0.511706
0.9685276268804424,0.004544,0.995456
0.9685276268804424,0.999942,5.8e-05
0.9685276268804424,0.507165,0.492835
0.9685276268804424,9.3e-05,0.999907
0.9685276268804424,0.101753,0.898247
0.9685276268804424,0.014989,0.985011
0.9685276268804424,8.6e-05,0.999914
0.9685276268804424,0.904175,0.095825
0.9685276268804424,0.012679,0.987321
0.9685276268804424,0.146459,0.853541
0.9685276268804424,0.965057,0.034943
0.9685276268804424,0.115173,0.884826
0.9685276268804424,0.00084,0.99916
0.9685276268804424,0.089078,0.910922
0.9685276268804424,0.003484,0.996516
0.9685276268804424,0.064145,0.935855
0.9745276268804424,0.002698,0.997302
0.9745276268804424,0.999943,5.7e-05
0.9745276268804424,0.01376,0.98624
0.9745276268804424,0.992178,0.007822
0.9745276268804424,8e-06,0.999992
0.9745276268804424,0.045513,0.954487
0.9745276268804424,0.000391,0.999609
0.9745276268804424,0.800556,0.199444
0.9745276268804424,0.079982,0.920018
0.9745276268804424,0.189988,0.810012
0.9745276268804424,0.027019,0.972981
0.9745276268804424,0.01607,0.98393
0.9745276268804424,0.016638,0.983362
0.9745276268804424,4.4e-05,0.999956
0.9745276268804424,9e-05,0.99991
0.9745276268804424,0.000154,0.999846
0.9745276268804424,0.006714,0.993286
0.9745276268804424,0.259405,0.740595
0.9745276268804424,0.002054,0.997946
0.9745276268804424,3e-06,0.999997
0.9745276268804424,0.001122,0.998878
0.9745276268804424,0.017614,0.982386
0.9745276268804424,0.796138,0.203862
0.9745276268804424,0.002914,0.997086
0.9745276268804424,0.236607,0.763393
0.9745276268804424,0.931298,0.068702
0.9745276268804424,0.007722,0.992278
0.9745276268804424,8e-05,0.99992
0.9745276268804424,0.002707,0.997293
0.9745276268804424,0.71004,0.28996
0.9745276268804424,2e-06,0.999998
0.9745276268804424,0.000375,0.999625
0.9745276268804424,0.668168,0.331832
0.9745276268804424,0.091591,0.908409
0.9745276268804424,7e-06,0.999993
0.9745276268804424,6.3e-05,0.999937
0.9745276268804424,0.015219,0.984781
0.9745276268804424,0.184697,0.815303
0.9745276268804424,0.005254,0.994746
0.9745276268804424,1.2e-05,0.999988
0.9745276268804424,0.00019,0.99981
0.9745276268804424,0.129475,0.870525
0.9745276268804424,1.6e-05,0.999984
0.9745276268804424,0.915646,0.084354
0.9745276268804424,5.5e-05,0.999945
0.9745276268804424,0.842858,0.157142
0.9745276268804424,0.005161,0.994839
0.9745276268804424,0.908984,0.091016
0.9745276268804424,0.621321,0.378679
0.9745276268804424,0.997781,0.002219
0.9745276268804424,0.000831,0.999169
0.9745276268804424,0.888858,0.111142
0.9745276268804424,0.000221,0.999779
0.9745276268804424,0.004741,0.995259
0.9745276268804424,0.001956,0.998044
0.9745276268804424,0.082765,0.917235
0.9745276268804424,0.003763,0.996237
0.9745276268804424,0.000318,0.999682
0.9745276268804424,1.8e-05,0.999982
0.9745276268804424,0.002496,0.997504
0.9745276268804424,0.000274,0.999726
0.9745276268804424,0.865315,0.134685
0.9745276268804424,3.6e-05,0.999964
0.9745276268804424,0.029607,0.970393
0.9745276268804424,0.006901,0.993099
0.9745276268804424,0.017537,0.982463
0.9745276268804424,0.002675,0.997325
0.9745276268804424,0.000562,0.999438
0.9745276268804424,0.001713,0.998287
0.9745276268804424,0.009358,0.990642
0.9745276268804424,0.811058,0.188942
0.9745276268804424,0.00045,0.99955
0.9745276268804424,2.2e-05,0.999978
0.9745276268804424,0.021375,0.978624
0.9745276268804424,0.484967,0.515033
0.9745276268804424,0.010657,0.989343
0.9745276268804424,0.999227,0.000773
0.9745276268804424,0.958764,0.041236
0.9745276268804424,5e-05,0.99995
0.9745276268804424,0.02359,0.97641
0.9745276268804424,0.927975,0.072025
0.9745276268804424,0.462891,0.53711
0.9745276268804424,0.947145,0.052855
0.9745276268804424,0.000966,0.999034
0.9745276268804424,0.002268,0.997732
0.9745276268804424,0.000545,0.999455
0.9745276268804424,0.026983,0.973017
0.9745276268804424,0.879339,0.120661
0.9745276268804424,1.7e-05,0.999983
0.9745276268804424,0.000445,0.999555
0.9745276268804424,0.671371,0.328629
0.9745276268804424,0.001517,0.998483
0.9745276268804424,0.000357,0.999643
0.9745276268804424,0.024859,0.975141
0.9745276268804424,6.2e-05,0.999938
0.9745276268804424,0.036778,0.963222
0.9745276268804424,0.000962,0.999038
0.9745276268804424,9.5e-05,0.999905
0.9745276268804424,0.001658,0.998342
0.9745276268804424,0.082938,0.917062
0.9805276268804424,1.1e-05,0.999989
0.9805276268804424,0.000238,0.999762
0.9805276268804424,0.000852,0.999148
0.9805276268804424,0.947938,0.052062
0.9805276268804424,0.015085,0.984915
0.9805276268804424,0.00184,0.99816
0.9805276268804424,0.005243,0.994757
0.9805276268804424,0.001425,0.998575
0.9805276268804424,0.000206,0.999794
0.9805276268804424,0.995888,0.004112
0.9805276268804424,0.045226,0.954774
0.9805276268804424,2e-06,0.999998
0.9805276268804424,0.999904,9.6e-05
0.9805276268804424,9.1e-05,0.999909
0.9805276268804424,0.210355,0.789645
0.9805276268804424,0.000246,0.999754
0.9805276268804424,0.00235,0.99765
0.9805276268804424,0.003747,0.996253
0.9805276268804424,0.133859,0.866141
0.9805276268804424,0.000251,0.999749
0.9805276268804424,0.000366,0.999634
0.9805276268804424,0.001819,0.998181
0.9805276268804424,0.002928,0.997072
0.9805276268804424,0.99327,0.00673
0.9805276268804424,0.04615,0.95385
0.9805276268804424,0.004754,0.995246
0.9805276268804424,3.1e-05,0.999969
0.9805276268804424,0.00063,0.99937
0.9805276268804424,0.006591,0.993409
0.9805276268804424,0.000423,0.999577
0.9805276268804424,0.00024,0.99976
0.9805276268804424,0.04205,0.95795
0.9805276268804424,0.000712,0.999288
0.9805276268804424,9e-05,0.99991
0.9805276268804424,0.000265,0.999735
0.9805276268804424,0.00299,0.99701
0.9805276268804424,0.000163,0.999837
0.9805276268804424,0.004274,0.995726
0.9805276268804424,0.012649,0.987351
0.9805276268804424,0.004756,0.995244
0.9805276268804424,0.000312,0.999688
0.9805276268804424,9.3e-05,0.999907
0.9805276268804424,1.7e-05,0.999983
0.9805276268804424,0.529396,0.470604
0.9805276268804424,2e-06,0.999998
0.9805276268804424,0.239961,0.760039
0.9805276268804424,0.0,1.0
0.9805276268804424,0.031311,0.968689
0.9805276268804424,4.7e-05,0.999953
0.9805276268804424,0.021904,0.978096
0.9805276268804424,0.036844,0.963156
0.9805276268804424,0.016361,0.983639
0.9805276268804424,0.168766,0.831234
0.9805276268804424,0.626162,0.373838
0.9805276268804424,0.000214,0.999786
0.9805276268804424,0.00019,0.99981
0.9805276268804424,9e-06,0.999991
0.9805276268804424,0.007472,0.992528
0.9805276268804424,1.7e-05,0.999983
0.9805276268804424,0.038789,0.961211
0.9805276268804424,0.0,1.0
0.9805276268804424,0.001805,0.998195
0.9805276268804424,0.992589,0.007411
0.9805276268804424,0.043974,0.956026
0.9805276268804424,0.014867,0.985133
0.9805276268804424,0.09785,0.90215
0.9805276268804424,0.001186,0.998814
0.9805276268804424,0.263287,0.736713
0.9805276268804424,0.056265,0.943735
0.9805276268804424,0.001769,0.998231
0.9805276268804424,0.030471,0.969529
0.9805276268804424,0.001606,0.998394
0.9805276268804424,0.000586,0.999414
0.9805276268804424,0.448926,0.551074
0.9805276268804424,9e-05,0.99991
0.9805276268804424,0.364147,0.635853
0.9805276268804424,0.000219,0.999781
0.9805276268804424,0.18724,0.812761
0.9805276268804424,0.01033,0.98967
0.9805276268804424,0.006766,0.993234
0.9805276268804424,0.016372,0.983628
0.9805276268804424,0.000124,0.999876
0.9805276268804424,0.067816,0.932184
0.9805276268804424,0.0042,0.9958
0.9805276268804424,6.5e-05,0.999936
0.9805276268804424,0.000261,0.999739
0.9805276268804424,0.001964,0.998036
0.9805276268804424,0.000906,0.999094
0.9805276268804424,0.004472,0.995528
0.9805276268804424,0.01601,0.98399
0.9805276268804424,0.020597,0.979403
0.9805276268804424,0.143432,0.856568
0.9805276268804424,0.074656,0.925344
0.9805276268804424,0.913011,0.086989
0.9805276268804424,0.000507,0.999493
0.9805276268804424,4.8e-05,0.999952
0.9805276268804424,2.2e-05,0.999978
0.9805276268804424,9e-06,0.999991
0.9805276268804424,0.000939,0.999061
0.9805276268804424,0.000205,0.999795
0.9865276268804424,0.993429,0.006571
0.9865276268804424,0.022219,0.977781
0.9865276268804424,0.015157,0.984843
0.9865276268804424,0.025623,0.974377
0.9865276268804424,0.210569,0.789431
0.9865276268804424,9e-06,0.999991
0.9865276268804424,4.8e-05,0.999952
0.9865276268804424,0.001355,0.998645
0.9865276268804424,0.047603,0.952397
0.9865276268804424,0.017612,0.982388
0.9865276268804424,0.875958,0.124042
0.9865276268804424,0.126213,0.873786
0.9865276268804424,0.0,1.0
0.9865276268804424,0.247538,0.752462
0.9865276268804424,0.004064,0.995936
0.9865276268804424,0.218392,0.781608
0.9865276268804424,0.000306,0.999694
0.9865276268804424,0.008104,0.991896
0.9865276268804424,0.000342,0.999658
0.9865276268804424,0.0001,0.9999
0.9865276268804424,0.273171,0.726829
0.9865276268804424,0.003105,0.996895
0.9865276268804424,2e-06,0.999998
0.9865276268804424,0.000839,0.999161
0.9865276268804424,0.676803,0.323197
0.9865276268804424,0.316991,0.683009
0.9865276268804424,0.183048,0.816952
0.9865276268804424,0.686826,0.313174
0.9865276268804424,0.986895,0.013105
0.9865276268804424,0.006815,0.993184
0.9865276268804424,0.016052,0.983948
0.9865276268804424,0.001734,0.998266
0.9865276268804424,0.00163,0.99837
0.9865276268804424,0.00772,0.99228
0.9865276268804424,0.789206,0.210794
0.9865276268804424,0.610717,0.389283
0.9865276268804424,0.0,1.0
0.9865276268804424,0.428956,0.571044
0.9865276268804424,3e-06,0.999997
0.9865276268804424,0.569225,0.430775
0.9865276268804424,0.585993,0.414007
0.9865276268804424,5e-05,0.99995
0.9865276268804424,0.000833,0.999167
0.9865276268804424,0.003084,0.996916
0.9865276268804424,0.027814,0.972186
0.9865276268804424,0.159568,0.840432
0.9865276268804424,0.003369,0.996631
0.9865276268804424,0.042969,0.957031
0.9865276268804424,0.00019,0.99981
0.9865276268804424,2.2e-05,0.999978
0.9865276268804424,0.0,1.0
0.9865276268804424,0.038876,0.961124
0.9865276268804424,0.033299,0.966701
0.9865276268804424,8.3e-05,0.999917
0.9865276268804424,0.000206,0.999794
0.9865276268804424,0.000795,0.999205
0.9865276268804424,0.001835,0.998165
0.9865276268804424,0.94316,0.05684
0.9865276268804424,0.003758,0.996242
0.9865276268804424,0.80466,0.19534
0.9865276268804424,0.042982,0.957018
0.9865276268804424,0.711691,0.288309
0.9865276268804424,0.00338,0.99662
0.9865276268804424,3.9e-05,0.999961
0.9865276268804424,0.820105,0.179895
0.9865276268804424,0.806517,0.193483
0.9865276268804424,0.218885,0.781115
0.9865276268804424,0.024994,0.975006
0.9865276268804424,0.666601,0.333399
0.9865276268804424,0.01465,0.98535
0.9865276268804424,0.003496,0.996504
0.9865276268804424,0.000485,0.999515
0.9865276268804424,2e-06,0.999998
0.9865276268804424,8.5e-05,0.999915
0.9865276268804424,0.610689,0.389311
0.9865276268804424,0.004239,0.995761
0.9865276268804424,0.573553,0.426447
0.9865276268804424,0.227374,0.772626
0.9865276268804424,0.032617,0.967383
0.9865276268804424,0.00919,0.99081
0.9865276268804424,0.004383,0.995617
0.9865276268804424,0.002994,0.997006
0.9865276268804424,0.017316,0.982684
0.9865276268804424,0.009148,0.990852
0.9865276268804424,0.00195,0.99805
0.9865276268804424,4.2e-05,0.999958
0.9865276268804424,0.005933,0.994067
0.9865276268804424,0.000205,0.999795
0.9865276268804424,0.080187,0.919814
0.9865276268804424,0.001452,0.998548
0.9865276268804424,8e-06,0.999992
0.9865276268804424,0.13696,0.86304
0.9865276268804424,0.002247,0.997753
0.9865276268804424,0.070184,0.929816
0.9865276268804424,1.7e-05,0.999983
0.9865276268804424,0.004495,0.995505
0.9865276268804424,4.5e-05,0.999955
0.9865276268804424,0.047739,0.952261
0.9865276268804424,9e-06,0.999991
0.9865276268804424,0.007242,0.992758
0.9925276268804424,0.719692,0.280308
0.9925276268804424,2e-06,0.999998
0.9925276268804424,0.028518,0.971482
0.9925276268804424,0.895247,0.104753
0.9925276268804424,9e-06,0.999991
0.9925276268804424,0.030508,0.969492
0.9925276268804424,0.546664,0.453336
0.9925276268804424,0.006037,0.993963
0.9925276268804424,0.769266,0.230734
0.9925276268804424,0.164358,0.835642
0.9925276268804424,0.000511,0.999489
0.9925276268804424,0.969096,0.030904
0.9925276268804424,0.036843,0.963158
0.9925276268804424,0.311635,0.688365
0.9925276268804424,0.042745,0.957255
0.9925276268804424,0.023793,0.976207
0.9925276268804424,0.013443,0.986557
0.9925276268804424,0.825287,0.174713
0.9925276268804424,0.000158,0.999842
0.9925276268804424,8e-06,0.999992
0.9925276268804424,0.982462,0.017538
0.9925276268804424,0.639829,0.360171
0.9925276268804424,1e-05,0.99999
0.9925276268804424,0.001492,0.998508
0.9925276268804424,0.000341,0.999659
0.9925276268804424,0.023755,0.976245
0.9925276268804424,0.000234,0.999766
0.9925276268804424,0.000563,0.999437
0.9925276268804424,0.089584,0.910416
0.9925276268804424,0.023549,0.976451
0.9925276268804424,1.5e-05,0.999985
0.9925276268804424,0.020661,0.979339
0.9925276268804424,0.000473,0.999527
0.9925276268804424,0.988617,0.011383
0.9925276268804424,0.003728,0.996272
0.9925276268804424,9.9e-05,0.999901
0.9925276268804424,0.009964,0.990036
0.9925276268804424,0.003822,0.996178
0.9925276268804424,5e-06,0.999995
0.9925276268804424,0.002309,0.997691
0.9925276268804424,0.000264,0.999736
0.9925276268804424,0.732038,0.267961
0.9925276268804424,2.7e-05,0.999973
0.9925276268804424,0.026455,0.973545
0.9925276268804424,0.461872,0.538128
0.9925276268804424,7.5e-05,0.999925
0.9925276268804424,0.928424,0.071576
0.9925276268804424,0.000536,0.999464
0.9925276268804424,0.001621,0.998379
0.9925276268804424,0.009347,0.990653
0.9925276268804424,4e-06,0.999996
0.9925276268804424,0.670387,0.329613
0.9925276268804424,0.32455,0.67545
0.9925276268804424,0.00029,0.99971
0.9925276268804424,0.080401,0.919599
0.9925276268804424,0.000116,0.999884
0.9925276268804424,0.057199,0.942801
0.9925276268804424,1.4e-05,0.999986
0.9925276268804424,0.757026,0.242974
0.9925276268804424,0.000193,0.999807
0.9925276268804424,0.874906,0.125094
0.9925276268804424,0.822661,0.177339
0.9925276268804424,0.009771,0.990229
0.9925276268804424,0.001304,0.998696
0.9925276268804424,0.208725,0.791275
0.9925276268804424,0.003589,0.996411
0.9925276268804424,0.007282,0.992718
0.9925276268804424,0.010676,0.989324
0.9925276268804424,0.002031,0.997969
0.9925276268804424,0.900754,0.099246
0.9925276268804424,0.00011,0.99989
0.9925276268804424,0.418269,0.581731
0.9925276268804424,4e-06,0.999996
0.9925276268804424,3.8e-05,0.999962
0.9925276268804424,0.000232,0.999768
0.9925276268804424,0.041069,0.958931
0.9925276268804424,0.09789,0.90211
0.9925276268804424,0.980862,0.019138
0.9925276268804424,0.072474,0.927526
0.9925276268804424,0.133857,0.866143
0.9925276268804424,0.076492,0.923508
0.9925276268804424,4.3e-05,0.999957
0.9925276268804424,0.010703,0.989297
0.9925276268804424,0.033776,0.966224
0.9925276268804424,0.00039,0.99961
0.9925276268804424,0.000847,0.999153
0.9925276268804424,0.000804,0.999196
0.9925276268804424,7e-05,0.99993
0.9925276268804424,5.9e-05,0.999941
0.9925276268804424,0.969648,0.030352
0.9925276268804424,0.449243,0.550757
0.9925276268804424,3.5e-05,0.999965
0.9925276268804424,0.042579,0.957421
0.9925276268804424,0.570047,0.429953
0.9925276268804424,0.000158,0.999842
0.9925276268804424,4e-06,0.999996
0.9925276268804424,0.0,1.0
0.9925276268804424,0.015181,0.984819
0.9925276268804424,0.008526,0.991474
0.9925276268804424,8.7e-05,0.999912
0.9985276268804424,0.00639,0.99361
0.9985276268804424,2e-06,0.999998
0.9985276268804424,0.008025,0.991975
0.9985276268804424,0.089267,0.910733
0.9985276268804424,0.004219,0.995781
0.9985276268804424,0.899876,0.100124
0.9985276268804424,0.999684,0.000316
0.9985276268804424,0.000122,0.999878
0.9985276268804424,0.000447,0.999553
0.9985276268804424,1e-06,0.999999
0.9985276268804424,0.000629,0.99937
0.9985276268804424,0.081326,0.918674
0.9985276268804424,0.0,1.0
0.9985276268804424,9.4e-05,0.999906
0.9985276268804424,0.005645,0.994355
0.9985276268804424,0.480563,0.519437
0.9985276268804424,0.003656,0.996344
0.9985276268804424,0.000546,0.999454
0.9985276268804424,0.045878,0.954122
0.9985276268804424,2.7e-05,0.999973
0.9985276268804424,0.001082,0.998918
0.9985276268804424,0.017289,0.982711
0.9985276268804424,0.053979,0.946021
0.9985276268804424,0.024604,0.975396
0.9985276268804424,9.5e-05,0.999905
0.9985276268804424,0.004524,0.995476
0.9985276268804424,2.8e-05,0.999972
0.9985276268804424,0.00036,0.99964
0.9985276268804424,2e-06,0.999998
0.9985276268804424,5e-05,0.99995
0.9985276268804424,0.894163,0.105837
0.9985276268804424,0.019897,0.980103
0.9985276268804424,2.3e-05,0.999977
0.9985276268804424,0.008102,0.991898
0.9985276268804424,4.9e-05,0.999951
0.9985276268804424,0.000121,0.999879
0.9985276268804424,6e-06,0.999994
0.9985276268804424,0.029147,0.970853
0.9985276268804424,0.033755,0.966245
0.9985276268804424,0.00013,0.99987
0.9985276268804424,0.030212,0.969788
0.9985276268804424,0.000446,0.999554
0.9985276268804424,0.001584,0.998416
0.9985276268804424,0.992539,0.007461
0.9985276268804424,0.036684,0.963316
0.9985276268804424,0.012604,0.987396
0.9985276268804424,0.000878,0.999122
0.9985276268804424,0.000586,0.999414
0.9985276268804424,0.136151,0.863849
0.9985276268804424,0.011403,0.988597
0.9985276268804424,0.000915,0.999085
0.9985276268804424,0.001946,0.998054
0.9985276268804424,0.019343,0.980657
0.9985276268804424,0.00113,0.99887
0.9985276268804424,0.091865,0.908135
0.9985276268804424,2.8e-05,0.999972
0.9985276268804424,0.008297,0.991702
0.9985276268804424,0.999697,0.000303
0.9985276268804424,1e-06,0.999999
0.9985276268804424,0.0179,0.9821
0.9985276268804424,0.307466,0.692534
0.9985276268804424,0.026166,0.973834
0.9985276268804424,1e-06,0.999999
0.9985276268804424,0.045281,0.954719
0.9985276268804424,0.0,1.0
0.9985276268804424,0.987,0.013
0.9985276268804424,4.7e-05,0.999953
0.9985276268804424,0.001502,0.998498
0.9985276268804424,6.2e-05,0.999938
0.9985276268804424,0.037036,0.962964
0.9985276268804424,0.499253,0.500748
0.9985276268804424,0.021223,0.978776
0.9985276268804424,0.145217,0.854783
0.9985276268804424,0.499873,0.500127
0.9985276268804424,9.7e-05,0.999903
0.9985276268804424,2.7e-05,0.999973
0.9985276268804424,0.530863,0.469137
0.9985276268804424,0.012786,0.987214
0.9985276268804424,0.251569,0.748431
0.9985276268804424,5.8e-05,0.999942
0.9985276268804424,0.000605,0.999395
0.9985276268804424,0.973306,0.026694
0.9985276268804424,0.001471,0.998529
0.9985276268804424,0.048496,0.951504
0.9985276268804424,0.98152,0.01848
0.9985276268804424,0.002024,0.997976
0.9985276268804424,0.351493,0.648507
0.9985276268804424,6e-06,0.999994
0.9985276268804424,5.9e-05,0.99994
0.9985276268804424,0.000173,0.999827
0.9985276268804424,0.000172,0.999828
0.9985276268804424,0.001895,0.998105
0.9985276268804424,0.000286,0.999714
0.9985276268804424,0.000603,0.999397
0.9985276268804424,7.2e-05,0.999928
0.9985276268804424,0.007953,0.992047
0.9985276268804424,0.839525,0.160475
0.9985276268804424,0.000977,0.999023
0.9985276268804424,0.16711,0.83289
0.9985276268804424,0.0,1.0
1.0045276268804424,0.325792,0.674208
1.0045276268804424,0.002627,0.997373
1.0045276268804424,0.881955,0.118045
1.0045276268804424,0.030291,0.969709
1.0045276268804424,0.474967,0.525033
1.0045276268804424,0.611975,0.388025
1.0045276268804424,3e-05,0.99997
1.0045276268804424,0.092156,0.907844
1.0045276268804424,0.027294,0.972706
1.0045276268804424,1.3e-05,0.999987
1.0045276268804424,0.83622,0.16378
1.0045276268804424,0.080256,0.919744
1.0045276268804424,0.00327,0.99673
1.0045276268804424,3.8e-05,0.999962
1.0045276268804424,6e-06,0.999994
1.0045276268804424,0.059473,0.940528
1.0045276268804424,0.028505,0.971496
1.0045276268804424,0.000617,0.999383
1.0045276268804424,0.999921,7.9e-05
1.0045276268804424,0.000552,0.999448
1.0045276268804424,1.7e-05,0.999983
1.0045276268804424,0.000416,0.999584
1.0045276268804424,0.008494,0.991506
1.0045276268804424,0.986382,0.013618
1.0045276268804424,0.048966,0.951034
1.0045276268804424,1e-06,0.999999
1.0045276268804424,0.213258,0.786742
1.0045276268804424,0.00302,0.99698
1.0045276268804424,0.069865,0.930135
1.0045276268804424,0.360192,0.639808
1.0045276268804424,5e-06,0.999995
1.0045276268804424,0.045651,0.954349
1.0045276268804424,0.000881,0.999119
1.0045276268804424,0.011329,0.988671
1.0045276268804424,1.1e-05,0.999989
1.0045276268804424,0.499245,0.500755
1.0045276268804424,7.3e-05,0.999927
1.0045276268804424,0.007938,0.992062
1.0045276268804424,0.003788,0.996212
1.0045276268804424,1e-06,0.999999
1.0045276268804424,0.001727,0.998273
1.0045276268804424,0.008548,0.991452
1.0045276268804424,0.000672,0.999328
1.0045276268804424,0.011426,0.988574
1.0045276268804424,0.00594,0.99406
1.0045276268804424,0.005014,0.994986
1.0045276268804424,0.007376,0.992624
1.0045276268804424,0.00304,0.99696
1.0045276268804424,4e-06,0.999996
1.0045276268804424,0.000262,0.999738
1.0045276268804424,3e-06,0.999998
1.0045276268804424,0.425714,0.574286
1.0045276268804424,0.004734,0.995266
1.0045276268804424,0.000683,0.999317
1.0045276268804424,0.953228,0.046772
1.0045276268804424,0.011095,0.988905
1.0045276268804424,7e-06,0.999993
1.0045276268804424,0.000905,0.999095
1.0045276268804424,3e-06,0.999997
1.0045276268804424,0.00059,0.99941
1.0045276268804424,0.000568,0.999432
1.0045276268804424,0.000441,0.999559
1.0045276268804424,0.000528,0.999473
1.0045276268804424,1e-06,1.0
1.0045276268804424,0.128404,0.871596
1.0045276268804424,0.049595,0.950405
1.0045276268804424,0.00329,0.99671
1.0045276268804424,0.029352,0.970648
1.0045276268804424,0.001175,0.998825
1.0045276268804424,0.0065,0.9935
1.0045276268804424,0.285228,0.714772
1.0045276268804424,3.4e-05,0.999966
1.0045276268804424,0.004109,0.995891
1.0045276268804424,0.0,1.0
1.0045276268804424,0.481765,0.518235
1.0045276268804424,2.3e-05,0.999976
1.0045276268804424,0.002597,0.997403
1.0045276268804424,0.992876,0.007124
1.0045276268804424,0.003026,0.996974
1.0045276268804424,0.264772,0.735228
1.0045276268804424,0.969956,0.030044
1.0045276268804424,0.00497,0.99503
1.0045276268804424,1.4e-05,0.999986
1.0045276268804424,0.000207,0.999793
1.0045276268804424,0.000375,0.999625
1.0045276268804424,0.086146,0.913854
1.0045276268804424,7.8e-05,0.999922
1.0045276268804424,0.175828,0.824172
1.0045276268804424,0.061875,0.938124
1.0045276268804424,0.000179,0.999821
1.0045276268804424,0.005868,0.994132
1.0045276268804424,0.000136,0.999864
1.0045276268804424,0.001697,0.998303
1.0045276268804424,0.044942,0.955058
1.0045276268804424,0.002144,0.997856
1.0045276268804424,0.050876,0.949124
1.0045276268804424,0.32395,0.67605
1.0045276268804424,1.1e-05,0.999989
1.0045276268804424,0.007719,0.992281
1.0045276268804424,0.006067,0.993933
1.0105276268804424,0.00042,0.99958
1.0105276268804424,0.00135,0.99865
1.0105276268804424,0.142292,0.857708
1.0105276268804424,0.083507,0.916492
1.0105276268804424,0.0003,0.9997
1.0105276268804424,0.000144,0.999856
1.0105276268804424,0.007031,0.992969
1.0105276268804424,0.000463,0.999537
1.0105276268804424,3e-05,0.99997
1.0105276268804424,6.2e-05,0.999938
1.0105276268804424,0.072915,0.927086
1.0105276268804424,0.005728,0.994272
1.0105276268804424,0.002165,0.997835
1.0105276268804424,0.016793,0.983207
1.0105276268804424,0.007043,0.992958
1.0105276268804424,0.025863,0.974137
1.0105276268804424,3e-06,0.999997
1.0105276268804424,0.230854,0.769146
1.0105276268804424,0.580521,0.419479
1.0105276268804424,0.000193,0.999807
1.0105276268804424,0.000221,0.999779
1.0105276268804424,0.00902,0.99098
1.0105276268804424,0.365656,0.634344
1.0105276268804424,0.005702,0.994298
1.0105276268804424,0.053787,0.946213
1.0105276268804424,0.555578,0.444422
1.0105276268804424,0.010341,0.989659
1.0105276268804424,0.021738,0.978262
1.0105276268804424,0.000341,0.999659
1.0105276268804424,1.9e-05,0.999981
1.0105276268804424,0.018945,0.981055
1.0105276268804424,0.020098,0.979902
1.0105276268804424,1.9e-05,0.999981
1.0105276268804424,0.003211,0.996789
1.0105276268804424,4.7e-05,0.999953
1.0105276268804424,0.005234,0.994766
1.0105276268804424,2.1e-05,0.999979
1.0105276268804424,0.006828,0.993172
1.0105276268804424,0.11163,0.88837
1.0105276268804424,0.005169,0.994831
1.0105276268804424,0.342207,0.657793
1.0105276268804424,0.010539,0.989461
1.0105276268804424,3e-06,0.999997
1.0105276268804424,0.993211,0.006789
1.0105276268804424,6e-06,0.999994
1.0105276268804424,0.000763,0.999237
1.0105276268804424,1e-06,0.999999
1.0105276268804424,0.005531,0.994469
1.0105276268804424,0.00012,0.99988
1.0105276268804424,0.000208,0.999792
1.0105276268804424,0.000326,0.999674
1.0105276268804424,2e-06,0.999998
1.0105276268804424,4.6e-05,0.999954
1.0105276268804424,0.000904,0.999096
1.0105276268804424,0.056115,0.943885
1.0105276268804424,0.044988,0.955012
1.0105276268804424,3e-06,0.999997
1.0105276268804424,0.004334,0.995666
1.0105276268804424,0.023611,0.976388
1.0105276268804424,0.119103,0.880897
1.0105276268804424,0.000359,0.999641
1.0105276268804424,0.517049,0.482951
1.0105276268804424,0.358946,0.641054
1.0105276268804424,0.997197,0.002803
1.0105276268804424,0.522126,0.477874
1.0105276268804424,0.01051,0.98949
1.0105276268804424,0.382159,0.617841
1.0105276268804424,0.002599,0.997401
1.0105276268804424,0.000504,0.999496
1.0105276268804424,0.000452,0.999548
1.0105276268804424,0.492323,0.507678
1.0105276268804424,1.8e-05,0.999982
1.0105276268804424,0.0657,0.9343
1.0105276268804424,0.003806,0.996194
1.0105276268804424,0.182172,0.817828
1.0105276268804424,0.080297,0.919703
1.0105276268804424,0.131518,0.868482
1.0105276268804424,0.2912,0.7088
1.0105276268804424,7e-06,0.999993
1.0105276268804424,0.022977,0.977022
1.0105276268804424,1e-06,0.999999
1.0105276268804424,0.006366,0.993634
1.0105276268804424,5e-06,0.999995
1.0105276268804424,0.000296,0.999704
1.0105276268804424,0.004689,0.995311
1.0105276268804424,2.5e-05,0.999975
1.0105276268804424,0.000178,0.999822
1.0105276268804424,0.000331,0.999669
1.0105276268804424,0.007398,0.992602
1.0105276268804424,0.37945,0.62055
1.0105276268804424,1e-06,0.999999
1.0105276268804424,0.000696,0.999304
1.0105276268804424,0.659153,0.340847
1.0105276268804424,0.063254,0.936746
1.0105276268804424,0.001357,0.998643
1.0105276268804424,0.967181,0.032819
1.0105276268804424,0.440088,0.559912
1.0105276268804424,0.000128,0.999872
1.0105276268804424,0.000134,0.999866
1.0105276268804424,0.000187,0.999813
1.0165276268804424,0.605227,0.394773
1.0165276268804424,0.006514,0.993486
1.0165276268804424,1.9e-05,0.999981
1.0165276268804424,1e-06,0.999999
1.0165276268804424,0.000179,0.999821
1.0165276268804424,0.005983,0.994017
1.0165276268804424,0.385715,0.614285
1.0165276268804424,0.001199,0.998801
1.0165276268804424,0.973521,0.026479
1.0165276268804424,0.002852,0.997148
1.0165276268804424,0.000494,0.999506
1.0165276268804424,0.00542,0.99458
1.0165276268804424,0.603853,0.396147
1.0165276268804424,0.000303,0.999697
1.0165276268804424,0.000934,0.999066
1.0165276268804424,2e-06,0.999998
1.0165276268804424,4.7e-05,0.999953
1.0165276268804424,0.019286,0.980714
1.0165276268804424,0.007145,0.992855
1.0165276268804424,0.000926,0.999074
1.0165276268804424,0.140226,0.859774
1.0165276268804424,0.001049,0.998951
1.0165276268804424,0.000175,0.999825
1.0165276268804424,0.000141,0.999859
1.0165276268804424,0.050913,0.949087
1.0165276268804424,0.546875,0.453125
1.0165276268804424,0.0,1.0
1.0165276268804424,2.8e-05,0.999972
1.0165276268804424,1.1e-05,0.999989
1.0165276268804424,0.01743,0.98257
1.0165276268804424,0.726458,0.273542
1.0165276268804424,0.016264,0.983736
1.0165276268804424,0.000508,0.999492
1.0165276268804424,5e-06,0.999995
1.0165276268804424,9.8e-05,0.999902
1.0165276268804424,1e-06,0.999999
1.0165276268804424,0.010967,0.989033
1.0165276268804424,1.4e-05,0.999985
1.0165276268804424,0.007503,0.992497
1.0165276268804424,0.00408,0.995919
1.0165276268804424,0.040539,0.95946
1.0165276268804424,0.023028,0.976972
1.0165276268804424,1e-06,0.999999
1.0165276268804424,0.000311,0.999689
1.0165276268804424,0.056446,0.943554
1.0165276268804424,0.0,1.0
1.0165276268804424,0.000691,0.999309
1.0165276268804424,0.024595,0.975405
1.0165276268804424,0.005523,0.994476
1.0165276268804424,0.036782,0.963218
1.0165276268804424,0.829957,0.170043
1.0165276268804424,3.4e-05,0.999966
1.0165276268804424,0.000428,0.999572
1.0165276268804424,0.004235,0.995765
1.0165276268804424,0.093254,0.906746
1.0165276268804424,0.201327,0.798673
1.0165276268804424,0.284823,0.715177
1.0165276268804424,2.2e-05,0.999978
1.0165276268804424,0.000828,0.999172
1.0165276268804424,5.4e-05,0.999946
1.0165276268804424,0.000391,0.999609
1.0165276268804424,0.703657,0.296343
1.0165276268804424,0.33684,0.66316
1.0165276268804424,2e-06,0.999998
1.0165276268804424,0.000373,0.999627
1.0165276268804424,0.000612,0.999388
1.0165276268804424,0.000232,0.999768
1.0165276268804424,0.001363,0.998637
1.0165276268804424,1e-05,0.99999
1.0165276268804424,0.019201,0.980799
1.0165276268804424,0.007712,0.992288
1.0165276268804424,2e-06,0.999998
1.0165276268804424,0.001346,0.998654
1.0165276268804424,0.000177,0.999823
1.0165276268804424,0.808059,0.191941
1.0165276268804424,0.0086,0.9914
1.0165276268804424,1.5e-05,0.999985
1.0165276268804424,0.000593,0.999407
1.0165276268804424,3.7e-05,0.999963
1.0165276268804424,0.985937,0.014063
1.0165276268804424,0.004316,0.995684
1.0165276268804424,0.495811,0.504189
1.0165276268804424,0.000833,0.999167
1.0165276268804424,1.5e-05,0.999985
1.0165276268804424,0.005096,0.994904
1.0165276268804424,0.000288,0.999712
1.0165276268804424,0.001734,0.998266
1.0165276268804424,0.00048,0.99952
1.0165276268804424,0.089483,0.910517
1.0165276268804424,3.6e-05,0.999964
1.0165276268804424,0.000145,0.999855
1.0165276268804424,0.056787,0.943213
1.0165276268804424,0.006938,0.993062
1.0165276268804424,2.3e-05,0.999977
1.0165276268804424,0.00639,0.99361
1.0165276268804424,0.016437,0.983563
1.0165276268804424,2e-05,0.99998
1.0165276268804424,0.63856,0.36144
1.0165276268804424,0.35974,0.64026
1.0165276268804424,0.014026,0.985974
1.0235276268804423,1.2e-05,0.999988
1.0235276268804423,0.001245,0.998755
1.0235276268804423,0.21953,0.78047
1.0235276268804423,0.000136,0.999864
1.0235276268804423,3e-06,0.999997
1.0235276268804423,0.07901,0.92099
1.0235276268804423,0.001699,0.998301
1.0235276268804423,0.370095,0.629905
1.0235276268804423,0.000146,0.999854
1.0235276268804423,0.001983,0.998016
1.0235276268804423,0.000984,0.999016
1.0235276268804423,0.001306,0.998694
1.0235276268804423,1e-06,0.999999
1.0235276268804423,0.000913,0.999087
1.0235276268804423,0.001066,0.998934
1.0235276268804423,0.824299,0.175701
1.0235276268804423,0.909655,0.090345
1.0235276268804423,2e-05,0.99998
1.0235276268804423,0.007332,0.992668
1.0235276268804423,0.000133,0.999867
1.0235276268804423,0.003736,0.996264
1.0235276268804423,0.003765,0.996235
1.0235276268804423,0.013047,0.986953
1.0235276268804423,0.108868,0.891132
1.0235276268804423,0.008477,0.991523
1.0235276268804423,0.206482,0.793518
1.0235276268804423,0.017777,0.982223
1.0235276268804423,0.000951,0.999049
1.0235276268804423,0.005739,0.994261
1.0235276268804423,5.7e-05,0.999943
1.0235276268804423,0.000202,0.999798
1.0235276268804423,0.000126,0.999874
1.0235276268804423,0.017813,0.982188
1.0235276268804423,0.000673,0.999327
1.0235276268804423,0.023592,0.976408
1.0235276268804423,0.138777,0.861223
1.0235276268804423,0.000105,0.999895
1.0235276268804423,4.2e-05,0.999958
1.0235276268804423,4e-06,0.999996
1.0235276268804423,0.978263,0.021737
1.0235276268804423,3e-06,0.999997
1.0235276268804423,0.002048,0.997952
1.0235276268804423,5.7e-05,0.999943
1.0235276268804423,0.026121,0.973879
1.0235276268804423,0.000369,0.999631
1.0235276268804423,0.006841,0.993159
1.0235276268804423,2e-05,0.99998
1.0235276268804423,2e-06,0.999998
1.0235276268804423,0.631298,0.368702
1.0235276268804423,0.944327,0.055673
1.0235276268804423,0.000488,0.999512
1.0235276268804423,6.7e-05,0.999933
1.0235276268804423,1e-05,0.99999
1.0235276268804423,3.4e-05,0.999966
1.0235276268804423,1e-06,0.999999
1.0235276268804423,6e-06,0.999994
1.0235276268804423,0.104771,0.895229
1.0235276268804423,0.000269,0.999731
1.0235276268804423,0.004049,0.995951
1.0235276268804423,0.403415,0.596585
1.0235276268804423,0.002199,0.997801
1.0235276268804423,9e-06,0.999991
1.0235276268804423,0.005649,0.994351
1.0235276268804423,0.518537,0.481463
1.0235276268804423,0.603449,0.396551
1.0235276268804423,1.6e-05,0.999984
1.0235276268804423,0.010218,0.989782
1.0235276268804423,0.005219,0.994781
1.0235276268804423,3.4e-05,0.999966
1.0235276268804423,4.2e-05,0.999958
1.0235276268804423,0.003933,0.996067
1.0235276268804423,0.001156,0.998844
1.0235276268804423,0.003564,0.996436
1.0235276268804423,0.0,1.0
1.0235276268804423,0.003562,0.996438
1.0235276268804423,0.00058,0.99942
1.0235276268804423,0.011223,0.988777
1.0235276268804423,5.7e-05,0.999943
1.0235276268804423,0.003438,0.996562
1.0235276268804423,0.003791,0.996209
1.0235276268804423,0.065846,0.934154
1.0235276268804423,0.001048,0.998952
1.0235276268804423,0.000613,0.999387
1.0235276268804423,0.000673,0.999327
1.0235276268804423,0.000232,0.999768
1.0235276268804423,0.983919,0.016081
1.0235276268804423,0.004171,0.995829
1.0235276268804423,0.000609,0.999391
1.0235276268804423,0.00037,0.99963
1.0235276268804423,0.112199,0.887801
1.0235276268804423,0.008496,0.991504
1.0235276268804423,0.000126,0.999874
1.0235276268804423,0.017098,0.982902
1.0235276268804423,1e-06,0.999999
1.0235276268804423,0.035395,0.964604
1.0235276268804423,0.004469,0.995531
1.0235276268804423,0.003063,0.996937
1.0235276268804423,1e-06,0.999999
1.0235276268804423,0.002467,0.997533
1.0235276268804423,0.168974,0.831026
1.0295276268804423,0.000203,0.999797
1.0295276268804423,2e-06,0.999998
1.0295276268804423,0.004701,0.995299
1.0295276268804423,2e-06,0.999998
1.0295276268804423,0.000409,0.999591
1.0295276268804423,0.003166,0.996834
1.0295276268804423,0.187637,0.812363
1.0295276268804423,0.442431,0.557569
1.0295276268804423,0.005375,0.994625
1.0295276268804423,0.001515,0.998485
1.0295276268804423,0.023469,0.976531
1.0295276268804423,0.100807,0.899193
1.0295276268804423,0.003653,0.996347
1.0295276268804423,0.000152,0.999848
1.0295276268804423,0.027393,0.972607
1.0295276268804423,0.936998,0.063002
1.0295276268804423,0.006252,0.993748
1.0295276268804423,2e-06,0.999998
1.0295276268804423,1.2e-05,0.999988
1.0295276268804423,0.002227,0.997773
1.0295276268804423,0.000927,0.999073
1.0295276268804423,0.000101,0.999899
1.0295276268804423,0.001603,0.998397
1.0295276268804423,0.002348,0.997652
1.0295276268804423,0.0,1.0
1.0295276268804423,0.002567,0.997433
1.0295276268804423,0.908091,0.091909
1.0295276268804423,1.2e-05,0.999988
1.0295276268804423,0.001651,0.998349
1.0295276268804423,0.138608,0.861392
1.0295276268804423,4e-06,0.999996
1.0295276268804423,0.00249,0.99751
1.0295276268804423,0.000992,0.999008
1.0295276268804423,0.00108,0.99892
1.0295276268804423,0.015589,0.984411
1.0295276268804423,9e-06,0.999991
1.0295276268804423,7e-06,0.999993
1.0295276268804423,0.119026,0.880974
1.0295276268804423,1.1e-05,0.999989
1.0295276268804423,1.9e-05,0.999982
1.0295276268804423,0.0,1.0
1.0295276268804423,0.019292,0.980708
1.0295276268804423,0.000271,0.999729
1.0295276268804423,0.000133,0.999867
1.0295276268804423,0.02905,0.97095
1.0295276268804423,0.389909,0.610091
1.0295276268804423,0.994094,0.005906
1.0295276268804423,0.137199,0.862801
1.0295276268804423,7.7e-05,0.999922
1.0295276268804423,0.165134,0.834866
1.0295276268804423,4e-06,0.999996
1.0295276268804423,1.2e-05,0.999988
1.0295276268804423,0.76055,0.23945
1.0295276268804423,0.000731,0.999269
1.0295276268804423,0.002139,0.997861
1.0295276268804423,0.000981,0.999019
1.0295276268804423,0.000377,0.999623
1.0295276268804423,0.000478,0.999522
1.0295276268804423,0.0,1.0
1.0295276268804423,0.004247,0.995753
1.0295276268804423,0.090019,0.909981
1.0295276268804423,0.005408,0.994592
1.0295276268804423,0.811512,0.188488
1.0295276268804423,0.000598,0.999402
1.0295276268804423,0.0104,0.9896
1.0295276268804423,0.082076,0.917924
1.0295276268804423,0.055505,0.944495
1.0295276268804423,4.9e-05,0.999951
1.0295276268804423,1.5e-05,0.999985
1.0295276268804423,0.001289,0.998711
1.0295276268804423,0.000899,0.999101
1.0295276268804423,0.346629,0.653371
1.0295276268804423,0.000128,0.999872
1.0295276268804423,0.003848,0.996152
1.0295276268804423,0.102889,0.897111
1.0295276268804423,0.3722,0.6278
1.0295276268804423,0.000167,0.999833
1.0295276268804423,0.00014,0.99986
1.0295276268804423,0.144428,0.855572
1.0295276268804423,9e-06,0.999991
1.0295276268804423,1e-06,1.0
1.0295276268804423,8e-06,0.999992
1.0295276268804423,0.399432,0.600568
1.0295276268804423,0.615218,0.384781
1.0295276268804423,0.000211,0.999789
1.0295276268804423,0.184148,0.815852
1.0295276268804423,0.006287,0.993713
1.0295276268804423,0.02437,0.97563
1.0295276268804423,0.119974,0.880026
1.0295276268804423,0.002735,0.997265
1.0295276268804423,0.004388,0.995612
1.0295276268804423,0.178575,0.821425
1.0295276268804423,0.001489,0.998511
1.0295276268804423,5e-05,0.99995
1.0295276268804423,0.930122,0.069878
1.0295276268804423,1e-05,0.99999
1.0295276268804423,0.995205,0.004795
1.0295276268804423,0.226941,0.773059
1.0295276268804423,0.025608,0.974392
1.0295276268804423,2e-06,0.999998
1.0355276268804423,0.000866,0.999134
1.0355276268804423,0.000228,0.999772
1.0355276268804423,0.003572,0.996428
1.0355276268804423,0.854642,0.145358
1.0355276268804423,1.5e-05,0.999985
1.0355276268804423,0.05118,0.94882
1.0355276268804423,0.006566,0.993434
1.0355276268804423,0.00069,0.99931
1.0355276268804423,7e-06,0.999993
1.0355276268804423,3.9e-05,0.999961
1.0355276268804423,0.00796,0.99204
1.0355276268804423,0.009258,0.990742
1.0355276268804423,0.003269,0.996731
1.0355276268804423,0.94694,0.05306
1.0355276268804423,0.00015,0.99985
1.0355276268804423,0.001374,0.998626
1.0355276268804423,0.0,1.0
1.0355276268804423,0.040163,0.959837
1.0355276268804423,1e-06,0.999999
1.0355276268804423,4.5e-05,0.999955
1.0355276268804423,0.043816,0.956184
1.0355276268804423,3.9e-05,0.999961
1.0355276268804423,0.010276,0.989724
1.0355276268804423,0.182226,0.817774
1.0355276268804423,0.0,1.0
1.0355276268804423,0.039295,0.960705
1.0355276268804423,0.006546,0.993454
1.0355276268804423,0.470979,0.529021
1.0355276268804423,8e-06,0.999992
1.0355276268804423,0.000678,0.999322
1.0355276268804423,0.002482,0.997518
1.0355276268804423,0.006214,0.993786
1.0355276268804423,2.8e-05,0.999972
1.0355276268804423,0.001542,0.998458
1.0355276268804423,0.262559,0.737441
1.0355276268804423,0.000394,0.999606
1.0355276268804423,0.034852,0.965148
1.0355276268804423,2e-06,0.999998
1.0355276268804423,5e-06,0.999996
1.0355276268804423,5.4e-05,0.999946
1.0355276268804423,0.003943,0.996057
1.0355276268804423,3e-06,0.999997
1.0355276268804423,0.005597,0.994403
1.0355276268804423,0.136644,0.863356
1.0355276268804423,0.003551,0.996449
1.0355276268804423,0.004204,0.995796
1.0355276268804423,0.000168,0.999832
1.0355276268804423,0.928351,0.071649
1.0355276268804423,0.0,1.0
1.0355276268804423,0.106884,0.893116
1.0355276268804423,0.007635,0.992365
1.0355276268804423,0.515057,0.484943
1.0355276268804423,3.2e-05,0.999968
1.0355276268804423,0.399316,0.600684
1.0355276268804423,0.042843,0.957157
1.0355276268804423,0.00521,0.99479
1.0355276268804423,0.20806,0.79194
1.0355276268804423,0.000294,0.999706
1.0355276268804423,0.003991,0.996008
1.0355276268804423,0.00419,0.99581
1.0355276268804423,0.03216,0.96784
1.0355276268804423,0.999913,8.7e-05
1.0355276268804423,1.4e-05,0.999986
1.0355276268804423,2e-05,0.99998
1.0355276268804423,0.000285,0.999715
1.0355276268804423,0.000678,0.999322
1.0355276268804423,0.231368,0.768632
1.0355276268804423,0.901474,0.098526
1.0355276268804423,0.0,1.0
1.0355276268804423,1.2e-05,0.999988
1.0355276268804423,6.9e-05,0.999931
1.0355276268804423,0.003469,0.996531
1.0355276268804423,0.053629,0.946371
1.0355276268804423,0.000581,0.999419
1.0355276268804423,0.010285,0.989715
1.0355276268804423,3.8e-05,0.999962
1.0355276268804423,7e-06,0.999993
1.0355276268804423,0.000233,0.999767
1.0355276268804423,0.000118,0.999882
1.0355276268804423,2.1e-05,0.999979
1.0355276268804423,0.000121,0.999879
1.0355276268804423,0.000144,0.999856
1.0355276268804423,8.4e-05,0.999916
1.0355276268804423,0.961316,0.038684
1.0355276268804423,0.000109,0.999891
1.0355276268804423,5.1e-05,0.999949
1.0355276268804423,6.1e-05,0.999939
1.0355276268804423,0.001044,0.998956
1.0355276268804423,0.05768,0.94232
1.0355276268804423,0.103998,0.896002
1.0355276268804423,0.000236,0.999764
1.0355276268804423,2.1e-05,0.999979
1.0355276268804423,1.6e-05,0.999984
1.0355276268804423,1e-06,0.999999
1.0355276268804423,0.031666,0.968334
1.0355276268804423,0.132137,0.867863
1.0355276268804423,0.000996,0.999004
1.0355276268804423,0.916209,0.083791
1.0355276268804423,0.099634,0.900366
1.0355276268804423,6e-06,0.999994
1.0415276268804423,0.105794,0.894206
1.0415276268804423,0.004714,0.995286
1.0415276268804423,0.003274,0.996726
1.0415276268804423,0.000501,0.999499
1.0415276268804423,4e-05,0.99996
1.0415276268804423,0.012593,0.987407
1.0415276268804423,0.372788,0.627212
1.0415276268804423,0.185903,0.814097
1.0415276268804423,0.009124,0.990876
1.0415276268804423,0.033564,0.966436
1.0415276268804423,2.3e-05,0.999976
1.0415276268804423,1e-06,0.999999
1.0415276268804423,0.049128,0.950872
1.0415276268804423,5.5e-05,0.999946
1.0415276268804423,7e-06,0.999993
1.0415276268804423,0.002242,0.997758
1.0415276268804423,0.116065,0.883935
1.0415276268804423,0.00045,0.99955
1.0415276268804423,5.1e-05,0.999949
1.0415276268804423,0.015807,0.984193
1.0415276268804423,0.000285,0.999715
1.0415276268804423,2.2e-05,0.999978
1.0415276268804423,0.001154,0.998846
1.0415276268804423,0.370984,0.629016
1.0415276268804423,3.5e-05,0.999965
1.0415276268804423,0.002931,0.997069
1.0415276268804423,0.039757,0.960243
1.0415276268804423,0.0,1.0
1.0415276268804423,0.169219,0.830781
1.0415276268804423,0.000411,0.99959
1.0415276268804423,0.000121,0.999879
1.0415276268804423,0.0265,0.9735
1.0415276268804423,0.309047,0.690953
1.0415276268804423,0.021437,0.978563
1.0415276268804423,0.756853,0.243147
1.0415276268804423,0.0,1.0
1.0415276268804423,0.17653,0.82347
1.0415276268804423,0.004707,0.995293
1.0415276268804423,0.00162,0.99838
1.0415276268804423,0.000511,0.999489
1.0415276268804423,0.009442,0.990558
1.0415276268804423,0.11254,0.88746
1.0415276268804423,0.000384,0.999616
1.0415276268804423,1e-06,0.999999
1.0415276268804423,1.5e-05,0.999985
1.0415276268804423,1.6e-05,0.999984
1.0415276268804423,0.00026,0.99974
1.0415276268804423,0.000485,0.999515
1.0415276268804423,0.007274,0.992726
1.0415276268804423,0.056191,0.943809
1.0415276268804423,0.101794,0.898206
1.0415276268804423,0.035376,0.964624
1.0415276268804423,0.002852,0.997148
1.0415276268804423,1.3e-05,0.999987
1.0415276268804423,0.508188,0.491812
1.0415276268804423,0.002024,0.997976
1.0415276268804423,7e-06,0.999993
1.0415276268804423,0.41094,0.58906
1.0415276268804423,0.005835,0.994165
1.0415276268804423,0.154043,0.845957
1.0415276268804423,0.901555,0.098445
1.0415276268804423,1.4e-05,0.999986
1.0415276268804423,0.343962,0.656038
1.0415276268804423,0.002715,0.997285
1.0415276268804423,0.000267,0.999733
1.0415276268804423,0.003655,0.996345
1.0415276268804423,0.00019,0.99981
1.0415276268804423,0.011615,0.988385
1.0415276268804423,0.00014,0.99986
1.0415276268804423,0.003606,0.996394
1.0415276268804423,0.092085,0.907915
1.0415276268804423,0.32148,0.67852
1.0415276268804423,0.000341,0.999659
1.0415276268804423,0.006621,0.993379
1.0415276268804423,1e-05,0.99999
1.0415276268804423,0.6253,0.3747
1.0415276268804423,6e-06,0.999994
1.0415276268804423,2e-06,0.999998
1.0415276268804423,1.9e-05,0.999981
1.0415276268804423,0.000107,0.999893
1.0415276268804423,0.001219,0.998782
1.0415276268804423,0.004048,0.995952
1.0415276268804423,0.001064,0.998936
1.0415276268804423,0.000283,0.999717
1.0415276268804423,0.001322,0.998678
1.0415276268804423,0.048605,0.951395
1.0415276268804423,0.0,1.0
1.0415276268804423,3e-06,0.999997
1.0415276268804423,0.037584,0.962416
1.0415276268804423,0.013812,0.986188
1.0415276268804423,0.007945,0.992055
1.0415276268804423,6.1e-05,0.999939
1.0415276268804423,0.116247,0.883753
1.0415276268804423,2.2e-05,0.999978
1.0415276268804423,0.003982,0.996018
1.0415276268804423,0.002977,0.997023
1.0415276268804423,0.028879,0.971121
1.0415276268804423,0.83324,0.16676
1.0415276268804423,0.247058,0.752942
1.0415276268804423,0.008681,0.991319
1.0475276268804423,0.00052,0.99948
1.0475276268804423,1.5e-05,0.999985
1.0475276268804423,0.00842,0.99158
1.0475276268804423,0.552382,0.447618
1.0475276268804423,0.000528,0.999472
1.0475276268804423,0.004305,0.995695
1.0475276268804423,0.101399,0.8986
1.0475276268804423,0.000442,0.999558
1.0475276268804423,0.000143,0.999857
1.0475276268804423,0.269311,0.730689
1.0475276268804423,0.000189,0.999811
1.0475276268804423,7e-06,0.999993
1.0475276268804423,0.000131,0.999869
1.0475276268804423,9.5e-05,0.999904
1.0475276268804423,0.027796,0.972204
1.0475276268804423,0.000235,0.999765
1.0475276268804423,4.9e-05,0.999951
1.0475276268804423,0.001061,0.998939
1.0475276268804423,1.1e-05,0.999989
1.0475276268804423,0.051036,0.948964
1.0475276268804423,7e-06,0.999993
1.0475276268804423,0.001452,0.998548
1.0475276268804423,0.000189,0.999811
1.0475276268804423,0.010963,0.989037
1.0475276268804423,0.0034,0.9966
1.0475276268804423,0.000398,0.999602
1.0475276268804423,0.01148,0.98852
1.0475276268804423,0.005086,0.994914
1.0475276268804423,0.001265,0.998735
1.0475276268804423,0.000531,0.999469
1.0475276268804423,6.6e-05,0.999934
1.0475276268804423,0.000782,0.999218
1.0475276268804423,1e-06,0.999999
1.0475276268804423,1e-05,0.99999
1.0475276268804423,0.012849,0.987151
1.0475276268804423,0.022876,0.977124
1.0475276268804423,0.004621,0.995379
1.0475276268804423,1e-06,0.999999
1.0475276268804423,0.104712,0.895288
1.0475276268804423,0.00153,0.99847
1.0475276268804423,0.8566,0.1434
1.0475276268804423,0.001714,0.998286
1.0475276268804423,2e-06,0.999998
1.0475276268804423,2e-06,0.999998
1.0475276268804423,0.02531,0.97469
1.0475276268804423,0.000483,0.999517
1.0475276268804423,9e-05,0.99991
1.0475276268804423,0.002484,0.997516
1.0475276268804423,2.6e-05,0.999974
1.0475276268804423,1e-06,0.999999
1.0475276268804423,0.000238,0.999762
1.0475276268804423,0.002363,0.997637
1.0475276268804423,6.8e-05,0.999932
1.0475276268804423,0.212827,0.787173
1.0475276268804423,0.205478,0.794522
1.0475276268804423,0.008649,0.991351
1.0475276268804423,0.000784,0.999216
1.0475276268804423,4e-06,0.999996
1.0475276268804423,0.000226,0.999774
1.0475276268804423,0.279143,0.720857
1.0475276268804423,0.002331,0.997669
1.0475276268804423,0.001168,0.998832
1.0475276268804423,0.000207,0.999793
1.0475276268804423,0.085739,0.914261
1.0475276268804423,0.000129,0.999871
1.0475276268804423,0.001915,0.998085
1.0475276268804423,0.001413,0.998587
1.0475276268804423,0.000258,0.999742
1.0475276268804423,0.013696,0.986304
1.0475276268804423,0.000859,0.999141
1.0475276268804423,0.000108,0.999892
1.0475276268804423,0.002542,0.997458
1.0475276268804423,0.000106,0.999894
1.0475276268804423,1.4e-05,0.999986
1.0475276268804423,0.075108,0.924892
1.0475276268804423,0.011574,0.988426
1.0475276268804423,0.712062,0.287938
1.0475276268804423,0.474958,0.525042
1.0475276268804423,0.016729,0.983271
1.0475276268804423,2e-06,0.999998
1.0475276268804423,0.00299,0.99701
1.0475276268804423,0.941823,0.058177
1.0475276268804423,0.000132,0.999868
1.0475276268804423,0.074722,0.925278
1.0475276268804423,0.001857,0.998143
1.0475276268804423,0.889326,0.110674
1.0475276268804423,0.011966,0.988034
1.0475276268804423,0.039488,0.960512
1.0475276268804423,0.00025,0.99975
1.0475276268804423,0.00041,0.99959
1.0475276268804423,0.0,1.0
1.0475276268804423,0.001046,0.998954
1.0475276268804423,0.000147,0.999853
1.0475276268804423,0.105394,0.894606
1.0475276268804423,0.273309,0.726691
1.0475276268804423,2.7e-05,0.999973
1.0475276268804423,3e-06,0.999997
1.0475276268804423,0.010252,0.989748
1.0475276268804423,0.022097,0.977903
1.0475276268804423,0.912171,0.087829
1.0535276268804423,0.000113,0.999887
1.0535276268804423,0.041518,0.958482
1.0535276268804423,4e-06,0.999996
1.0535276268804423,1.4e-05,0.999986
1.0535276268804423,6e-06,0.999994
1.0535276268804423,7.8e-05,0.999922
1.0535276268804423,0.000255,0.999745
1.0535276268804423,0.00153,0.99847
1.0535276268804423,0.000963,0.999037
1.0535276268804423,0.000394,0.999606
1.0535276268804423,0.000183,0.999817
1.0535276268804423,0.016081,0.983919
1.0535276268804423,0.494648,0.505352
1.0535276268804423,2e-06,0.999998
1.0535276268804423,1e-05,0.99999
1.0535276268804423,6.6e-05,0.999934
1.0535276268804423,0.043218,0.956782
1.0535276268804423,0.000223,0.999777
1.0535276268804423,0.000838,0.999162
1.0535276268804423,0.034246,0.965754
1.0535276268804423,2e-06,0.999998
1.0535276268804423,0.000114,0.999886
1.0535276268804423,0.000265,0.999735
1.0535276268804423,2e-06,0.999998
1.0535276268804423,1.5e-05,0.999984
1.0535276268804423,0.395006,0.604993
1.0535276268804423,0.02738,0.97262
1.0535276268804423,0.929746,0.070254
1.0535276268804423,6.4e-05,0.999936
1.0535276268804423,0.000614,0.999386
1.0535276268804423,4e-05,0.99996
1.0535276268804423,0.000436,0.999564
1.0535276268804423,1.6e-05,0.999984
1.0535276268804423,0.00358,0.99642
1.0535276268804423,0.000923,0.999077
1.0535276268804423,0.000193,0.999807
1.0535276268804423,0.008332,0.991668
1.0535276268804423,0.000891,0.999109
1.0535276268804423,0.031362,0.968638
1.0535276268804423,0.000494,0.999506
1.0535276268804423,0.012344,0.987656
1.0535276268804423,1.3e-05,0.999987
1.0535276268804423,0.001094,0.998906
1.0535276268804423,0.997044,0.002956
1.0535276268804423,0.000784,0.999216
1.0535276268804423,0.422766,0.577234
1.0535276268804423,0.000981,0.99902
1.0535276268804423,0.000365,0.999635
1.0535276268804423,6.7e-05,0.999933
1.0535276268804423,1e-06,0.999999
1.0535276268804423,0.0,1.0
1.0535276268804423,0.000803,0.999197
1.0535276268804423,0.247104,0.752896
1.0535276268804423,1e-06,0.999999
1.0535276268804423,0.107274,0.892726
1.0535276268804423,0.024292,0.975708
1.0535276268804423,2.6e-05,0.999974
1.0535276268804423,0.004278,0.995722
1.0535276268804423,5.9e-05,0.999941
1.0535276268804423,2.4e-05,0.999976
1.0535276268804423,0.017514,0.982486
1.0535276268804423,0.010001,0.989999
1.0535276268804423,7.1e-05,0.999929
1.0535276268804423,3e-06,0.999997
1.0535276268804423,0.003381,0.996619
1.0535276268804423,0.0121,0.9879
1.0535276268804423,0.000853,0.999147
1.0535276268804423,0.005549,0.994451
1.0535276268804423,0.000103,0.999898
1.0535276268804423,0.342188,0.657812
1.0535276268804423,0.073621,0.92638
1.0535276268804423,0.000238,0.999762
1.0535276268804423,0.000412,0.999588
1.0535276268804423,0.002736,0.997264
1.0535276268804423,0.000321,0.999679
1.0535276268804423,0.000325,0.999675
1.0535276268804423,0.965936,0.034064
1.0535276268804423,0.000812,0.999188
1.0535276268804423,2.2e-05,0.999978
1.0535276268804423,0.000208,0.999792
1.0535276268804423,9e-06,0.999991
1.0535276268804423,0.675439,0.324561
1.0535276268804423,0.000258,0.999742
1.0535276268804423,1e-05,0.99999
1.0535276268804423,0.000155,0.999846
1.0535276268804423,0.457754,0.542246
1.0535276268804423,0.000189,0.999811
1.0535276268804423,0.052094,0.947906
1.0535276268804423,4.2e-05,0.999958
1.0535276268804423,0.000882,0.999118
1.0535276268804423,0.000478,0.999522
1.0535276268804423,1e-06,0.999999
1.0535276268804423,0.24194,0.75806
1.0535276268804423,2.4e-05,0.999976
1.0535276268804423,0.00874,0.99126
1.0535276268804423,0.000128,0.999872
1.0535276268804423,0.137579,0.862421
1.0535276268804423,8.5e-05,0.999915
1.0535276268804423,0.000288,0.999712
1.0535276268804423,0.0,1.0
1.0595276268804423,0.894494,0.105506
1.0595276268804423,1.7e-05,0.999983
1.0595276268804423,0.360643,0.639357
1.0595276268804423,0.00115,0.99885
1.0595276268804423,4e-06,0.999996
1.0595276268804423,0.000628,0.999372
1.0595276268804423,3.9e-05,0.999961
1.0595276268804423,1e-06,1.0
1.0595276268804423,0.469556,0.530444
1.0595276268804423,0.002424,0.997576
1.0595276268804423,2.3e-05,0.999977
1.0595276268804423,0.002191,0.997809
1.0595276268804423,3e-06,0.999997
1.0595276268804423,0.272181,0.727819
1.0595276268804423,4.1e-05,0.999959
1.0595276268804423,0.006296,0.993704
1.0595276268804423,0.00503,0.99497
1.0595276268804423,3e-06,0.999997
1.0595276268804423,0.011407,0.988593
1.0595276268804423,0.589035,0.410965
1.0595276268804423,0.057132,0.942868
1.0595276268804423,0.000952,0.999048
1.0595276268804423,0.000965,0.999035
1.0595276268804423,0.286227,0.713773
1.0595276268804423,9e-06,0.999991
1.0595276268804423,0.004771,0.995229
1.0595276268804423,0.678926,0.321074
1.0595276268804423,0.000933,0.999067
1.0595276268804423,0.002972,0.997028
1.0595276268804423,0.38174,0.61826
1.0595276268804423,0.000636,0.999364
1.0595276268804423,0.144654,0.855346
1.0595276268804423,1.6e-05,0.999984
1.0595276268804423,0.399686,0.600314
1.0595276268804423,0.0,1.0
1.0595276268804423,1e-05,0.99999
1.0595276268804423,0.0,1.0
1.0595276268804423,0.00042,0.99958
1.0595276268804423,0.0,1.0
1.0595276268804423,7.6e-05,0.999924
1.0595276268804423,0.000112,0.999888
1.0595276268804423,0.028864,0.971136
1.0595276268804423,0.046876,0.953124
1.0595276268804423,0.062355,0.937645
1.0595276268804423,0.000697,0.999303
1.0595276268804423,0.266917,0.733083
1.0595276268804423,9e-06,0.999991
1.0595276268804423,0.023345,0.976655
1.0595276268804423,5.1e-05,0.999949
1.0595276268804423,0.187123,0.812877
1.0595276268804423,0.000111,0.999889
1.0595276268804423,0.000559,0.999441
1.0595276268804423,0.002277,0.997723
1.0595276268804423,3.1e-05,0.999969
1.0595276268804423,3.5e-05,0.999965
1.0595276268804423,0.000105,0.999895
1.0595276268804423,9e-06,0.999991
1.0595276268804423,1e-06,0.999999
1.0595276268804423,0.00696,0.99304
1.0595276268804423,0.020799,0.979201
1.0595276268804423,0.001638,0.998362
1.0595276268804423,1e-06,0.999999
1.0595276268804423,0.923554,0.076446
1.0595276268804423,0.000665,0.999335
1.0595276268804423,0.036471,0.963529
1.0595276268804423,0.124393,0.875607
1.0595276268804423,0.012459,0.987541
1.0595276268804423,0.001535,0.998465
1.0595276268804423,0.961093,0.038907
1.0595276268804423,0.0,1.0
1.0595276268804423,0.011263,0.988737
1.0595276268804423,0.015987,0.984013
1.0595276268804423,0.000815,0.999185
1.0595276268804423,1e-06,0.999999
1.0595276268804423,0.00036,0.99964
1.0595276268804423,0.000352,0.999648
1.0595276268804423,0.000107,0.999893
1.0595276268804423,0.001687,0.998313
1.0595276268804423,0.728434,0.271566
1.0595276268804423,0.000151,0.999849
1.0595276268804423,0.005949,0.994051
1.0595276268804423,0.001261,0.998739
1.0595276268804423,0.001883,0.998117
1.0595276268804423,0.01012,0.98988
1.0595276268804423,1.8e-05,0.999982
1.0595276268804423,0.864606,0.135394
1.0595276268804423,0.000842,0.999158
1.0595276268804423,0.254221,0.745779
1.0595276268804423,0.000593,0.999407
1.0595276268804423,0.001769,0.998231
1.0595276268804423,0.92406,0.07594
1.0595276268804423,0.007207,0.992793
1.0595276268804423,1e-06,0.999999
1.0595276268804423,0.015238,0.984762
1.0595276268804423,6.2e-05,0.999938
1.0595276268804423,8.7e-05,0.999912
1.0595276268804423,6.2e-05,0.999938
1.0595276268804423,8.2e-05,0.999918
1.0595276268804423,0.002262,0.997738
1.0595276268804423,0.002651,0.997349
1.0655276268804423,0.000584,0.999416
1.0655276268804423,0.000605,0.999395
1.0655276268804423,0.183737,0.816263
1.0655276268804423,0.0,1.0
1.0655276268804423,0.001473,0.998527
1.0655276268804423,0.04063,0.95937
1.0655276268804423,0.000181,0.999819
1.0655276268804423,0.0,1.0
1.0655276268804423,1e-05,0.99999
1.0655276268804423,0.000102,0.999898
1.0655276268804423,0.007115,0.992885
1.0655276268804423,0.000329,0.999671
1.0655276268804423,0.032418,0.967582
1.0655276268804423,6e-06,0.999994
1.0655276268804423,0.183873,0.816127
1.0655276268804423,0.000303,0.999697
1.0655276268804423,2e-06,0.999998
1.0655276268804423,0.042773,0.957227
1.0655276268804423,0.000811,0.999189
1.0655276268804423,0.003478,0.996522
1.0655276268804423,0.98437,0.01563
1.0655276268804423,0.001789,0.998211
1.0655276268804423,0.000387,0.999613
1.0655276268804423,0.0,1.0
1.0655276268804423,0.00017,0.99983
1.0655276268804423,1e-06,0.999999
1.0655276268804423,0.029701,0.970299
1.0655276268804423,0.000215,0.999785
1.0655276268804423,0.025649,0.974351
1.0655276268804423,0.000282,0.999718
1.0655276268804423,0.003125,0.996875
1.0655276268804423,0.036042,0.963958
1.0655276268804423,0.005916,0.994084
1.0655276268804423,0.0,1.0
1.0655276268804423,0.001655,0.998345
1.0655276268804423,6e-06,0.999994
1.0655276268804423,0.000877,0.999123
1.0655276268804423,0.00054,0.99946
1.0655276268804423,8e-05,0.99992
1.0655276268804423,0.002144,0.997856
1.0655276268804423,4.4e-05,0.999956
1.0655276268804423,1.9e-05,0.999981
1.0655276268804423,1.3e-05,0.999987
1.0655276268804423,0.82525,0.174749
1.0655276268804423,1.5e-05,0.999985
1.0655276268804423,0.000553,0.999447
1.0655276268804423,6e-06,0.999994
1.0655276268804423,0.049974,0.950026
1.0655276268804423,0.010055,0.989945
1.0655276268804423,7e-05,0.99993
1.0655276268804423,6.4e-05,0.999936
1.0655276268804423,2.9e-05,0.999971
1.0655276268804423,1e-06,0.999999
1.0655276268804423,0.006096,0.993904
1.0655276268804423,0.005419,0.994581
1.0655276268804423,0.000859,0.999141
1.0655276268804423,0.000153,0.999847
1.0655276268804423,2.5e-05,0.999975
1.0655276268804423,0.000409,0.999591
1.0655276268804423,0.000296,0.999704
1.0655276268804423,2.9e-05,0.999971
1.0655276268804423,4e-06,0.999996
1.0655276268804423,1e-06,0.999999
1.0655276268804423,0.918677,0.081323
1.0655276268804423,0.03554,0.96446
1.0655276268804423,0.000537,0.999463
1.0655276268804423,0.273306,0.726694
1.0655276268804423,0.0,1.0
1.0655276268804423,8.8e-05,0.999912
1.0655276268804423,0.001896,0.998104
1.0655276268804423,0.006545,0.993455
1.0655276268804423,0.000935,0.999065
1.0655276268804423,9e-05,0.99991
1.0655276268804423,1e-06,0.999999
1.0655276268804423,2e-06,0.999998
1.0655276268804423,0.3881,0.6119
1.0655276268804423,2e-06,0.999998
1.0655276268804423,0.803002,0.196998
1.0655276268804423,0.442076,0.557924
1.0655276268804423,1.2e-05,0.999988
1.0655276268804423,2.5e-05,0.999975
1.0655276268804423,8e-06,0.999992
1.0655276268804423,0.00314,0.99686
1.0655276268804423,0.056752,0.943248
1.0655276268804423,0.000312,0.999688
1.0655276268804423,4e-06,0.999996
1.0655276268804423,0.041899,0.958101
1.0655276268804423,0.000107,0.999893
1.0655276268804423,7.5e-05,0.999925
1.0655276268804423,0.77692,0.22308
1.0655276268804423,0.009443,0.990557
1.0655276268804423,0.007247,0.992753
1.0655276268804423,0.095927,0.904073
1.0655276268804423,0.975914,0.024086
1.0655276268804423,0.010361,0.98964
1.0655276268804423,6e-06,0.999994
1.0655276268804423,9e-06,0.999991
1.0655276268804423,0.020371,0.979629
1.0655276268804423,1.1e-05,0.999989
1.0655276268804423,0.001178,0.998822
1.0715276268804423,0.000414,0.999586
1.0715276268804423,2.4e-05,0.999976
1.0715276268804423,0.0,1.0
1.0715276268804423,0.070103,0.929897
1.0715276268804423,6e-06,0.999994
1.0715276268804423,0.056976,0.943024
1.0715276268804423,4e-05,0.99996
1.0715276268804423,0.000188,0.999812
1.0715276268804423,1e-06,0.999999
1.0715276268804423,0.006694,0.993306
1.0715276268804423,2e-06,0.999998
1.0715276268804423,0.001523,0.998477
1.0715276268804423,0.026153,0.973847
1.0715276268804423,0.010586,0.989414
1.0715276268804423,3e-06,0.999997
1.0715276268804423,0.007032,0.992968
1.0715276268804423,0.017353,0.982647
1.0715276268804423,2e-06,0.999998
1.0715276268804423,0.001131,0.99887
1.0715276268804423,0.494151,0.505849
1.0715276268804423,0.001852,0.998148
1.0715276268804423,4e-06,0.999996
1.0715276268804423,0.006047,0.993953
1.0715276268804423,0.015793,0.984207
1.0715276268804423,0.007065,0.992935
1.0715276268804423,0.000155,0.999845
1.0715276268804423,0.0,1.0
1.0715276268804423,8.8e-05,0.999912
1.0715276268804423,3e-06,0.999997
1.0715276268804423,1.1e-05,0.999989
1.0715276268804423,0.000622,0.999378
1.0715276268804423,4e-06,0.999996
1.0715276268804423,0.002157,0.997843
1.0715276268804423,3e-06,0.999997
1.0715276268804423,2e-06,0.999998
1.0715276268804423,0.0,1.0
1.0715276268804423,0.000168,0.999832
1.0715276268804423,3.3e-05,0.999967
1.0715276268804423,0.683866,0.316134
1.0715276268804423,0.000842,0.999158
1.0715276268804423,0.000201,0.999799
1.0715276268804423,0.004692,0.995308
1.0715276268804423,0.010458,0.989542
1.0715276268804423,0.039453,0.960547
1.0715276268804423,0.0,1.0
1.0715276268804423,0.001734,0.998266
1.0715276268804423,7e-06,0.999993
1.0715276268804423,0.0,1.0
1.0715276268804423,0.060505,0.939495
1.0715276268804423,6e-06,0.999994
1.0715276268804423,0.000695,0.999305
1.0715276268804423,0.574055,0.425945
1.0715276268804423,7e-06,0.999993
1.0715276268804423,1e-06,0.999999
1.0715276268804423,0.000138,0.999862
1.0715276268804423,0.015226,0.984774
1.0715276268804423,4.1e-05,0.999959
1.0715276268804423,1.6e-05,0.999984
1.0715276268804423,1e-06,0.999999
1.0715276268804423,0.035092,0.964908
1.0715276268804423,3.5e-05,0.999965
1.0715276268804423,0.007431,0.992569
1.0715276268804423,0.006178,0.993822
1.0715276268804423,1.1e-05,0.999989
1.0715276268804423,1.9e-05,0.999981
1.0715276268804423,5.8e-05,0.999942
1.0715276268804423,0.00013,0.999869
1.0715276268804423,1.3e-05,0.999987
1.0715276268804423,0.000216,0.999784
1.0715276268804423,0.000473,0.999527
1.0715276268804423,0.016006,0.983994
1.0715276268804423,2e-06,0.999998
1.0715276268804423,6.6e-05,0.999934
1.0715276268804423,9e-06,0.999991
1.0715276268804423,0.007416,0.992584
1.0715276268804423,0.000481,0.999519
1.0715276268804423,0.000628,0.999372
1.0715276268804423,0.000215,0.999785
1.0715276268804423,0.001206,0.998794
1.0715276268804423,0.157811,0.842189
1.0715276268804423,0.000956,0.999044
1.0715276268804423,0.565317,0.434683
1.0715276268804423,0.711174,0.288826
1.0715276268804423,2e-06,0.999998
1.0715276268804423,0.3624,0.6376
1.0715276268804423,0.036163,0.963837
1.0715276268804423,0.016462,0.983538
1.0715276268804423,1.7e-05,0.999983
1.0715276268804423,0.0,1.0
1.0715276268804423,2e-06,0.999998
1.0715276268804423,0.014108,0.985892
1.0715276268804423,0.00034,0.99966
1.0715276268804423,0.000644,0.999356
1.0715276268804423,0.047119,0.952881
1.0715276268804423,0.00061,0.99939
1.0715276268804423,6.3e-05,0.999937
1.0715276268804423,0.00075,0.99925
1.0715276268804423,0.000709,0.999291
1.0715276268804423,0.004308,0.995692
1.0715276268804423,5.4e-05,0.999946
1.0775276268804423,2.9e-05,0.999971
1.0775276268804423,0.290127,0.709873
1.0775276268804423,0.000541,0.999459
1.0775276268804423,0.001207,0.998793
1.0775276268804423,9e-05,0.99991
1.0775276268804423,0.00462,0.99538
1.0775276268804423,1.2e-05,0.999988
1.0775276268804423,0.0,1.0
1.0775276268804423,6e-06,0.999994
1.0775276268804423,0.000549,0.999451
1.0775276268804423,0.0003,0.9997
1.0775276268804423,0.00043,0.99957
1.0775276268804423,0.000458,0.999542
1.0775276268804423,0.002058,0.997942
1.0775276268804423,0.010359,0.989641
1.0775276268804423,0.006621,0.993379
1.0775276268804423,0.0,1.0
1.0775276268804423,0.000168,0.999832
1.0775276268804423,0.034866,0.965134
1.0775276268804423,2.7e-05,0.999973
1.0775276268804423,4e-06,0.999996
1.0775276268804423,1.5e-05,0.999985
1.0775276268804423,0.000635,0.999365
1.0775276268804423,0.000971,0.999029
1.0775276268804423,1.1e-05,0.99999
1.0775276268804423,0.002477,0.997523
1.0775276268804423,6.2e-05,0.999938
1.0775276268804423,0.000299,0.999701
1.0775276268804423,0.0,1.0
1.0775276268804423,0.001467,0.998533
1.0775276268804423,8.5e-05,0.999915
1.0775276268804423,8e-05,0.99992
1.0775276268804423,0.003584,0.996416
1.0775276268804423,3e-06,0.999997
1.0775276268804423,1.9e-05,0.999981
1.0775276268804423,0.002495,0.997505
1.0775276268804423,0.000653,0.999347
1.0775276268804423,0.000516,0.999484
1.0775276268804423,1e-06,0.999999
1.0775276268804423,0.000522,0.999478
1.0775276268804423,9e-06,0.999991
1.0775276268804423,0.00034,0.99966
1.0775276268804423,8.5e-05,0.999915
1.0775276268804423,6.6e-05,0.999934
1.0775276268804423,0.000887,0.999113
1.0775276268804423,8e-06,0.999992
1.0775276268804423,0.00062,0.99938
1.0775276268804423,0.19431,0.80569
1.0775276268804423,0.000156,0.999844
1.0775276268804423,2.6e-05,0.999974
1.0775276268804423,0.000746,0.999254
1.0775276268804423,6e-06,0.999994
1.0775276268804423,0.00524,0.99476
1.0775276268804423,9e-06,0.999991
1.0775276268804423,1e-06,0.999999
1.0775276268804423,0.006533,0.993467
1.0775276268804423,1e-06,0.999999
1.0775276268804423,0.003917,0.996083
1.0775276268804423,0.0006,0.9994
1.0775276268804423,0.002392,0.997608
1.0775276268804423,0.000824,0.999176
1.0775276268804423,9e-06,0.999991
1.0775276268804423,6.1e-05,0.999939
1.0775276268804423,9.7e-05,0.999903
1.0775276268804423,0.000231,0.999769
1.0775276268804423,6.6e-05,0.999934
1.0775276268804423,6.3e-05,0.999937
1.0775276268804423,0.001893,0.998107
1.0775276268804423,1e-06,0.999999
1.0775276268804423,0.025792,0.974208
1.0775276268804423,8e-06,0.999992
1.0775276268804423,2e-06,0.999998
1.0775276268804423,1.1e-05,0.999989
1.0775276268804423,3e-06,0.999997
1.0775276268804423,0.000318,0.999682
1.0775276268804423,0.000461,0.999539
1.0775276268804423,9e-05,0.99991
1.0775276268804423,1.7e-05,0.999983
1.0775276268804423,1e-06,0.999999
1.0775276268804423,1.7e-05,0.999983
1.0775276268804423,6e-06,0.999994
1.0775276268804423,3e-06,0.999997
1.0775276268804423,0.572877,0.427123
1.0775276268804423,3.8e-05,0.999962
1.0775276268804423,0.176613,0.823387
1.0775276268804423,1.9e-05,0.999981
1.0775276268804423,4.1e-05,0.999959
1.0775276268804423,0.532759,0.467241
1.0775276268804423,1.5e-05,0.999985
1.0775276268804423,0.00105,0.99895
1.0775276268804423,0.011495,0.988505
1.0775276268804423,5e-06,0.999995
1.0775276268804423,0.002802,0.997198
1.0775276268804423,2.5e-05,0.999975
1.0775276268804423,3e-06,0.999997
1.0775276268804423,2.6e-05,0.999974
1.0775276268804423,6.2e-05,0.999938
1.0775276268804423,0.000459,0.999541
1.0775276268804423,0.001121,0.998879
1.0775276268804423,1e-06,0.999999
1.0835276268804424,0.001581,0.998419
1.0835276268804424,1e-06,0.999999
1.0835276268804424,0.574603,0.425397
1.0835276268804424,0.00083,0.99917
1.0835276268804424,0.000792,0.999208
1.0835276268804424,0.000496,0.999504
1.0835276268804424,9.5e-05,0.999905
1.0835276268804424,1.1e-05,0.999989
1.0835276268804424,9e-06,0.999991
1.0835276268804424,0.028317,0.971683
1.0835276268804424,0.001416,0.998584
1.0835276268804424,0.000198,0.999802
1.0835276268804424,0.000123,0.999877
1.0835276268804424,4e-06,0.999996
1.0835276268804424,0.000223,0.999777
1.0835276268804424,0.000492,0.999508
1.0835276268804424,6.5e-05,0.999935
1.0835276268804424,0.957166,0.042834
1.0835276268804424,1.1e-05,0.999989
1.0835276268804424,0.007428,0.992572
1.0835276268804424,7e-05,0.99993
1.0835276268804424,0.001223,0.998777
1.0835276268804424,0.0,1.0
1.0835276268804424,6.1e-05,0.999939
1.0835276268804424,9e-06,0.999991
1.0835276268804424,0.001371,0.998629
1.0835276268804424,0.000948,0.999052
1.0835276268804424,1e-06,0.999999
1.0835276268804424,0.363825,0.636175
1.0835276268804424,0.000415,0.999585
1.0835276268804424,0.00084,0.99916
1.0835276268804424,0.977793,0.022207
1.0835276268804424,0.132647,0.867353
1.0835276268804424,0.02599,0.97401
1.0835276268804424,0.000343,0.999657
1.0835276268804424,0.003912,0.996088
1.0835276268804424,0.00379,0.99621
1.0835276268804424,0.000129,0.999871
1.0835276268804424,0.208073,0.791927
1.0835276268804424,4.4e-05,0.999956
1.0835276268804424,3.1e-05,0.999969
1.0835276268804424,0.012758,0.987242
1.0835276268804424,2e-06,0.999998
1.0835276268804424,0.000273,0.999727
1.0835276268804424,0.000149,0.999851
1.0835276268804424,6e-06,0.999994
1.0835276268804424,0.000286,0.999714
1.0835276268804424,8e-06,0.999992
1.0835276268804424,0.33519,0.66481
1.0835276268804424,0.000591,0.999409
1.0835276268804424,1.5e-05,0.999985
1.0835276268804424,0.005358,0.994642
1.0835276268804424,0.000291,0.999709
1.0835276268804424,1e-06,0.999999
1.0835276268804424,0.117966,0.882034
1.0835276268804424,0.000328,0.999672
1.0835276268804424,2e-06,0.999998
1.0835276268804424,0.005492,0.994508
1.0835276268804424,1e-06,0.999999
1.0835276268804424,0.000625,0.999375
1.0835276268804424,5e-06,0.999995
1.0835276268804424,2e-06,0.999998
1.0835276268804424,0.000702,0.999298
1.0835276268804424,0.001694,0.998306
1.0835276268804424,2e-06,0.999998
1.0835276268804424,0.021853,0.978147
1.0835276268804424,5e-06,0.999995
1.0835276268804424,0.002043,0.997956
1.0835276268804424,0.010018,0.989982
1.0835276268804424,0.001048,0.998952
1.0835276268804424,0.283821,0.716179
1.0835276268804424,0.00679,0.99321
1.0835276268804424,0.009101,0.990899
1.0835276268804424,0.032839,0.967161
1.0835276268804424,9e-05,0.99991
1.0835276268804424,0.000257,0.999743
1.0835276268804424,0.000315,0.999685
1.0835276268804424,0.000133,0.999866
1.0835276268804424,0.000456,0.999544
1.0835276268804424,2.9e-05,0.999971
1.0835276268804424,0.00024,0.99976
1.0835276268804424,1e-06,0.999999
1.0835276268804424,7.7e-05,0.999923
1.0835276268804424,5e-06,0.999995
1.0835276268804424,0.003255,0.996744
1.0835276268804424,0.000231,0.999769
1.0835276268804424,0.000385,0.999615
1.0835276268804424,0.136595,0.863405
1.0835276268804424,1e-06,0.999999
1.0835276268804424,6e-06,0.999994
1.0835276268804424,0.001369,0.998631
1.0835276268804424,0.000235,0.999765
1.0835276268804424,0.000802,0.999198
1.0835276268804424,0.001404,0.998596
1.0835276268804424,0.005141,0.994859
1.0835276268804424,0.000578,0.999422
1.0835276268804424,2e-06,0.999998
1.0835276268804424,1.1e-05,0.999989
1.0835276268804424,4e-06,0.999996
1.0835276268804424,0.026658,0.973342
1.0895276268804424,4.7e-05,0.999953
1.0895276268804424,0.014962,0.985038
1.0895276268804424,0.000257,0.999743
1.0895276268804424,0.000254,0.999746
1.0895276268804424,0.0,1.0
1.0895276268804424,3e-05,0.99997
1.0895276268804424,0.000123,0.999877
1.0895276268804424,8e-06,0.999992
1.0895276268804424,5e-05,0.99995
1.0895276268804424,0.008267,0.991733
1.0895276268804424,0.0,1.0
1.0895276268804424,0.001746,0.998254
1.0895276268804424,0.031085,0.968915
1.0895276268804424,3e-06,0.999997
1.0895276268804424,0.000222,0.999778
1.0895276268804424,2.8e-05,0.999972
1.0895276268804424,3e-05,0.99997
1.0895276268804424,0.052574,0.947426
1.0895276268804424,4.4e-05,0.999956
1.0895276268804424,0.108058,0.891942
1.0895276268804424,5e-06,0.999996
1.0895276268804424,9.5e-05,0.999905
1.0895276268804424,2e-05,0.99998
1.0895276268804424,0.0,1.0
1.0895276268804424,2e-06,0.999998
1.0895276268804424,1e-05,0.99999
1.0895276268804424,3.8e-05,0.999962
1.0895276268804424,0.001884,0.998116
1.0895276268804424,9e-05,0.99991
1.0895276268804424,0.120998,0.879002
1.0895276268804424,9e-06,0.999991
1.0895276268804424,1.2e-05,0.999988
1.0895276268804424,0.003094,0.996906
1.0895276268804424,1.2e-05,0.999988
1.0895276268804424,0.021657,0.978343
1.0895276268804424,2.3e-05,0.999977
1.0895276268804424,0.049172,0.950828
1.0895276268804424,0.000741,0.999259
1.0895276268804424,0.103263,0.896737
1.0895276268804424,0.0,1.0
1.0895276268804424,0.001118,0.998882
1.0895276268804424,0.000237,0.999763
1.0895276268804424,0.0,1.0
1.0895276268804424,0.000403,0.999597
1.0895276268804424,1e-06,0.999999
1.0895276268804424,0.001339,0.998661
1.0895276268804424,0.006663,0.993338
1.0895276268804424,0.056363,0.943637
1.0895276268804424,2e-06,0.999998
1.0895276268804424,0.000235,0.999765
1.0895276268804424,0.002325,0.997674
1.0895276268804424,5e-06,0.999996
1.0895276268804424,0.136676,0.863324
1.0895276268804424,0.000118,0.999882
1.0895276268804424,1e-06,0.999999
1.0895276268804424,0.006856,0.993144
1.0895276268804424,0.807649,0.192351
1.0895276268804424,0.590382,0.409618
1.0895276268804424,6e-06,0.999994
1.0895276268804424,3.3e-05,0.999967
1.0895276268804424,0.017142,0.982858
1.0895276268804424,0.001107,0.998893
1.0895276268804424,0.000165,0.999835
1.0895276268804424,0.0007,0.9993
1.0895276268804424,5e-06,0.999995
1.0895276268804424,8e-06,0.999992
1.0895276268804424,0.000464,0.999536
1.0895276268804424,7.2e-05,0.999928
1.0895276268804424,0.121401,0.878599
1.0895276268804424,0.000297,0.999703
1.0895276268804424,3e-05,0.99997
1.0895276268804424,0.021068,0.978932
1.0895276268804424,5.7e-05,0.999943
1.0895276268804424,0.00019,0.99981
1.0895276268804424,0.000296,0.999704
1.0895276268804424,0.000109,0.999891
1.0895276268804424,0.601248,0.398752
1.0895276268804424,0.00275,0.99725
1.0895276268804424,0.001927,0.998073
1.0895276268804424,0.033226,0.966774
1.0895276268804424,0.000845,0.999155
1.0895276268804424,0.010011,0.989989
1.0895276268804424,7e-05,0.99993
1.0895276268804424,3e-06,0.999997
1.0895276268804424,4e-06,0.999996
1.0895276268804424,1e-06,0.999999
1.0895276268804424,0.029991,0.970009
1.0895276268804424,0.003454,0.996546
1.0895276268804424,0.0,1.0
1.0895276268804424,7e-06,0.999993
1.0895276268804424,0.003456,0.996544
1.0895276268804424,0.007356,0.992644
1.0895276268804424,0.008084,0.991916
1.0895276268804424,1.1e-05,0.999989
1.0895276268804424,0.00012,0.99988
1.0895276268804424,0.0,1.0
1.0895276268804424,0.337154,0.662846
1.0895276268804424,2.5e-05,0.999975
1.0895276268804424,0.103209,0.896791
1.0895276268804424,0.000751,0.999249
1.0955276268804424,1e-06,0.999999
1.0955276268804424,0.0,1.0
1.0955276268804424,1e-06,0.999999
1.0955276268804424,4.9e-05,0.999951
1.0955276268804424,0.000188,0.999812
1.0955276268804424,0.05904,0.94096
1.0955276268804424,6.1e-05,0.999939
1.0955276268804424,5e-05,0.99995
1.0955276268804424,5.2e-05,0.999948
1.0955276268804424,1.1e-05,0.999989
1.0955276268804424,0.000122,0.999878
1.0955276268804424,8.1e-05,0.999919
1.0955276268804424,0.000218,0.999782
1.0955276268804424,0.001753,0.998247
1.0955276268804424,0.01726,0.98274
1.0955276268804424,0.083278,0.916722
1.0955276268804424,0.000508,0.999492
1.0955276268804424,4.1e-05,0.99996
1.0955276268804424,0.009091,0.990909
1.0955276268804424,0.011157,0.988843
1.0955276268804424,0.043453,0.956547
1.0955276268804424,0.031266,0.968734
1.0955276268804424,0.002433,0.997567
1.0955276268804424,4e-06,0.999996
1.0955276268804424,0.000917,0.999084
1.0955276268804424,0.799364,0.200636
1.0955276268804424,0.00108,0.99892
1.0955276268804424,0.0031,0.9969
1.0955276268804424,0.312404,0.687596
1.0955276268804424,1e-06,0.999999
1.0955276268804424,2.9e-05,0.999971
1.0955276268804424,0.000275,0.999725
1.0955276268804424,1e-06,0.999999
1.0955276268804424,1e-06,0.999999
1.0955276268804424,0.175049,0.824951
1.0955276268804424,0.000153,0.999847
1.0955276268804424,0.007595,0.992405
1.0955276268804424,0.000102,0.999898
1.0955276268804424,0.923495,0.076505
1.0955276268804424,0.561198,0.438802
1.0955276268804424,0.0,1.0
1.0955276268804424,5.6e-05,0.999944
1.0955276268804424,2e-06,0.999998
1.0955276268804424,0.054339,0.945661
1.0955276268804424,0.418378,0.581622
1.0955276268804424,0.008918,0.991082
1.0955276268804424,0.132382,0.867618
1.0955276268804424,9e-05,0.99991
1.0955276268804424,0.005331,0.994669
1.0955276268804424,0.001275,0.998725
1.0955276268804424,0.000323,0.999678
1.0955276268804424,5e-06,0.999995
1.0955276268804424,0.000446,0.999554
1.0955276268804424,0.028424,0.971576
1.0955276268804424,7e-06,0.999993
1.0955276268804424,3.7e-05,0.999963
1.0955276268804424,1e-06,0.999999
1.0955276268804424,2.2e-05,0.999978
1.0955276268804424,0.000136,0.999864
1.0955276268804424,1e-05,0.99999
1.0955276268804424,0.910967,0.089033
1.0955276268804424,0.000124,0.999876
1.0955276268804424,0.000302,0.999698
1.0955276268804424,0.000926,0.999074
1.0955276268804424,0.0,1.0
1.0955276268804424,8.6e-05,0.999914
1.0955276268804424,5e-06,0.999995
1.0955276268804424,1e-05,0.99999
1.0955276268804424,7.3e-05,0.999927
1.0955276268804424,0.007527,0.992473
1.0955276268804424,1e-06,0.999999
1.0955276268804424,0.000103,0.999897
1.0955276268804424,0.972066,0.027934
1.0955276268804424,0.0,1.0
1.0955276268804424,1e-06,0.999999
1.0955276268804424,1e-06,0.999999
1.0955276268804424,0.0,1.0
1.0955276268804424,1e-06,0.999999
1.0955276268804424,2e-06,0.999998
1.0955276268804424,0.247755,0.752245
1.0955276268804424,0.008762,0.991238
1.0955276268804424,0.018191,0.981809
1.0955276268804424,5.8e-05,0.999942
1.0955276268804424,0.002774,0.997226
1.0955276268804424,5.7e-05,0.999944
1.0955276268804424,1.2e-05,0.999988
1.0955276268804424,0.095808,0.904192
1.0955276268804424,0.004655,0.995345
1.0955276268804424,3e-06,0.999997
1.0955276268804424,0.000172,0.999828
1.0955276268804424,0.355013,0.644987
1.0955276268804424,0.001143,0.998857
1.0955276268804424,8.5e-05,0.999915
1.0955276268804424,0.003063,0.996937
1.0955276268804424,3.4e-05,0.999966
1.0955276268804424,5.3e-05,0.999947
1.0955276268804424,2e-06,0.999998
1.0955276268804424,0.003641,0.996359
1.0955276268804424,1e-06,1.0
1.0955276268804424,2.4e-05,0.999976
1.1015276268804424,0.001341,0.998659
1.1015276268804424,1.9e-05,0.999981
1.1015276268804424,0.014596,0.985404
1.1015276268804424,0.0,1.0
1.1015276268804424,2e-06,0.999998
1.1015276268804424,0.923362,0.076638
1.1015276268804424,0.000276,0.999724
1.1015276268804424,0.768984,0.231016
1.1015276268804424,0.0,1.0
1.1015276268804424,5e-06,0.999995
1.1015276268804424,0.000117,0.999883
1.1015276268804424,2e-06,0.999998
1.1015276268804424,0.00013,0.99987
1.1015276268804424,1.1e-05,0.999989
1.1015276268804424,4e-06,0.999996
1.1015276268804424,0.002587,0.997413
1.1015276268804424,0.010666,0.989334
1.1015276268804424,6.4e-05,0.999936
1.1015276268804424,0.084379,0.915621
1.1015276268804424,0.000402,0.999598
1.1015276268804424,3e-06,0.999997
1.1015276268804424,0.000195,0.999805
1.1015276268804424,4.5e-05,0.999955
1.1015276268804424,0.0,1.0
1.1015276268804424,0.000969,0.999031
1.1015276268804424,7.8e-05,0.999922
1.1015276268804424,0.002337,0.997663
1.1015276268804424,0.001122,0.998877
1.1015276268804424,3.4e-05,0.999966
1.1015276268804424,0.073009,0.926991
1.1015276268804424,5e-06,0.999995
1.1015276268804424,8e-06,0.999992
1.1015276268804424,1e-06,0.999999
1.1015276268804424,1.1e-05,0.999989
1.1015276268804424,6.5e-05,0.999935
1.1015276268804424,2e-06,0.999998
1.1015276268804424,0.0,1.0
1.1015276268804424,0.000472,0.999528
1.1015276268804424,8e-06,0.999992
1.1015276268804424,0.00156,0.99844
1.1015276268804424,0.000682,0.999318
1.1015276268804424,0.0,1.0
1.1015276268804424,4e-06,0.999996
1.1015276268804424,0.104933,0.895067
1.1015276268804424,0.000269,0.999731
1.1015276268804424,0.000275,0.999725
1.1015276268804424,0.000224,0.999777
1.1015276268804424,1e-06,1.0
1.1015276268804424,0.000112,0.999888
1.1015276268804424,1.1e-05,0.999989
1.1015276268804424,0.000226,0.999774
1.1015276268804424,2.8e-05,0.999972
1.1015276268804424,0.00045,0.99955
1.1015276268804424,0.001493,0.998506
1.1015276268804424,0.848136,0.151864
1.1015276268804424,7.7e-05,0.999922
1.1015276268804424,5.1e-05,0.999948
1.1015276268804424,6e-06,0.999994
1.1015276268804424,7.3e-05,0.999927
1.1015276268804424,0.000126,0.999874
1.1015276268804424,1e-05,0.99999
1.1015276268804424,0.0,1.0
1.1015276268804424,9e-06,0.999991
1.1015276268804424,5.2e-05,0.999948
1.1015276268804424,3.4e-05,0.999966
1.1015276268804424,0.006131,0.993869
1.1015276268804424,0.003536,0.996464
1.1015276268804424,0.42328,0.57672
1.1015276268804424,0.000466,0.999534
1.1015276268804424,2.7e-05,0.999973
1.1015276268804424,0.022735,0.977265
1.1015276268804424,0.011186,0.988814
1.1015276268804424,1.2e-05,0.999988
1.1015276268804424,3.8e-05,0.999962
1.1015276268804424,0.000336,0.999664
1.1015276268804424,0.0001,0.9999
1.1015276268804424,0.019951,0.980049
1.1015276268804424,1e-06,0.999999
1.1015276268804424,4e-06,0.999996
1.1015276268804424,2.4e-05,0.999976
1.1015276268804424,0.004616,0.995384
1.1015276268804424,5e-06,0.999995
1.1015276268804424,2.2e-05,0.999978
1.1015276268804424,0.0,1.0
1.1015276268804424,7.6e-05,0.999924
1.1015276268804424,6.1e-05,0.999939
1.1015276268804424,0.000951,0.999049
1.1015276268804424,6.3e-05,0.999937
1.1015276268804424,0.079415,0.920585
1.1015276268804424,2e-06,0.999998
1.1015276268804424,0.001556,0.998444
1.1015276268804424,0.391805,0.608195
1.1015276268804424,1e-06,0.999999
1.1015276268804424,1.4e-05,0.999986
1.1015276268804424,0.052242,0.947758
1.1015276268804424,0.000628,0.999372
1.1015276268804424,0.0,1.0
1.1015276268804424,2e-06,0.999998
1.1015276268804424,0.007839,0.992161
1.1015276268804424,0.000258,0.999742
1.1075276268804424,1e-06,0.999999
1.1075276268804424,0.002122,0.997878
1.1075276268804424,5e-06,0.999995
1.1075276268804424,1e-05,0.99999
1.1075276268804424,6e-05,0.99994
1.1075276268804424,1e-06,0.999999
1.1075276268804424,1e-06,0.999999
1.1075276268804424,0.001125,0.998875
1.1075276268804424,0.004633,0.995367
1.1075276268804424,3e-06,0.999997
1.1075276268804424,2e-06,0.999998
1.1075276268804424,0.006455,0.993545
1.1075276268804424,2e-06,0.999998
1.1075276268804424,0.160462,0.839538
1.1075276268804424,0.0,1.0
1.1075276268804424,0.013175,0.986825
1.1075276268804424,0.002372,0.997628
1.1075276268804424,1.7e-05,0.999983
1.1075276268804424,6e-06,0.999994
1.1075276268804424,0.164684,0.835316
1.1075276268804424,0.004906,0.995094
1.1075276268804424,1.5e-05,0.999985
1.1075276268804424,0.000114,0.999886
1.1075276268804424,3e-06,0.999997
1.1075276268804424,0.000347,0.999653
1.1075276268804424,1e-06,0.999999
1.1075276268804424,0.008776,0.991224
1.1075276268804424,5e-06,0.999995
1.1075276268804424,0.0001,0.9999
1.1075276268804424,5e-06,0.999995
1.1075276268804424,0.005733,0.994267
1.1075276268804424,3.5e-05,0.999965
1.1075276268804424,9e-06,0.999991
1.1075276268804424,0.001293,0.998707
1.1075276268804424,4.4e-05,0.999956
1.1075276268804424,0.001904,0.998096
1.1075276268804424,1e-06,0.999999
1.1075276268804424,0.016225,0.983775
1.1075276268804424,1.6e-05,0.999984
1.1075276268804424,0.058315,0.941685
1.1075276268804424,4e-06,0.999996
1.1075276268804424,0.005335,0.994665
1.1075276268804424,9e-06,0.999991
1.1075276268804424,2e-06,0.999998
1.1075276268804424,9.8e-05,0.999902
1.1075276268804424,0.004187,0.995813
1.1075276268804424,2e-06,0.999998
1.1075276268804424,0.000187,0.999813
1.1075276268804424,0.034643,0.965357
1.1075276268804424,4e-06,0.999997
1.1075276268804424,0.000122,0.999878
1.1075276268804424,0.074415,0.925585
1.1075276268804424,0.000201,0.999799
1.1075276268804424,6.1e-05,0.999939
1.1075276268804424,4.4e-05,0.999956
1.1075276268804424,0.000183,0.999817
1.1075276268804424,0.0,1.0
1.1075276268804424,0.00073,0.99927
1.1075276268804424,0.004158,0.995842
1.1075276268804424,0.001223,0.998777
1.1075276268804424,7.9e-05,0.999921
1.1075276268804424,0.0,1.0
1.1075276268804424,0.011202,0.988798
1.1075276268804424,2e-06,0.999998
1.1075276268804424,0.025285,0.974715
1.1075276268804424,0.007436,0.992564
1.1075276268804424,0.002226,0.997774
1.1075276268804424,0.000111,0.999889
1.1075276268804424,0.000134,0.999866
1.1075276268804424,1e-06,0.999999
1.1075276268804424,0.000419,0.999581
1.1075276268804424,0.011542,0.988458
1.1075276268804424,1e-06,0.999999
1.1075276268804424,0.000228,0.999772
1.1075276268804424,6e-06,0.999994
1.1075276268804424,5.2e-05,0.999948
1.1075276268804424,3e-06,0.999997
1.1075276268804424,4e-06,0.999996
1.1075276268804424,8.1e-05,0.999919
1.1075276268804424,0.001417,0.998583
1.1075276268804424,0.001394,0.998606
1.1075276268804424,2.8e-05,0.999972
1.1075276268804424,3e-06,0.999997
1.1075276268804424,0.000995,0.999005
1.1075276268804424,1.9e-05,0.999981
1.1075276268804424,0.014779,0.985221
1.1075276268804424,0.001777,0.998223
1.1075276268804424,0.016351,0.983649
1.1075276268804424,0.000174,0.999826
1.1075276268804424,1.8e-05,0.999982
1.1075276268804424,0.356866,0.643134
1.1075276268804424,0.03538,0.96462
1.1075276268804424,0.000294,0.999706
1.1075276268804424,0.025301,0.974699
1.1075276268804424,0.0,1.0
1.1075276268804424,0.000292,0.999708
1.1075276268804424,0.000298,0.999702
1.1075276268804424,0.456556,0.543444
1.1075276268804424,0.000316,0.999684
1.1075276268804424,0.078387,0.921613
1.1135276268804424,2.1e-05,0.999979
1.1135276268804424,1.4e-05,0.999986
1.1135276268804424,7e-06,0.999993
1.1135276268804424,0.0,1.0
1.1135276268804424,1.4e-05,0.999986
1.1135276268804424,1.3e-05,0.999987
1.1135276268804424,6.8e-05,0.999932
1.1135276268804424,0.000227,0.999773
1.1135276268804424,0.001912,0.998088
1.1135276268804424,0.000278,0.999722
1.1135276268804424,0.009537,0.990462
1.1135276268804424,0.015119,0.984881
1.1135276268804424,6.7e-05,0.999933
1.1135276268804424,6.1e-05,0.999939
1.1135276268804424,0.0,1.0
1.1135276268804424,1e-06,0.999999
1.1135276268804424,2.8e-05,0.999972
1.1135276268804424,0.000281,0.999719
1.1135276268804424,4e-06,0.999996
1.1135276268804424,3.2e-05,0.999968
1.1135276268804424,1e-06,0.999999
1.1135276268804424,0.043965,0.956035
1.1135276268804424,5.1e-05,0.999949
1.1135276268804424,0.000529,0.999471
1.1135276268804424,0.000187,0.999813
1.1135276268804424,0.386446,0.613554
1.1135276268804424,2.9e-05,0.999971
1.1135276268804424,0.4122,0.5878
1.1135276268804424,2.1e-05,0.999979
1.1135276268804424,0.003015,0.996985
1.1135276268804424,2e-06,0.999998
1.1135276268804424,2.8e-05,0.999972
1.1135276268804424,0.001072,0.998928
1.1135276268804424,5.9e-05,0.999941
1.1135276268804424,0.008101,0.991899
1.1135276268804424,3.6e-05,0.999964
1.1135276268804424,5.1e-05,0.999949
1.1135276268804424,3.7e-05,0.999963
1.1135276268804424,1.7e-05,0.999983
1.1135276268804424,7.9e-05,0.999921
1.1135276268804424,0.0,1.0
1.1135276268804424,4.6e-05,0.999954
1.1135276268804424,0.059463,0.940537
1.1135276268804424,4e-06,0.999996
1.1135276268804424,0.865278,0.134722
1.1135276268804424,0.006247,0.993753
1.1135276268804424,0.0,1.0
1.1135276268804424,1.4e-05,0.999986
1.1135276268804424,3e-06,0.999997
1.1135276268804424,0.000372,0.999628
1.1135276268804424,0.028861,0.971139
1.1135276268804424,0.042662,0.957338
1.1135276268804424,0.008705,0.991295
1.1135276268804424,0.000281,0.999719
1.1135276268804424,1.4e-05,0.999986
1.1135276268804424,0.000318,0.999682
1.1135276268804424,0.000222,0.999778
1.1135276268804424,0.011035,0.988965
1.1135276268804424,0.001004,0.998996
1.1135276268804424,6e-06,0.999994
1.1135276268804424,0.205284,0.794716
1.1135276268804424,0.000147,0.999853
1.1135276268804424,0.01591,0.98409
1.1135276268804424,7e-06,0.999993
1.1135276268804424,0.005288,0.994712
1.1135276268804424,2.5e-05,0.999974
1.1135276268804424,7.3e-05,0.999927
1.1135276268804424,1.2e-05,0.999988
1.1135276268804424,0.0,1.0
1.1135276268804424,4e-06,0.999996
1.1135276268804424,0.764709,0.235291
1.1135276268804424,9e-06,0.999991
1.1135276268804424,0.000137,0.999863
1.1135276268804424,0.008695,0.991305
1.1135276268804424,5.1e-05,0.999949
1.1135276268804424,0.002952,0.997048
1.1135276268804424,0.589724,0.410276
1.1135276268804424,2.5e-05,0.999975
1.1135276268804424,3.6e-05,0.999964
1.1135276268804424,2.2e-05,0.999978
1.1135276268804424,3e-06,0.999997
1.1135276268804424,0.000808,0.999192
1.1135276268804424,0.010737,0.989263
1.1135276268804424,0.0,1.0
1.1135276268804424,7.8e-05,0.999922
1.1135276268804424,1.4e-05,0.999986
1.1135276268804424,6e-06,0.999994
1.1135276268804424,0.002349,0.997651
1.1135276268804424,1e-06,0.999999
1.1135276268804424,0.278324,0.721676
1.1135276268804424,1.4e-05,0.999986
1.1135276268804424,0.000178,0.999822
1.1135276268804424,0.001209,0.998791
1.1135276268804424,0.000221,0.999779
1.1135276268804424,0.007381,0.992619
1.1135276268804424,5.2e-05,0.999948
1.1135276268804424,0.001317,0.998683
1.1135276268804424,0.000269,0.999731
1.1135276268804424,3e-06,0.999997
1.1135276268804424,2e-06,0.999998
1.1205276268804423,0.00096,0.99904
1.1205276268804423,0.0,1.0
1.1205276268804423,1.1e-05,0.99999
1.1205276268804423,0.007084,0.992916
1.1205276268804423,1e-06,1.0
1.1205276268804423,0.000143,0.999857
1.1205276268804423,1e-05,0.99999
1.1205276268804423,1e-06,0.999999
1.1205276268804423,3e-06,0.999998
1.1205276268804423,1e-06,0.999999
1.1205276268804423,0.042854,0.957146
1.1205276268804423,0.000265,0.999735
1.1205276268804423,1e-05,0.99999
1.1205276268804423,1e-06,0.999999
1.1205276268804423,0.001044,0.998956
1.1205276268804423,3.9e-05,0.999961
1.1205276268804423,0.004079,0.995921
1.1205276268804423,0.008236,0.991764
1.1205276268804423,1e-06,0.999999
1.1205276268804423,0.24669,0.75331
1.1205276268804423,3e-06,0.999997
1.1205276268804423,1e-06,0.999999
1.1205276268804423,0.001022,0.998978
1.1205276268804423,2.5e-05,0.999975
1.1205276268804423,4e-06,0.999996
1.1205276268804423,0.0006,0.9994
1.1205276268804423,2.6e-05,0.999974
1.1205276268804423,2e-06,0.999998
1.1205276268804423,3.3e-05,0.999967
1.1205276268804423,0.00105,0.99895
1.1205276268804423,0.000863,0.999137
1.1205276268804423,0.003522,0.996478
1.1205276268804423,5e-06,0.999995
1.1205276268804423,4e-06,0.999996
1.1205276268804423,0.001967,0.998033
1.1205276268804423,5e-06,0.999995
1.1205276268804423,0.052445,0.947555
1.1205276268804423,0.000619,0.999381
1.1205276268804423,0.000519,0.999482
1.1205276268804423,0.001631,0.998369
1.1205276268804423,2.9e-05,0.999971
1.1205276268804423,0.019724,0.980276
1.1205276268804423,0.000204,0.999796
1.1205276268804423,0.000195,0.999805
1.1205276268804423,0.000143,0.999857
1.1205276268804423,0.000381,0.999619
1.1205276268804423,0.573659,0.426341
1.1205276268804423,2e-06,0.999998
1.1205276268804423,0.000357,0.999643
1.1205276268804423,0.000786,0.999214
1.1205276268804423,3e-06,0.999997
1.1205276268804423,5.5e-05,0.999945
1.1205276268804423,7.9e-05,0.999921
1.1205276268804423,1e-06,0.999999
1.1205276268804423,0.001179,0.998821
1.1205276268804423,0.000183,0.999817
1.1205276268804423,6.2e-05,0.999938
1.1205276268804423,5e-06,0.999996
1.1205276268804423,0.004529,0.995471
1.1205276268804423,0.00476,0.99524
1.1205276268804423,0.000243,0.999757
1.1205276268804423,0.00636,0.99364
1.1205276268804423,5.8e-05,0.999942
1.1205276268804423,0.0,1.0
1.1205276268804423,7e-06,0.999993
1.1205276268804423,1e-06,0.999999
1.1205276268804423,3e-05,0.99997
1.1205276268804423,0.000148,0.999852
1.1205276268804423,0.121975,0.878025
1.1205276268804423,0.000593,0.999407
1.1205276268804423,0.000667,0.999333
1.1205276268804423,0.160929,0.839071
1.1205276268804423,0.004266,0.995734
1.1205276268804423,3.2e-05,0.999968
1.1205276268804423,0.0,1.0
1.1205276268804423,2.6e-05,0.999974
1.1205276268804423,6e-06,0.999994
1.1205276268804423,6.9e-05,0.999931
1.1205276268804423,0.000593,0.999407
1.1205276268804423,0.0,1.0
1.1205276268804423,1e-05,0.99999
1.1205276268804423,0.000786,0.999214
1.1205276268804423,4e-06,0.999996
1.1205276268804423,1.6e-05,0.999984
1.1205276268804423,0.002766,0.997234
1.1205276268804423,0.026368,0.973632
1.1205276268804423,1.7e-05,0.999983
1.1205276268804423,4.1e-05,0.999958
1.1205276268804423,0.003176,0.996824
1.1205276268804423,0.006566,0.993434
1.1205276268804423,0.000502,0.999498
1.1205276268804423,0.00101,0.99899
1.1205276268804423,0.009008,0.990992
1.1205276268804423,0.008696,0.991304
1.1205276268804423,2e-06,0.999998
1.1205276268804423,0.012513,0.987487
1.1205276268804423,0.001989,0.998011
1.1205276268804423,0.01058,0.98942
1.1205276268804423,0.0,1.0
1.1205276268804423,1e-06,0.999999
1.1265276268804423,0.070257,0.929743
1.1265276268804423,0.603297,0.396703
1.1265276268804423,0.024978,0.975022
1.1265276268804423,0.20624,0.79376
1.1265276268804423,0.000696,0.999304
1.1265276268804423,0.01466,0.985341
1.1265276268804423,0.481324,0.518676
1.1265276268804423,0.0,1.0
1.1265276268804423,3.1e-05,0.999969
1.1265276268804423,1.9e-05,0.999981
1.1265276268804423,1e-06,0.999999
1.1265276268804423,0.000717,0.999283
1.1265276268804423,0.008735,0.991265
1.1265276268804423,3e-06,0.999998
1.1265276268804423,1e-06,0.999999
1.1265276268804423,0.038361,0.961639
1.1265276268804423,0.0,1.0
1.1265276268804423,0.029105,0.970895
1.1265276268804423,0.0,1.0
1.1265276268804423,0.0,1.0
1.1265276268804423,1e-05,0.99999
1.1265276268804423,1.1e-05,0.999989
1.1265276268804423,0.045649,0.954351
1.1265276268804423,0.0,1.0
1.1265276268804423,1.8e-05,0.999982
1.1265276268804423,0.038935,0.961065
1.1265276268804423,0.0,1.0
1.1265276268804423,5.4e-05,0.999946
1.1265276268804423,4e-06,0.999996
1.1265276268804423,4e-06,0.999996
1.1265276268804423,0.00515,0.99485
1.1265276268804423,1.9e-05,0.999981
1.1265276268804423,0.003856,0.996144
1.1265276268804423,0.000849,0.999151
1.1265276268804423,9.2e-05,0.999908
1.1265276268804423,0.000437,0.999563
1.1265276268804423,0.0,1.0
1.1265276268804423,1.4e-05,0.999986
1.1265276268804423,6.6e-05,0.999934
1.1265276268804423,0.361974,0.638026
1.1265276268804423,0.0,1.0
1.1265276268804423,0.024578,0.975422
1.1265276268804423,0.547445,0.452555
1.1265276268804423,0.005662,0.994338
1.1265276268804423,0.000489,0.999511
1.1265276268804423,9e-06,0.999991
1.1265276268804423,0.0,1.0
1.1265276268804423,0.00079,0.99921
1.1265276268804423,0.810686,0.189314
1.1265276268804423,0.759162,0.240838
1.1265276268804423,0.000166,0.999834
1.1265276268804423,0.000237,0.999763
1.1265276268804423,0.007689,0.992311
1.1265276268804423,3e-06,0.999997
1.1265276268804423,0.000977,0.999023
1.1265276268804423,0.001864,0.998136
1.1265276268804423,0.475397,0.524603
1.1265276268804423,8.8e-05,0.999912
1.1265276268804423,7.5e-05,0.999925
1.1265276268804423,4e-06,0.999996
1.1265276268804423,2e-05,0.99998
1.1265276268804423,0.013628,0.986372
1.1265276268804423,0.009844,0.990156
1.1265276268804423,0.000456,0.999544
1.1265276268804423,9e-06,0.999991
1.1265276268804423,3e-05,0.99997
1.1265276268804423,0.000191,0.999809
1.1265276268804423,0.000465,0.999535
1.1265276268804423,4e-06,0.999996
1.1265276268804423,0.000479,0.999521
1.1265276268804423,2.4e-05,0.999976
1.1265276268804423,3.6e-05,0.999964
1.1265276268804423,0.0003,0.9997
1.1265276268804423,0.000145,0.999855
1.1265276268804423,0.0,1.0
1.1265276268804423,0.015348,0.984652
1.1265276268804423,2.8e-05,0.999972
1.1265276268804423,3e-05,0.99997
1.1265276268804423,0.00491,0.99509
1.1265276268804423,0.007349,0.992651
1.1265276268804423,0.030237,0.969763
1.1265276268804423,1e-06,0.999999
1.1265276268804423,7.1e-05,0.999929
1.1265276268804423,1.4e-05,0.999986
1.1265276268804423,0.014755,0.985245
1.1265276268804423,0.026463,0.973537
1.1265276268804423,0.269737,0.730263
1.1265276268804423,0.002733,0.997267
1.1265276268804423,0.000639,0.999361
1.1265276268804423,0.0,1.0
1.1265276268804423,0.0,1.0
1.1265276268804423,2e-05,0.99998
1.1265276268804423,1e-06,0.999999
1.1265276268804423,1e-06,0.999999
1.1265276268804423,0.051296,0.948704
1.1265276268804423,0.213314,0.786686
1.1265276268804423,0.021539,0.978461
1.1265276268804423,0.027944,0.972056
1.1265276268804423,5e-06,0.999995
1.1265276268804423,5e-05,0.99995
1.1325276268804423,0.000435,0.999565
1.1325276268804423,0.000184,0.999816
1.1325276268804423,0.004194,0.995806
1.1325276268804423,1.8e-05,0.999982
1.1325276268804423,0.000333,0.999667
1.1325276268804423,0.000568,0.999432
1.1325276268804423,5.3e-05,0.999947
1.1325276268804423,0.006024,0.993976
1.1325276268804423,8.6e-05,0.999914
1.1325276268804423,2e-06,0.999998
1.1325276268804423,0.000353,0.999647
1.1325276268804423,9.9e-05,0.999901
1.1325276268804423,0.061154,0.938846
1.1325276268804423,8e-06,0.999992
1.1325276268804423,0.017606,0.982394
1.1325276268804423,0.000264,0.999736
1.1325276268804423,1e-06,0.999999
1.1325276268804423,0.000667,0.999333
1.1325276268804423,4.2e-05,0.999958
1.1325276268804423,8.5e-05,0.999915
1.1325276268804423,0.0,1.0
1.1325276268804423,7e-06,0.999993
1.1325276268804423,0.0,1.0
1.1325276268804423,1.4e-05,0.999986
1.1325276268804423,3e-06,0.999997
1.1325276268804423,0.000132,0.999868
1.1325276268804423,0.0,1.0
1.1325276268804423,0.430148,0.569852
1.1325276268804423,0.012937,0.987063
1.1325276268804423,4e-06,0.999996
1.1325276268804423,0.000648,0.999352
1.1325276268804423,0.000357,0.999643
1.1325276268804423,0.089572,0.910428
1.1325276268804423,3e-06,0.999997
1.1325276268804423,0.043227,0.956773
1.1325276268804423,0.001635,0.998365
1.1325276268804423,3e-06,0.999997
1.1325276268804423,8e-06,0.999992
1.1325276268804423,0.000119,0.999881
1.1325276268804423,0.000714,0.999286
1.1325276268804423,0.00015,0.99985
1.1325276268804423,5e-06,0.999995
1.1325276268804423,6e-06,0.999994
1.1325276268804423,1.1e-05,0.999989
1.1325276268804423,0.002249,0.997751
1.1325276268804423,0.000204,0.999796
1.1325276268804423,2.2e-05,0.999978
1.1325276268804423,0.000474,0.999526
1.1325276268804423,0.005606,0.994394
1.1325276268804423,0.000628,0.999372
1.1325276268804423,1e-06,0.999999
1.1325276268804423,2.1e-05,0.999979
1.1325276268804423,0.000812,0.999188
1.1325276268804423,1.2e-05,0.999988
1.1325276268804423,0.001562,0.998438
1.1325276268804423,7e-06,0.999993
1.1325276268804423,4e-06,0.999996
1.1325276268804423,0.00013,0.99987
1.1325276268804423,0.000317,0.999684
1.1325276268804423,7e-06,0.999993
1.1325276268804423,0.001127,0.998873
1.1325276268804423,0.060733,0.939267
1.1325276268804423,7.3e-05,0.999927
1.1325276268804423,1.5e-05,0.999985
1.1325276268804423,1.4e-05,0.999986
1.1325276268804423,5e-06,0.999995
1.1325276268804423,6e-06,0.999994
1.1325276268804423,0.000388,0.999612
1.1325276268804423,4e-06,0.999996
1.1325276268804423,1.6e-05,0.999984
1.1325276268804423,4e-06,0.999996
1.1325276268804423,2e-06,0.999998
1.1325276268804423,8e-06,0.999992
1.1325276268804423,0.499845,0.500155
1.1325276268804423,8.4e-05,0.999916
1.1325276268804423,3e-06,0.999997
1.1325276268804423,0.0,1.0
1.1325276268804423,0.0,1.0
1.1325276268804423,0.00173,0.99827
1.1325276268804423,0.000269,0.999731
1.1325276268804423,0.0,1.0
1.1325276268804423,0.0,1.0
1.1325276268804423,0.000225,0.999775
1.1325276268804423,1e-06,0.999999
1.1325276268804423,0.000707,0.999293
1.1325276268804423,3e-06,0.999997
1.1325276268804423,0.000219,0.999781
1.1325276268804423,0.009045,0.990955
1.1325276268804423,2e-05,0.99998
1.1325276268804423,0.0,1.0
1.1325276268804423,3e-06,0.999997
1.1325276268804423,0.006402,0.993598
1.1325276268804423,5.2e-05,0.999948
1.1325276268804423,9e-06,0.999991
1.1325276268804423,0.000123,0.999877
1.1325276268804423,1.5e-05,0.999985
1.1325276268804423,0.000173,0.999827
1.1325276268804423,0.021708,0.978292
1.1325276268804423,3e-06,0.999997
1.1325276268804423,0.0,1.0
1.1385276268804423,0.002648,0.997352
1.1385276268804423,3e-06,0.999997
1.1385276268804423,0.000285,0.999715
1.1385276268804423,0.01239,0.98761
1.1385276268804423,3e-06,0.999997
1.1385276268804423,1e-06,0.999999
1.1385276268804423,4e-06,0.999996
1.1385276268804423,0.002299,0.997701
1.1385276268804423,0.000212,0.999788
1.1385276268804423,0.001114,0.998886
1.1385276268804423,0.001804,0.998196
1.1385276268804423,0.000112,0.999888
1.1385276268804423,6e-06,0.999994
1.1385276268804423,0.003271,0.996729
1.1385276268804423,0.0,1.0
1.1385276268804423,0.001277,0.998723
1.1385276268804423,0.0051,0.9949
1.1385276268804423,2.3e-05,0.999978
1.1385276268804423,5.6e-05,0.999944
1.1385276268804423,0.001148,0.998852
1.1385276268804423,0.031185,0.968815
1.1385276268804423,0.001208,0.998792
1.1385276268804423,2e-06,0.999998
1.1385276268804423,1.4e-05,0.999986
1.1385276268804423,3.8e-05,0.999962
1.1385276268804423,0.000249,0.999751
1.1385276268804423,0.022636,0.977364
1.1385276268804423,5e-06,0.999994
1.1385276268804423,1.7e-05,0.999983
1.1385276268804423,0.0,1.0
1.1385276268804423,1e-06,0.999999
1.1385276268804423,5.9e-05,0.99994
1.1385276268804423,0.000163,0.999837
1.1385276268804423,5.3e-05,0.999948
1.1385276268804423,5.5e-05,0.999945
1.1385276268804423,6.4e-05,0.999936
1.1385276268804423,0.002372,0.997628
1.1385276268804423,1e-06,0.999999
1.1385276268804423,0.0,1.0
1.1385276268804423,0.0,1.0
1.1385276268804423,8e-06,0.999992
1.1385276268804423,0.006329,0.993671
1.1385276268804423,0.0,1.0
1.1385276268804423,1e-06,0.999999
1.1385276268804423,0.000307,0.999694
1.1385276268804423,1e-05,0.99999
1.1385276268804423,0.139133,0.860867
1.1385276268804423,0.0,1.0
1.1385276268804423,0.003633,0.996366
1.1385276268804423,0.006956,0.993044
1.1385276268804423,0.000773,0.999227
1.1385276268804423,0.000303,0.999697
1.1385276268804423,0.000361,0.999639
1.1385276268804423,0.0,1.0
1.1385276268804423,0.000173,0.999827
1.1385276268804423,2e-06,0.999998
1.1385276268804423,4e-06,0.999996
1.1385276268804423,8e-06,0.999992
1.1385276268804423,3e-06,0.999997
1.1385276268804423,3e-06,0.999997
1.1385276268804423,0.001506,0.998494
1.1385276268804423,0.125239,0.874761
1.1385276268804423,0.232781,0.767219
1.1385276268804423,0.0,1.0
1.1385276268804423,0.00096,0.99904
1.1385276268804423,0.000364,0.999636
1.1385276268804423,0.000585,0.999415
1.1385276268804423,3e-06,0.999997
1.1385276268804423,3.3e-05,0.999967
1.1385276268804423,1.4e-05,0.999986
1.1385276268804423,1e-06,1.0
1.1385276268804423,3.8e-05,0.999962
1.1385276268804423,0.0,1.0
1.1385276268804423,1e-06,0.999999
1.1385276268804423,4e-06,0.999996
1.1385276268804423,5.3e-05,0.999947
1.1385276268804423,1.2e-05,0.999988
1.1385276268804423,8e-06,0.999992
1.1385276268804423,8e-06,0.999992
1.1385276268804423,2e-05,0.99998
1.1385276268804423,0.000104,0.999896
1.1385276268804423,3e-06,0.999997
1.1385276268804423,0.0,1.0
1.1385276268804423,6e-06,0.999994
1.1385276268804423,0.039353,0.960647
1.1385276268804423,0.000204,0.999796
1.1385276268804423,7e-06,0.999993
1.1385276268804423,5e-06,0.999996
1.1385276268804423,0.0,1.0
1.1385276268804423,0.000656,0.999344
1.1385276268804423,4.4e-05,0.999956
1.1385276268804423,0.000479,0.999521
1.1385276268804423,0.15562,0.84438
1.1385276268804423,3e-06,0.999997
1.1385276268804423,3e-06,0.999997
1.1385276268804423,0.002485,0.997515
1.1385276268804423,7e-06,0.999992
1.1385276268804423,0.004103,0.995897
1.1385276268804423,0.005563,0.994437
1.1385276268804423,1e-06,0.999999
1.1445276268804423,3.1e-05,0.999969
1.1445276268804423,8e-05,0.99992
1.1445276268804423,9.4e-05,0.999906
1.1445276268804423,3e-06,0.999997
1.1445276268804423,0.00149,0.99851
1.1445276268804423,1e-06,0.999999
1.1445276268804423,0.000155,0.999845
1.1445276268804423,0.023529,0.976471
1.1445276268804423,2.3e-05,0.999978
1.1445276268804423,1e-06,0.999999
1.1445276268804423,0.003071,0.996929
1.1445276268804423,1e-06,0.999999
1.1445276268804423,4.9e-05,0.99995
1.1445276268804423,1.8e-05,0.999982
1.1445276268804423,5e-06,0.999995
1.1445276268804423,1e-06,0.999999
1.1445276268804423,5e-06,0.999995
1.1445276268804423,0.008058,0.991942
1.1445276268804423,0.0,1.0
1.1445276268804423,0.151713,0.848287
1.1445276268804423,1e-06,1.0
1.1445276268804423,0.000308,0.999692
1.1445276268804423,0.001722,0.998278
1.1445276268804423,4.4e-05,0.999956
1.1445276268804423,0.0,1.0
1.1445276268804423,2.5e-05,0.999975
1.1445276268804423,0.0,1.0
1.1445276268804423,0.113402,0.886598
1.1445276268804423,1.5e-05,0.999985
1.1445276268804423,1.8e-05,0.999982
1.1445276268804423,0.001182,0.998818
1.1445276268804423,0.000444,0.999556
1.1445276268804423,4e-06,0.999996
1.1445276268804423,0.0,1.0
1.1445276268804423,0.001057,0.998943
1.1445276268804423,4e-06,0.999996
1.1445276268804423,1e-06,0.999999
1.1445276268804423,1e-06,0.999999
1.1445276268804423,0.017706,0.982294
1.1445276268804423,5.6e-05,0.999944
1.1445276268804423,5e-06,0.999995
1.1445276268804423,6e-06,0.999994
1.1445276268804423,6e-06,0.999994
1.1445276268804423,0.022049,0.977951
1.1445276268804423,0.0,1.0
1.1445276268804423,0.0,1.0
1.1445276268804423,0.000231,0.999769
1.1445276268804423,0.002031,0.997969
1.1445276268804423,0.000209,0.999791
1.1445276268804423,4e-06,0.999996
1.1445276268804423,4.5e-05,0.999955
1.1445276268804423,0.000314,0.999686
1.1445276268804423,0.015157,0.984843
1.1445276268804423,3e-06,0.999997
1.1445276268804423,0.001153,0.998846
1.1445276268804423,1e-06,0.999999
1.1445276268804423,8.8e-05,0.999912
1.1445276268804423,0.007565,0.992435
1.1445276268804423,0.143153,0.856847
1.1445276268804423,2e-06,0.999998
1.1445276268804423,7e-06,0.999993
1.1445276268804423,2e-06,0.999998
1.1445276268804423,0.001042,0.998958
1.1445276268804423,0.081755,0.918245
1.1445276268804423,3e-06,0.999997
1.1445276268804423,6e-06,0.999994
1.1445276268804423,4e-06,0.999996
1.1445276268804423,0.0,1.0
1.1445276268804423,0.00016,0.99984
1.1445276268804423,0.000378,0.999622
1.1445276268804423,0.123253,0.876747
1.1445276268804423,0.012374,0.987626
1.1445276268804423,1.8e-05,0.999982
1.1445276268804423,0.005293,0.994707
1.1445276268804423,5e-06,0.999995
1.1445276268804423,0.000189,0.999811
1.1445276268804423,2.8e-05,0.999972
1.1445276268804423,0.002967,0.997032
1.1445276268804423,2.1e-05,0.999979
1.1445276268804423,1.7e-05,0.999983
1.1445276268804423,0.017256,0.982744
1.1445276268804423,1e-06,0.999999
1.1445276268804423,0.001714,0.998286
1.1445276268804423,0.002744,0.997256
1.1445276268804423,0.0,1.0
1.1445276268804423,0.0,1.0
1.1445276268804423,2.7e-05,0.999973
1.1445276268804423,1e-06,0.999999
1.1445276268804423,0.0,1.0
1.1445276268804423,0.000192,0.999808
1.1445276268804423,7e-06,0.999993
1.1445276268804423,7e-06,0.999993
1.1445276268804423,5.7e-05,0.999943
1.1445276268804423,6e-06,0.999994
1.1445276268804423,5.1e-05,0.999949
1.1445276268804423,1e-06,0.999999
1.1445276268804423,0.000301,0.999699
1.1445276268804423,0.002747,0.997253
1.1445276268804423,1.2e-05,0.999988
1.1445276268804423,0.003118,0.996882
1.1505276268804423,0.966052,0.033948
1.1505276268804423,0.001267,0.998733
1.1505276268804423,0.000893,0.999107
1.1505276268804423,3.8e-05,0.999962
1.1505276268804423,0.01202,0.98798
1.1505276268804423,0.075309,0.924691
1.1505276268804423,0.000294,0.999706
1.1505276268804423,2.4e-05,0.999976
1.1505276268804423,0.000106,0.999894
1.1505276268804423,0.0,1.0
1.1505276268804423,0.001979,0.99802
1.1505276268804423,0.000207,0.999793
1.1505276268804423,1e-06,0.999999
1.1505276268804423,0.007675,0.992325
1.1505276268804423,3e-06,0.999998
1.1505276268804423,4e-06,0.999996
1.1505276268804423,2.3e-05,0.999977
1.1505276268804423,1e-06,0.999999
1.1505276268804423,0.0,1.0
1.1505276268804423,0.853398,0.146603
1.1505276268804423,0.000193,0.999807
1.1505276268804423,1e-06,0.999999
1.1505276268804423,1e-06,0.999999
1.1505276268804423,0.072646,0.927354
1.1505276268804423,8e-06,0.999992
1.1505276268804423,6e-06,0.999994
1.1505276268804423,1e-06,0.999999
1.1505276268804423,0.033739,0.966261
1.1505276268804423,0.0,1.0
1.1505276268804423,1e-06,1.0
1.1505276268804423,2e-06,0.999998
1.1505276268804423,0.002535,0.997465
1.1505276268804423,0.000243,0.999757
1.1505276268804423,6e-06,0.999994
1.1505276268804423,0.000154,0.999846
1.1505276268804423,6.9e-05,0.999931
1.1505276268804423,3e-06,0.999997
1.1505276268804423,0.0,1.0
1.1505276268804423,4e-06,0.999996
1.1505276268804423,0.015756,0.984244
1.1505276268804423,6.4e-05,0.999936
1.1505276268804423,4e-06,0.999996
1.1505276268804423,0.093274,0.906726
1.1505276268804423,1e-06,0.999999
1.1505276268804423,5e-06,0.999995
1.1505276268804423,0.000134,0.999866
1.1505276268804423,0.000386,0.999614
1.1505276268804423,0.0,1.0
1.1505276268804423,1.4e-05,0.999986
1.1505276268804423,1.5e-05,0.999985
1.1505276268804423,3e-06,0.999997
1.1505276268804423,1.6e-05,0.999984
1.1505276268804423,0.3453,0.6547
1.1505276268804423,1.1e-05,0.999989
1.1505276268804423,2.1e-05,0.999979
1.1505276268804423,0.0,1.0
1.1505276268804423,0.000515,0.999485
1.1505276268804423,1.3e-05,0.999987
1.1505276268804423,6e-06,0.999994
1.1505276268804423,1.8e-05,0.999982
1.1505276268804423,0.000105,0.999895
1.1505276268804423,1e-06,0.999999
1.1505276268804423,0.000868,0.999132
1.1505276268804423,5e-06,0.999995
1.1505276268804423,0.013663,0.986338
1.1505276268804423,1e-06,0.999999
1.1505276268804423,3.3e-05,0.999967
1.1505276268804423,6e-06,0.999994
1.1505276268804423,0.001059,0.998941
1.1505276268804423,9.2e-05,0.999908
1.1505276268804423,3.1e-05,0.999969
1.1505276268804423,0.001796,0.998204
1.1505276268804423,0.006795,0.993205
1.1505276268804423,7.3e-05,0.999927
1.1505276268804423,0.000121,0.999879
1.1505276268804423,4.9e-05,0.999951
1.1505276268804423,0.007737,0.992263
1.1505276268804423,0.000233,0.999767
1.1505276268804423,0.038884,0.961116
1.1505276268804423,0.177047,0.822953
1.1505276268804423,1.7e-05,0.999983
1.1505276268804423,0.05771,0.94229
1.1505276268804423,0.001506,0.998494
1.1505276268804423,0.001944,0.998056
1.1505276268804423,0.137452,0.862547
1.1505276268804423,9.9e-05,0.999901
1.1505276268804423,0.00017,0.99983
1.1505276268804423,4.5e-05,0.999955
1.1505276268804423,2.2e-05,0.999978
1.1505276268804423,2.8e-05,0.999972
1.1505276268804423,4e-06,0.999996
1.1505276268804423,0.058213,0.941787
1.1505276268804423,0.0,1.0
1.1505276268804423,3.1e-05,0.999969
1.1505276268804423,0.000728,0.999272
1.1505276268804423,1e-06,0.999999
1.1505276268804423,3.2e-05,0.999968
1.1505276268804423,0.036233,0.963767
1.1505276268804423,0.0,1.0
1.1505276268804423,1e-06,0.999999
1.1565276268804423,2.1e-05,0.999979
1.1565276268804423,7.2e-05,0.999928
1.1565276268804423,0.004728,0.995272
1.1565276268804423,3e-06,0.999997
1.1565276268804423,0.000146,0.999854
1.1565276268804423,0.019119,0.980881
1.1565276268804423,0.0,1.0
1.1565276268804423,1.9e-05,0.999981
1.1565276268804423,0.0,1.0
1.1565276268804423,0.000394,0.999606
1.1565276268804423,0.000105,0.999895
1.1565276268804423,0.001065,0.998935
1.1565276268804423,3.7e-05,0.999963
1.1565276268804423,8e-06,0.999992
1.1565276268804423,1e-06,0.999999
1.1565276268804423,5e-06,0.999995
1.1565276268804423,0.000545,0.999455
1.1565276268804423,5e-06,0.999995
1.1565276268804423,0.000646,0.999354
1.1565276268804423,1e-06,0.999999
1.1565276268804423,0.572264,0.427736
1.1565276268804423,7e-06,0.999993
1.1565276268804423,0.0,1.0
1.1565276268804423,0.0,1.0
1.1565276268804423,0.000118,0.999882
1.1565276268804423,0.0,1.0
1.1565276268804423,8e-06,0.999992
1.1565276268804423,0.000123,0.999877
1.1565276268804423,6e-05,0.99994
1.1565276268804423,2.2e-05,0.999978
1.1565276268804423,0.000647,0.999353
1.1565276268804423,0.005303,0.994697
1.1565276268804423,0.00011,0.99989
1.1565276268804423,2e-06,0.999998
1.1565276268804423,0.011023,0.988977
1.1565276268804423,0.004085,0.995914
1.1565276268804423,0.213793,0.786207
1.1565276268804423,0.006117,0.993883
1.1565276268804423,0.023942,0.976058
1.1565276268804423,5.2e-05,0.999948
1.1565276268804423,5e-06,0.999995
1.1565276268804423,0.148151,0.851849
1.1565276268804423,0.0,1.0
1.1565276268804423,0.0,1.0
1.1565276268804423,0.000768,0.999232
1.1565276268804423,7e-06,0.999992
1.1565276268804423,0.000265,0.999735
1.1565276268804423,1.7e-05,0.999983
1.1565276268804423,0.004804,0.995196
1.1565276268804423,0.000546,0.999454
1.1565276268804423,0.000226,0.999774
1.1565276268804423,1e-06,0.999999
1.1565276268804423,3e-06,0.999997
1.1565276268804423,0.31923,0.68077
1.1565276268804423,1.3e-05,0.999986
1.1565276268804423,0.013487,0.986513
1.1565276268804423,0.00253,0.99747
1.1565276268804423,0.002087,0.997913
1.1565276268804423,0.0,1.0
1.1565276268804423,3.6e-05,0.999964
1.1565276268804423,0.234059,0.765941
1.1565276268804423,0.003454,0.996546
1.1565276268804423,0.0,1.0
1.1565276268804423,1e-06,0.999999
1.1565276268804423,0.000412,0.999588
1.1565276268804423,3e-06,0.999997
1.1565276268804423,0.0,1.0
1.1565276268804423,0.664904,0.335096
1.1565276268804423,0.00277,0.99723
1.1565276268804423,5.6e-05,0.999944
1.1565276268804423,0.004923,0.995077
1.1565276268804423,0.002242,0.997758
1.1565276268804423,0.000251,0.999749
1.1565276268804423,0.0,1.0
1.1565276268804423,5e-06,0.999995
1.1565276268804423,2e-06,0.999998
1.1565276268804423,2.6e-05,0.999974
1.1565276268804423,0.000268,0.999732
1.1565276268804423,0.0,1.0
1.1565276268804423,0.861049,0.138951
1.1565276268804423,9e-06,0.999991
1.1565276268804423,0.0,1.0
1.1565276268804423,1.5e-05,0.999985
1.1565276268804423,2e-06,0.999998
1.1565276268804423,0.0,1.0
1.1565276268804423,0.000338,0.999662
1.1565276268804423,0.460582,0.539418
1.1565276268804423,0.0,1.0
1.1565276268804423,0.000467,0.999533
1.1565276268804423,2e-06,0.999998
1.1565276268804423,0.00312,0.99688
1.1565276268804423,0.001294,0.998706
1.1565276268804423,0.973327,0.026673
1.1565276268804423,0.159741,0.840259
1.1565276268804423,0.071774,0.928226
1.1565276268804423,2e-06,0.999998
1.1565276268804423,0.0,1.0
1.1565276268804423,2e-06,0.999998
1.1565276268804423,2e-06,0.999998
1.1565276268804423,0.0,1.0
1.1625276268804423,0.283131,0.716869
1.1625276268804423,0.001216,0.998784
1.1625276268804423,5e-06,0.999996
1.1625276268804423,0.001689,0.998311
1.1625276268804423,1.6e-05,0.999984
1.1625276268804423,0.004216,0.995784
1.1625276268804423,0.002322,0.997678
1.1625276268804423,0.015158,0.984842
1.1625276268804423,1e-06,0.999999
1.1625276268804423,0.04365,0.95635
1.1625276268804423,0.058262,0.941738
1.1625276268804423,0.000295,0.999705
1.1625276268804423,0.000202,0.999798
1.1625276268804423,0.165191,0.834809
1.1625276268804423,0.027866,0.972134
1.1625276268804423,2e-06,0.999998
1.1625276268804423,3e-06,0.999997
1.1625276268804423,0.0,1.0
1.1625276268804423,1e-06,0.999999
1.1625276268804423,2e-06,0.999998
1.1625276268804423,5e-06,0.999996
1.1625276268804423,1.7e-05,0.999983
1.1625276268804423,1e-06,0.999999
1.1625276268804423,0.014258,0.985742
1.1625276268804423,1e-05,0.99999
1.1625276268804423,0.019835,0.980164
1.1625276268804423,4e-06,0.999996
1.1625276268804423,0.0,1.0
1.1625276268804423,0.000377,0.999623
1.1625276268804423,1e-05,0.99999
1.1625276268804423,0.000218,0.999782
1.1625276268804423,4e-06,0.999996
1.1625276268804423,4.6e-05,0.999954
1.1625276268804423,0.017038,0.982962
1.1625276268804423,8e-06,0.999992
1.1625276268804423,1.9e-05,0.999981
1.1625276268804423,0.000598,0.999402
1.1625276268804423,0.008045,0.991955
1.1625276268804423,8e-06,0.999992
1.1625276268804423,0.00372,0.99628
1.1625276268804423,3e-06,0.999997
1.1625276268804423,0.001843,0.998157
1.1625276268804423,0.000513,0.999487
1.1625276268804423,1.9e-05,0.999981
1.1625276268804423,9e-06,0.999991
1.1625276268804423,0.03438,0.96562
1.1625276268804423,1e-05,0.99999
1.1625276268804423,0.000582,0.999418
1.1625276268804423,1.7e-05,0.999983
1.1625276268804423,4e-06,0.999996
1.1625276268804423,5e-06,0.999994
1.1625276268804423,0.0,1.0
1.1625276268804423,0.0003,0.9997
1.1625276268804423,3e-06,0.999997
1.1625276268804423,3.3e-05,0.999967
1.1625276268804423,8.2e-05,0.999918
1.1625276268804423,0.040446,0.959554
1.1625276268804423,7e-06,0.999993
1.1625276268804423,0.001163,0.998837
1.1625276268804423,0.000115,0.999885
1.1625276268804423,1e-06,0.999999
1.1625276268804423,0.000161,0.999839
1.1625276268804423,0.0,1.0
1.1625276268804423,0.001752,0.998248
1.1625276268804423,1e-06,0.999999
1.1625276268804423,0.017073,0.982927
1.1625276268804423,0.000144,0.999856
1.1625276268804423,0.0,1.0
1.1625276268804423,3e-06,0.999997
1.1625276268804423,0.000936,0.999064
1.1625276268804423,0.0,1.0
1.1625276268804423,1.6e-05,0.999984
1.1625276268804423,0.0,1.0
1.1625276268804423,0.00208,0.99792
1.1625276268804423,0.000363,0.999637
1.1625276268804423,3.2e-05,0.999968
1.1625276268804423,1.7e-05,0.999983
1.1625276268804423,0.013216,0.986784
1.1625276268804423,6e-05,0.99994
1.1625276268804423,0.000194,0.999806
1.1625276268804423,0.0,1.0
1.1625276268804423,0.0,1.0
1.1625276268804423,0.0,1.0
1.1625276268804423,0.0,1.0
1.1625276268804423,2e-06,0.999998
1.1625276268804423,0.060024,0.939976
1.1625276268804423,0.000103,0.999897
1.1625276268804423,1e-06,0.999999
1.1625276268804423,7.3e-05,0.999927
1.1625276268804423,0.000328,0.999672
1.1625276268804423,0.0063,0.9937
1.1625276268804423,0.0,1.0
1.1625276268804423,8.4e-05,0.999916
1.1625276268804423,0.0,1.0
1.1625276268804423,1.2e-05,0.999988
1.1625276268804423,0.0,1.0
1.1625276268804423,2.6e-05,0.999974
1.1625276268804423,0.006927,0.993073
1.1625276268804423,0.000411,0.999589
1.1625276268804423,5e-06,0.999995
1.1685276268804423,0.0,1.0
1.1685276268804423,0.000283,0.999717
1.1685276268804423,2.1e-05,0.999979
1.1685276268804423,0.0,1.0
1.1685276268804423,1e-06,0.999999
1.1685276268804423,1e-06,0.999999
1.1685276268804423,9e-06,0.999991
1.1685276268804423,1e-06,0.999999
1.1685276268804423,1e-05,0.99999
1.1685276268804423,0.0,1.0
1.1685276268804423,2e-06,0.999998
1.1685276268804423,0.0,1.0
1.1685276268804423,0.047896,0.952104
1.1685276268804423,2.3e-05,0.999977
1.1685276268804423,0.0,1.0
1.1685276268804423,8e-06,0.999992
1.1685276268804423,0.026378,0.973622
1.1685276268804423,0.203292,0.796708
1.1685276268804423,0.000781,0.999219
1.1685276268804423,2e-06,0.999998
1.1685276268804423,0.002046,0.997954
1.1685276268804423,0.000185,0.999815
1.1685276268804423,1.6e-05,0.999984
1.1685276268804423,0.000398,0.999602
1.1685276268804423,0.14195,0.85805
1.1685276268804423,0.0,1.0
1.1685276268804423,0.00023,0.99977
1.1685276268804423,3e-06,0.999997
1.1685276268804423,6e-06,0.999994
1.1685276268804423,1e-06,0.999999
1.1685276268804423,0.0,1.0
1.1685276268804423,2e-05,0.99998
1.1685276268804423,3.5e-05,0.999965
1.1685276268804423,2.2e-05,0.999978
1.1685276268804423,0.002632,0.997368
1.1685276268804423,0.000323,0.999677
1.1685276268804423,0.019103,0.980897
1.1685276268804423,0.000128,0.999872
1.1685276268804423,2e-06,0.999998
1.1685276268804423,0.0,1.0
1.1685276268804423,7.7e-05,0.999923
1.1685276268804423,3.4e-05,0.999966
1.1685276268804423,0.0,1.0
1.1685276268804423,0.0,1.0
1.1685276268804423,0.000269,0.999731
1.1685276268804423,0.003934,0.996066
1.1685276268804423,0.0,1.0
1.1685276268804423,0.000582,0.999418
1.1685276268804423,0.032466,0.967534
1.1685276268804423,0.000102,0.999898
1.1685276268804423,0.003653,0.996347
1.1685276268804423,0.0,1.0
1.1685276268804423,8e-06,0.999992
1.1685276268804423,6e-06,0.999994
1.1685276268804423,2e-05,0.99998
1.1685276268804423,0.000702,0.999298
1.1685276268804423,4.4e-05,0.999956
1.1685276268804423,2.1e-05,0.999979
1.1685276268804423,5.8e-05,0.999942
1.1685276268804423,3e-06,0.999997
1.1685276268804423,2e-05,0.99998
1.1685276268804423,9e-06,0.99999
1.1685276268804423,1e-06,0.999999
1.1685276268804423,0.00024,0.99976
1.1685276268804423,2e-06,0.999998
1.1685276268804423,1e-06,0.999999
1.1685276268804423,6.3e-05,0.999937
1.1685276268804423,1e-06,0.999999
1.1685276268804423,7.2e-05,0.999928
1.1685276268804423,2.2e-05,0.999978
1.1685276268804423,2e-06,0.999998
1.1685276268804423,0.000347,0.999653
1.1685276268804423,6e-05,0.99994
1.1685276268804423,1e-06,0.999999
1.1685276268804423,0.0,1.0
1.1685276268804423,0.155604,0.844396
1.1685276268804423,0.047759,0.952241
1.1685276268804423,0.007622,0.992378
1.1685276268804423,0.000192,0.999808
1.1685276268804423,0.0,1.0
1.1685276268804423,0.078819,0.921181
1.1685276268804423,0.000415,0.999585
1.1685276268804423,5.2e-05,0.999948
1.1685276268804423,0.000702,0.999298
1.1685276268804423,0.0,1.0
1.1685276268804423,6e-06,0.999994
1.1685276268804423,0.035501,0.964499
1.1685276268804423,0.0,1.0
1.1685276268804423,5e-06,0.999995
1.1685276268804423,0.000123,0.999877
1.1685276268804423,0.0,1.0
1.1685276268804423,0.00054,0.99946
1.1685276268804423,0.0,1.0
1.1685276268804423,0.000713,0.999287
1.1685276268804423,3e-06,0.999997
1.1685276268804423,2e-06,0.999998
1.1685276268804423,0.000711,0.999289
1.1685276268804423,0.011344,0.988656
1.1685276268804423,0.001527,0.998473
1.1685276268804423,0.000487,0.999513
